Rank;DokumentType;Titel;PopulærTitel;Ressort;AdministrerendeMyndighed;JournalNummer;Nummer;År;DokumentId;ACCN;Publiceringsmedie;UndtagetFraOffentliggørelse;GeografiskDækning;UnderskriftDato;PubliceretTidspunkt;SidstPubliceretTidspunkt;BekendtgørelsesDato;HistoriskDato;Historisk;RedaktionelNote;OmtryksNote;AlternativeMedierNote;AnfoerINote;HjemmelVedroerer;SenereAendringer;ÆndrerI;Tiltræder;EliUrl
A;Lov;Lov om Hav-, Fiskeri- og Akvakulturfonden;;Ministeriet for Fødevarer, Landbrug og Fiskeri;Fiskeristyrelsen;Ministeriet for Fødevarer, Landbrug og Fiskeri, j.nr. 2021-1999;2584;2021;DC000470;A20210258430;Lovtidende A;;Fremgår af forskriften;20211228;20211229;20211229;20211229;;FALSE;;;;;;;;;https://www.retsinformation.dk/eli/lta/2021/2584
B;Bekendtgørelse;Bekendtgørelse om fiskeri i Københavns Havn;;Ministeriet for Fødevarer, Landbrug og Fiskeri;Fødevarestyrelsen;Ministeriet for Fødevarer, Landbrug og Fiskeri,\nFødevarestyrelsen, j.nr. 2021-29-31-00339;924;2022;DC000610;B20220092405;Lovtidende A;;Fremgår af forskriften;20220620;20220622;20220622;20220622;;FALSE;;;;;A20220000829;;;;https://www.retsinformation.dk/eli/lta/2022/924
B;Bekendtgørelse;Bekendtgørelse om fiskeri og fredningsbælter omkring Sjælland;Sjællandsbekendtgørelsen;Ministeriet for Fødevarer, Landbrug og Fiskeri;Ministeriet for Fødevarer, Landbrug og Fiskeri;Ministeriet for Fødevarer, Landbrug og Fiskeri, j.nr. 2021-1936;1413;2021;DC000274;B20210141305;Lovtidende A;;Fremgår af forskriften;20210623;20210629;20210629;20210629;;FALSE;;;;;A20190026129;;;;https://www.retsinformation.dk/eli/lta/2021/1413
B;Bekendtgørelse;Bekendtgørelse om fiskeri og fredningsbælter i Nissum Fjord;;Ministeriet for Fødevarer, Landbrug og Fiskeri;Ministeriet for Fødevarer, Landbrug og Fiskeri;Ministeriet for Fødevarer, Landbrug og Fiskeri, j.nr. 2021-2151;1311;2021;DC000256;B20210131105;Lovtidende A;;Fremgår af forskriften;20210614;20210619;20210619;20210619;;FALSE;;;;;A20190026129;;;;https://www.retsinformation.dk/eli/lta/2021/1311
A;Lovbekendtgørelse;Bekendtgørelse af lov om fiskeri og fiskeopdræt (fiskeriloven);Fiskeriloven;Ministeriet for Fødevarer, Landbrug og Fiskeri;;Udenrigsmin., j.nr. 2018-46737;261;2019;AS001864;A20190026129;Lovtidende A;;Fremgår af forskriften;20190321;20190323;20190323;20190323;;FALSE;;;;;;LOV nr 558 af 07/05/2019,LOV nr 559 af 07/05/2019,LOV nr 126 af 30/01/2021,LOV nr 844 af 10/05/2021;;;https://www.retsinformation.dk/eli/lta/2019/261
B;Bekendtgørelse;Bekendtgørelse om regulering af fiskeri efter muslinger og østers;Muslinge- og østersbekendtgørelsen;Ministeriet for Fødevarer, Landbrug og Fiskeri;Ministeriet for Fødevarer, Landbrug og Fiskeri;Ministeriet for Fødevarer, Landbrug og Fiskeri, j.nr. 2021-7171;2298;2021;DC000385;B20210229805;Lovtidende A;;Fremgår af forskriften;20211203;20211208;20211208;20211208;;FALSE;;;;;A20190026129;;;;https://www.retsinformation.dk/eli/lta/2021/2298
B;Bekendtgørelse;Bekendtgørelse om tilskud til fiskeri, natur og miljø;;Ministeriet for Fødevarer, Landbrug og Fiskeri;;Ministeriet for Fødevarer, Landbrug og Fiskeri,\n Fiskeristyrelsen, j.nr. 21-2501-000001;254;2022;DC000514;B20220025405;Lovtidende A;;Fremgår af forskriften;20220224;20220226;20220226;20220226;;FALSE;;;;;A20170001929;;;;https://www.retsinformation.dk/eli/lta/2022/254
B;Bekendtgørelse;Bekendtgørelse om tilskud til dataindsamling for fiskeri- og akvakultursektoren;;Ministeriet for Fødevarer, Landbrug og Fiskeri;;Ministeriet for Fødevarer, Landbrug og Fiskeri,\nFiskeristyrelsen, j.nr. 21-25080-000001 ;1855;2021;DC000330;B20210185505;Lovtidende A;;Fremgår af forskriften;20210922;20210928;20220413;20210928;;FALSE;;;;;A20220904516;;;;https://www.retsinformation.dk/eli/lta/2021/1855
B;Bekendtgørelse;Bekendtgørelse om fartøjer, der anvendes til erhvervsmæssigt fiskeri i saltvand;Kapacitetsbekendtgørelsen;Ministeriet for Fødevarer, Landbrug og Fiskeri;Ministeriet for Fødevarer, Landbrug og Fiskeri;Ministeriet for Fødevarer, Landbrug og Fiskeri, j.nr. 2020-907;1302;2021;DC000263;B20210130205;Lovtidende A;;Fremgår af forskriften;20210615;20210618;20210618;20210618;;FALSE;;;;;A20190026129;;;;https://www.retsinformation.dk/eli/lta/2021/1302
B;Bekendtgørelse;Bekendtgørelse om tilskud til fælles indsatser fiskeri;;Ministeriet for Fødevarer, Landbrug og Fiskeri;Fiskeristyrelsen;Miljø- og Fødevaremin.,\nFiskeristyrelsen, j.nr. 19-25074-000010;784;2019;CK002119;B20190078405;Lovtidende A;;Fremgår af forskriften;20190808;20190809;20190809;20190809;;FALSE;;;;;A20170001929;;;;https://www.retsinformation.dk/eli/lta/2019/784
B;Bekendtgørelse;Bekendtgørelse om erhvervsmæssigt fiskeri efter hesterejer og rejekonge;Hesterejebekendtgørelsen;Ministeriet for Fødevarer, Landbrug og Fiskeri;NaturErhvervstyrelsen;Miljø- og Fødevaremin., \n NaturErhvervstyrelsen, j.nr. 16-7131-000011;1474;2016;CK001056;B20160147405;Lovtidende A;;Fremgår af forskriften;20161201;20161207;20161207;20161207;;FALSE;;;;;A20190026129;;;;https://www.retsinformation.dk/eli/lta/2016/1474
B;Bekendtgørelse;Bekendtgørelse om forbud mod fiskeri vest for Livø;Livøbekendtgørelsen;Ministeriet for Fødevarer, Landbrug og Fiskeri;;Udenrigsmin., j.nr. 2018-16267;786;2018;AS001784;B20180078605;Lovtidende A;;Fremgår af forskriften;20180608;20180619;20180619;20180619;;FALSE;;;;;A20190026129;;;;https://www.retsinformation.dk/eli/lta/2018/786
B;Bekendtgørelse;Bekendtgørelse om fiskeri og fredningsbælter i Nybøl Nor;Nybøl Nor;Ministeriet for Fødevarer, Landbrug og Fiskeri;NaturErhvervstyrelsen;Miljø- og Fødevaremin.,\n NaturErhvervstyrelsen, j.nr. 15-7440-000005;1258;2016;CK000966;B20160125805;Lovtidende A;;Fremgår af forskriften;20161025;20161029;20161215;20161029;;FALSE;;;;;A20190026129;;;;https://www.retsinformation.dk/eli/lta/2016/1258
B;Bekendtgørelse;Bekendtgørelse om fiskeri og fredningsbælter omkring Lolland, Falster og Møn;;Ministeriet for Fødevarer, Landbrug og Fiskeri;Ministeriet for Fødevarer, Landbrug og Fiskeri;Ministeriet for Fødevarer, Landbrug og Fiskeri, j.nr. 2021-2608;1224;2021;DC000238;B20210122405;Lovtidende A;;Fremgår af forskriften;20210607;20210611;20210611;20210611;;FALSE;;;;;A20190026129;;;;https://www.retsinformation.dk/eli/lta/2021/1224
B;Bekendtgørelse;Bekendtgørelse om visse bestemmelser for fiskeri i Skive-Karup Å;;Ministeriet for Fødevarer, Landbrug og Fiskeri;NaturErhvervstyrelsen;Miljø- og Fødevaremin., \n NaturErhvervstyrelsen, j.nr. 16-7132-000001;487;2016;CK000680;B20160048705;Lovtidende A;;Fremgår af forskriften;20160526;20160531;20160531;20160531;;FALSE;;;;;A20190026129;;;;https://www.retsinformation.dk/eli/lta/2016/487
B;Bekendtgørelse;Bekendtgørelse om de minimis-støtte til kompensation for erhvervsmæssigt fiskeri efter ål;;Ministeriet for Fødevarer, Landbrug og Fiskeri;Fiskeristyrelsen;Udenrigsmin.,\nFiskeristyrelsen, j.nr. 18-1224-000004;321;2019;AS001868;B20190032105;Lovtidende A;;Fremgår af forskriften;20190329;20190330;20220413;20190330;;FALSE;;;;;A20220904516;;;;https://www.retsinformation.dk/eli/lta/2019/321
B;Bekendtgørelse;Bekendtgørelse om tilskud til producentorganisationers produktions- og afsætningsplaner inden for fiskeri- og akvakultursektoren;;Ministeriet for Fødevarer, Landbrug og Fiskeri;Fiskeristyrelsen;Ministeriet for Fødevarer, Landbrug og Fiskeri, \n Fiskeristyrelsen, j.nr. 22-20-000017;1225;2022;DC000697;B20220122505;Lovtidende A;;Fremgår af forskriften;20220831;20220901;20220901;20220901;;FALSE;;;;;A20210258430;;;;https://www.retsinformation.dk/eli/lta/2022/1225
B;Bekendtgørelse;Bekendtgørelse om tilladelse til fiskeri efter muslinger, østers samt kombinationer heraf, herunder om overdragelige fartøjstilladelsesandele;FTA bekendtgørelsen;Ministeriet for Fødevarer, Landbrug og Fiskeri;Ministeriet for Fødevarer, Landbrug og Fiskeri;Ministeriet for Fødevarer, Landbrug og Fiskeri, j.nr. 2021 - 7171;2287;2021;DC000400;B20210228705;Lovtidende A;;Fremgår af forskriften;20211203;20211207;20211207;20211207;;FALSE;;;;;A20190026129;;;;https://www.retsinformation.dk/eli/lta/2021/2287
B;Bekendtgørelse;Bekendtgørelse om betingelserne for erhvervsmæssigt fiskeri af ål i saltvand og ferskvand;;Ministeriet for Fødevarer, Landbrug og Fiskeri;;Miljø- og Fødevaremin.,\nNaturErvhervstyrelsen, j.nr. 15-7400-000065;1551;2015;CK000394;B20150155105;Lovtidende A;;Fremgår af forskriften;20151211;20151215;20151215;20151215;;FALSE;;;;;A20190026129;;;;https://www.retsinformation.dk/eli/lta/2015/1551
B;Bekendtgørelse;Bekendtgørelse om rekreativt fiskeri i salt- og ferskvand samt redskabsfiskeri mv. i ferskvand;;Ministeriet for Fødevarer, Landbrug og Fiskeri;;Miljø- og Fødevaremin.,\nNaturErhvervstyrelsen, j.nr. 15-7440-000030;1615;2015;CK000392;B20150161505;Lovtidende A;;Fremgår af forskriften;20151211;20151217;20151217;20151217;;FALSE;;;;;A20190026129;;;;https://www.retsinformation.dk/eli/lta/2015/1615
B;Bekendtgørelse;Bekendtgørelse om fiskeri og fredningsbælter i Ringkøbing Fjord, Stadil Fjord og Von Å;;Ministeriet for Fødevarer, Landbrug og Fiskeri;NaturErhvervstyrelsen;Fødevaremin.,\nNaturErhvervstyrelsen, j.nr. 13-7400-000049;1482;2013;AH005073;B20130148205;Lovtidende A;;Fremgår af forskriften;20131213;20131218;20131218;20131218;;FALSE;;;;;A20190026129;;;;https://www.retsinformation.dk/eli/lta/2013/1482
B;Bekendtgørelse;Bekendtgørelse om særlige regler for fiskeri i Horsens Nørrestrand og Stensballesund;;Ministeriet for Fødevarer, Landbrug og Fiskeri;Fiskeridirektoratet;Fødevaremin.,\nFiskeridirektoratet, j.nr. 2009-04579;898;2009;AH003443;B20090089805;Lovtidende A;;Fremgår af forskriften;20090925;20090926;20090929;20090926;;FALSE;;;;;A20190026129;;;;https://www.retsinformation.dk/eli/lta/2009/898
B;Bekendtgørelse;Bekendtgørelse om adgang til fiskeri i danske farvande indtil 12 sømil fra basislinjen;;Ministeriet for Fødevarer, Landbrug og Fiskeri;NaturErhvervstyrelsen;Fødevaremin.,\nNaturErhvervstyrelsen, j.nr. 15-7430-000001;205;2015;AH005519;B20150020505;Lovtidende A;;Fremgår af forskriften;20150225;20150228;20150228;20150228;;FALSE;;;;;A20190026129;;;;https://www.retsinformation.dk/eli/lta/2015/205
B;Bekendtgørelse;Bekendtgørelse om fiskeri i Lønnerup Fjord;;Ministeriet for Fødevarer, Landbrug og Fiskeri;Landbrugs- og Fiskeriministeriet;Landbrugs- og Fiskeriministeriet, 3. afd., 4. kt., j.nr. 95-210-66;854;1996;CM041925;B19960085405;Lovtidende A;;Fremgår af forskriften;19960925;19970925;20070102;19961004;;FALSE;;;;;A20190026129;;;;https://www.retsinformation.dk/eli/lta/1996/854
B;Bekendtgørelse;Bekendtgørelse om særlige regler for fiskeri og fredning af ørred for Bornholm og Christiansø (Ertholmene);;Ministeriet for Fødevarer, Landbrug og Fiskeri;;Miljø- og Fødevaremin.,\nNaturErhvervstyrelsen, j.nr. 14-7440-000025;1406;2015;CK000288;B20150140605;Lovtidende A;;Fremgår af forskriften;20151203;20151204;20151204;20151204;;FALSE;;;;;A20190026129;;;;https://www.retsinformation.dk/eli/lta/2015/1406
B;Bekendtgørelse;Bekendtgørelse om forbud mod visse former for fiskeri i nærmere afgrænsede områder i Kattegat og nordlige del af Øresund;;Ministeriet for Fødevarer, Landbrug og Fiskeri;Miljø- og Fødevareministeriet;Miljø- og Fødevaremin., j.nr. 2019-22064;979;2020;CK002529;B20200097905;Lovtidende A;;Fremgår af forskriften;20200621;20200627;20200627;20200627;;FALSE;;;;;A20190026129;;;;https://www.retsinformation.dk/eli/lta/2020/979
B;Bekendtgørelse;Bekendtgørelse om regulering af erhvervsmæssigt fiskeri af anden fladfisk end rødspætte fra dansk indregistrerede fiskerfartøjer i tysk farvand i Østersøen;;Ministeriet for Fødevarer, Landbrug og Fiskeri;Ministeriet for Fødevarer, Landbrug og Fiskeri;Ministeriet for Fødevarer, Landbrug og Fiskeri, j.nr. 2021-7106;2113;2021;DC000374;B20210211305;Lovtidende A;;Fremgår af forskriften;20211125;20211126;20211126;20211126;;FALSE;;;;;A20190026129;;;;https://www.retsinformation.dk/eli/lta/2021/2113
B;Bekendtgørelse;Bekendtgørelse om afstandsregler under fiskeri med håndredskaber i Lillebælt;;Ministeriet for Fødevarer, Landbrug og Fiskeri;Fiskeridirektoratet;Fødevaremin.,\nFiskeridir., j.nr. 2003-250-44;791;2003;AH001588;B20030079105;Lovtidende A;;Fremgår af forskriften;20030915;20030923;20070102;20030923;;FALSE;;;;;A20190026129;;;;https://www.retsinformation.dk/eli/lta/2003/791
B;Bekendtgørelse;Bekendtgørelse om forbud mod fiskeri m.v. ved Harboøre Tange;Harboøre Tange;Ministeriet for Fødevarer, Landbrug og Fiskeri;Fødevaredirektoratet;Fødevaremin.\nFødevaredir., j. nr. FA 3101-383/01;245;2001;AH000882;B20010024505;Lovtidende A;;Fremgår af forskriften;20010406;20010407;20061211;20010407;;FALSE;;;;;A20220000829;;;;https://www.retsinformation.dk/eli/lta/2001/245
B;Bekendtgørelse;Bekendtgørelse om fiskeri og fredningsbælter i Rands Fjord;;Ministeriet for Fødevarer, Landbrug og Fiskeri;Landbrugs- og Fiskeriministeriet;Landbrugs- og Fiskerimin., 3. afd., 4. kt., j.nr. 96-210-56;980;1996;CM042393;B19960098005;Lovtidende A;;Fremgår af forskriften;19961120;19970925;20021119;19961203;;FALSE;Lovtidende A, hæfte nr. 173, er omtrykt den 11.12.1996 på grund af en håndteringsfejl, der alene havde betydning for den trykte udgave af bekendtgørelsen.;;;;A19920033030;;;;https://www.retsinformation.dk/eli/lta/1996/980
B;Bekendtgørelse;Bekendtgørelse om fiskeri i en del af Lindenborg Å;;Ministeriet for Fødevarer, Landbrug og Fiskeri;;Fødevaremin., 3. afd., 4. kt., j.nr. 97-1180-24;83;1998;CM046578;B19980008305;Lovtidende A;;Fremgår af forskriften;19980206;19980315;20040809;19980217;;FALSE;;;;;A20020036930;;;;https://www.retsinformation.dk/eli/lta/1998/83
B;Bekendtgørelse;Bekendtgørelse om forbud mod fiskeri i et område ved Nexø havn;;Ministeriet for Fødevarer, Landbrug og Fiskeri;Fiskeridirektoratet;Fødevaremin.,\nFiskeridir., j.nr. 2003-247-44;312;2003;AH001518;B20030031205;Lovtidende A;;Fremgår af forskriften;20030429;20030509;20070102;20030509;;FALSE;;;;;A20190026129;;;;https://www.retsinformation.dk/eli/lta/2003/312
B;Bekendtgørelse;Bekendtgørelse om ophævelse af bekendtgørelse om midlertidigt stop for fiskeri i Mariager Fjord;;Ministeriet for Fødevarer, Landbrug og Fiskeri;Fiskeridirektoratet;Fødevaremini., \nFiskeridirektoratet., j.nr. 2006-04381;1077;2006;AH002423;B20060107705;Lovtidende A;;Fremgår af forskriften;20061109;20061110;20061110;20061110;;FALSE;;;;;;;;;https://www.retsinformation.dk/eli/lta/2006/1077
B;Bekendtgørelse;Bekendtgørelse om forbud mod erhvervsmæssigt og rekreativt fiskeri af ål i saltvand fra og med den 1. november 2022 til og med den 31. januar 2023;;Ministeriet for Fødevarer, Landbrug og Fiskeri;;Ministeriet for Fødevarer, Landbrug og Fiskeri, j.nr. 2022-148;844;2022;DC000596;B20220084405;Lovtidende A;;Fremgår af forskriften;20220613;20220616;20220616;20220616;;FALSE;;;;;A20190026129;;;;https://www.retsinformation.dk/eli/lta/2022/844
B;Bekendtgørelse;Bekendtgørelse om ophævelse af bekendtgørelse om tilskud til fælles initiativer inden for fiskeri- og akvakultursektoren;;Ministeriet for Fødevarer, Landbrug og Fiskeri;FødevareErhverv;Fødevaremin.,\nFødevareErhverv, j.nr. 3742-08-6;1037;2009;AH003491;B20090103705;Lovtidende A;;Fremgår af forskriften;20091104;20091106;20091106;20091106;;FALSE;;;;;A20170001929;;;;https://www.retsinformation.dk/eli/lta/2009/1037
B;Bekendtgørelse;Bekendtgørelse om forbud mod sejlads, ankring og fiskeri mv. i visse områder i danske farvande;;Erhvervsministeriet;Søfartsstyrelsen;Økonomi- og Erhvervsmin.,\nSøfartsstyrelsen, sag nr. 199952478;135;2005;AU002064;B20050013505;Lovtidende A;;Fremgår af forskriften;20050304;20050315;20070719;20050315;;FALSE;;;;;A20220022129;BEK nr 480 af 01/06/2006,BEK nr 274 af 03/04/2009,BEK nr 1439 af 14/12/2010;;;https://www.retsinformation.dk/eli/lta/2005/135
B;Bekendtgørelse;Bekendtgørelse om forhåndsanmeldelse i henhold til EU-ordning, der skal forebygge, afværge og standse ulovligt, urapporteret og ureguleret fiskeri (IUU);;Ministeriet for Fødevarer, Landbrug og Fiskeri;Fødevarestyrelsen;Fødevaremin.,\nFødevarestyrelsen, j.nr. 2013-30-2301-01367;1159;2013;AH005023;B20130115905;Lovtidende A;;Fremgår af forskriften;20131004;20131008;20131008;20131008;;FALSE;;;;;A20190026129;;;;https://www.retsinformation.dk/eli/lta/2013/1159
B;Bekendtgørelse;Bekendtgørelse om fiskeri efter samt landing af blåmuslinger fra Vadehavet;;Ministeriet for Fødevarer, Landbrug og Fiskeri;;89-1500-116;656;1990;CM037176;B19900065605;Lovtidende A;;Fremgår af forskriften;19900919;19970925;20070102;19900928;;FALSE;;;;;A20190026129;BEK nr 294 af 24/04/1992,BEK nr 661 af 27/07/1992,BEK nr 687 af 05/08/1992,BEK nr 532 af 13/06/1996;;;https://www.retsinformation.dk/eli/lta/1990/656
B;Bekendtgørelse;Bekendtgørelse om ophævelse af visse bekendtgørelser på fødevareområdet under Ministeriet for Fødevarer, Landbrug og Fiskeri;;Ministeriet for Fødevarer, Landbrug og Fiskeri;Fødevaredirektoratet;Fødevaremin.\nFødevaredir., j.nr. 04kt 10-716-0/99;1178;1999;AH000500;B19990117805;Lovtidende A;;Fremgår af forskriften;19991222;20000114;20000114;20000114;;FALSE;;;;;;;;;https://www.retsinformation.dk/eli/lta/1999/1178
B;Bekendtgørelse;Bekendtgørelse om deltagelse i fiskeri uden for dansk fiskeriterritorium og uden for EF's fiskeriaftaler;;Ministeriet for Fødevarer, Landbrug og Fiskeri;;Landbrugs- og fiskerimin., j.nr. 94-210-32;10;1995;CM036008;B19950001005;Lovtidende A;;Fremgår af forskriften;19950104;19970925;20070102;19950120;;FALSE;;;;;A20190026129,A20220000829;;;;https://www.retsinformation.dk/eli/lta/1995/10
B;Bekendtgørelse;Bekendtgørelse om regulering af fiskeri efter torsk ved Svalbard;;Ministeriet for Fødevarer, Landbrug og Fiskeri;;Fiskerimin. III j.nr. 87-1500-80;261;1987;CM036493;B19870026105;Lovtidende A;;Fremgår af forskriften;19870512;19970925;19970925;19870519;;FALSE;;;;;;;;;https://www.retsinformation.dk/eli/lta/1987/261
B;Bekendtgørelse;Bekendtgørelse om ophævelse af visse forskrifter på fødevareområdet under Ministeriet for Fødevarer, Landbrug og Fiskeri;;Ministeriet for Fødevarer, Landbrug og Fiskeri;Fødevaredirektoratet;Fødevaremin.,\nFødevaredir., j.nr. 521.1011-0059;751;2000;AH000683;B20000075105;Lovtidende A;;Fremgår af forskriften;20000809;20000818;20061211;20000818;;FALSE;;;;;A20220000829;;;;https://www.retsinformation.dk/eli/lta/2000/751
B;Bekendtgørelse;Bekendtgørelse om ophævelse af visse bekendtgørelser på fødevare- og veterinærområdet under Ministeriet for Fødevarer, Landbrug og Fiskeri;;Ministeriet for Fødevarer, Landbrug og Fiskeri;Fødevaredirektoratet;Fødevaremin.,\nFødevaredir., j.nr. FA 3101-658/02;282;2002;AH001186;B20020028205;Lovtidende A;;Fremgår af forskriften;20020508;20020517;20020517;20020517;;FALSE;;;;;;;;;https://www.retsinformation.dk/eli/lta/2002/282
B;Bekendtgørelse;Bekendtgørelse om ophævelse af dele af lov om støtte til jordbrugets strukturudvikling og til økologisk produktion inden for jordbrug og fiskeri m.v.;;Ministeriet for Fødevarer, Landbrug og Fiskeri;;Fødevaremin., 2. afd., 2. kt., j.nr. 1999-2120/s0-0005;950;2001;AH001008;B20010095005;Lovtidende A;;Fremgår af forskriften;20011031;20011109;20151230;20011109;;FALSE;;;;;A20170003429;;;;https://www.retsinformation.dk/eli/lta/2001/950
L;Bekendtgørelse (international);Bekendtgørelse af aftale af 3. oktober 2018 om forebyggelse af ureguleret fiskeri på åbent hav i det centrale Nordlige Ishav;;Udenrigsministeriet;;Udenrigsmin., j.nr. 2021-6934;10;2021;AS002015;L20210001064;Lovtidende C;;Fremgår af forskriften;20210816;20210818;20210818;20210818;;FALSE;;;;;;;;;https://www.retsinformation.dk/eli/ltc/2021/10
B;Bekendtgørelse;Bekendtgørelse om drift af lokale aktionsgrupper under fiskeriudviklingsprogrammet for perioden 2007-2013 samt om delegation af visse af ministeren for by, bolig og landdistrikters beføjelser efter lov om udvikling af fiskeri- og akvakultursektoren;;Erhvervsministeriet;;Ministeriet for By, Bolig og Landdistrikter, j.nr. 2012-74;306;2012;BV000024;B20120030605;Lovtidende A;;Fremgår af forskriften;20120329;20120331;20120331;20120331;;FALSE;;;;;A20170001929;BEK nr 1183 af 09/10/2013;;;https://www.retsinformation.dk/eli/lta/2012/306
B;Bekendtgørelse;Bekendtgørelse om forbud mod fiskeri med slæbende redskaber på Århus Bugt.;;Ministeriet for Fødevarer, Landbrug og Fiskeri;;Ingen;413;1975;CM036755;B19750041305;Lovtidende A;;Fremgår af forskriften;19750819;19970925;20070102;19750830;;FALSE;;;;;A20190026129;;;;https://www.retsinformation.dk/eli/lta/1975/413
B;Bekendtgørelse;Bekendtgørelse om ophævelse af lov om tilskud til produktudvikling af jordbrugs- og fiskeriprodukter samt forsøgsfiskeri m.m. og dele af lov om støtte til jordbrugets strukturudvikling og til økologisk produktion inden for jordbrug og fiskeri m.v.;;Ministeriet for Fødevarer, Landbrug og Fiskeri;Direktoratet for FødevareErhverv;Fødevaremin., 2. afd., 2. kt., j.nr. 97-2121/s16-0001;317;2001;AH000904;B20010031705;Lovtidende A;;Fremgår af forskriften;20010507;20010515;20151231;20010515;;FALSE;;;;;A20170002229;;;;https://www.retsinformation.dk/eli/lta/2001/317
B;Ændringsbekendtgørelse;Bekendtgørelse om ændring af bekendtgørelse om forbud mod sejlads, ankring og fiskeri mv. i visse områder i danske farvande;;Erhvervsministeriet;Søfartsstyrelsen;Økonomi- og Erhvervsmin.,\nSøfartsstyrelsen, j.nr. 201012126;1439;2010;AU004274;B20100143905;Lovtidende A;;Fremgår af forskriften;20101214;20101216;20101216;20101216;;FALSE;;;;;;;;;https://www.retsinformation.dk/eli/lta/2010/1439
B;Bekendtgørelse;Bekendtgørelse om ophævelse af lov om tilskud til efteruddannelse inden for jordbrugserhvervene, lov om tilskud til strukturprojekter inden for jordbruget, og dele af lov om støtte til jordbrugets strukturudvikling og til økologisk produktion inden for jordbrug og fiskeri m.v.;;Ministeriet for Fødevarer, Landbrug og Fiskeri;;Fødevaremin., 2. afd., 2. kt., j.nr. 2000-2120/s0-0010;964;2000;AH000718;B20000096405;Lovtidende A;;Fremgår af forskriften;20001027;20001031;20200714;20001031;;FALSE;;;;;A20170003429;;;;https://www.retsinformation.dk/eli/lta/2000/964
L;Bekendtgørelse (international);Bekendtgørelse om overenskomst af 19. december 1966 mellem Danmark, Norge og Sverige om gensidig adgang til fiskeri i Skagerrak og Kattegat;;Udenrigsministeriet;;Udenrigsmin., JTF j.nr. 55.D.52.;21;2012;AS001350;L20120002164;Lovtidende C;;Fremgår af forskriften;20120816;20120818;20120818;20120818;;FALSE;;;;;;;;;https://www.retsinformation.dk/eli/ltc/2012/21
B;Ændringsbekendtgørelse;Bekendtgørelse om ændring af bekendtgørelse om forbud mod sejlads, ankring og fiskeri mv. i visse områder i danske farvande;;Erhvervsministeriet;Søfartsstyrelsen;Økonomi- og Erhvervsmin.,\nSøfartsstyrelsen j.nr. 200813394;274;2009;AU003615;B20090027405;Lovtidende A;;Fremgår af forskriften;20090403;20090407;20090407;20090407;;FALSE;;;;;;;;;https://www.retsinformation.dk/eli/lta/2009/274
L;Bekendtgørelse (international);Bekendtgørelse af aftale af 23. maj 2000 om etablering af Den Internationale Organisation for Udvikling af Fiskeri i Øst- og Centraleuropa (EUROFISH);;Udenrigsministeriet;;Udenrigsmin., S.UNP.j.nr.119.D.16.;25;2003;AS000573;L20030002564;Lovtidende C;;Fremgår af forskriften;20030821;20030903;20030903;20030903;;FALSE;;;;;;;;;https://www.retsinformation.dk/eli/ltc/2003/25
L;Bekendtgørelse (international);Aftale mellem Kongeriget Danmarks landbrugsministerium og Ministeriet for Landbrug, Handel og Fiskeri i Republikken Portugal om samarbejde på landbrugsområdet.;;Udenrigsministeriet;Landbrugsministeriet;Ingen;21100;1983;CM035978;L19832110064;Retsinformation;;Fremgår af forskriften;19830414;19970925;20100121;;;FALSE;(* 1) Aftalen er ikke bekendtgjort.;;;;;;;;https://www.retsinformation.dk/eli/retsinfo/1983/21100
B;Bekendtgørelse;Bekendtgørelse om ændring af aftaler mellem Ministeriet for Fødevarer, Landbrug og Fiskeri, og DLR Kredit A/S, Nykredit A/S, Nordea Kredit Realkreditaktieselskab og Realkredit Danmark A/S samt om mulighed for anvendelse af andre lånetyper end kontantlån ved konvertering af lån, der er ydet efter lov om støtte til udvikling af landdistrikterne (landdistriktsstøtteloven), som affattet ved lov nr. 338 af 17. maj 2000;;Ministeriet for Fødevarer, Landbrug og Fiskeri;;Fødevaremin., j.nr. 1635;236;2004;AH001780;B20040023605;Lovtidende A;;Fremgår af forskriften;20040331;20040410;20061109;20040410;;FALSE;;;;;A20170003429;;;;https://www.retsinformation.dk/eli/lta/2004/236
L;Bekendtgørelse (international);Bekendtgørelse af aftale af 11. marts 2003 med Den Internationale Organisation for Udvikling af Fiskeri i Øst- og Centraleuropa (EUROFISH) vedrørende Organisationens hovedsæde i København;;Udenrigsministeriet;;Udenrigsmin., S.UNP. j.nr. 119.D.16.;35;2003;AS000581;L20030003564;Lovtidende C;;Fremgår af forskriften;20031023;20031105;20031105;20031105;;FALSE;;;;;;;;;https://www.retsinformation.dk/eli/ltc/2003/35
L;Bekendtgørelse (international);Bekendtgørelse om overenskomst af 11. december 1996 med Mozambique om dansk økonomisk bistand til gennemførelse af et program for semi-industrielt fiskeri;;Udenrigsministeriet;Udenrigsministeriet;Udenrigsmin. S.7, j.nr. 104.Moz.69.;82;1997;CM044885;L19970008264;Lovtidende C;;Fremgår af forskriften;19970619;19971001;19981026;19970702;;FALSE;;;;;;;;;https://www.retsinformation.dk/eli/ltc/1997/82
C;Vejledning;Dataindsamling  Vejledningen om tilskud til dataindsamling for fiskeri- og akvakultursektoren, 2016;;Ministeriet for Fødevarer, Landbrug og Fiskeri;NaturErhvervstyrelsen;Miljø- og Fødevaremin.,\n NaturErhvervstyrelsen ;11130;2015;CK000344;C20151113060;Retsinformation;;Fremgår af forskriften;20151202;20151203;20151203;;;FALSE;;;;;;;;;https://www.retsinformation.dk/eli/retsinfo/2015/11130
B;Ændringsbekendtgørelse;Bekendtgørelse om ændring af bekendtgørelse om drift af lokale aktionsgrupper under fiskeriudviklingsprogrammet for perioden 2007-2013 samt om delegation af visse af ministeren for by, bolig og landdistrikters beføjelser efter lov om udvikling af fiskeri- og akvakultursektoren\n(Udbetaling af tilskud og aktionsgruppens virke);;Erhvervsministeriet;;Ministeriet for By, Bolig og Landdistrikter, j.nr. 2013-646;1183;2013;BV000129;B20130118305;Lovtidende A;;Fremgår af forskriften;20131009;20131011;20131011;20131011;;FALSE;;;;;;;;;https://www.retsinformation.dk/eli/lta/2013/1183
L;Bekendtgørelse (international);Bekendtgørelse om overenskomst af 29. maj 1958 med Forbundsrepublikken Tyskland angående fælles fiskeri i Flensborg inderfjord;;Udenrigsministeriet;Fiskeriministeriet;Ingen;10;1960;CM037750;L19600001064;Lovtidende C;;Fremgår af forskriften;19600215;19970925;20000929;19600718;;FALSE;;;;;;;;;https://www.retsinformation.dk/eli/ltc/1960/10
L;Bekendtgørelse (international);Bekendtgørelse af konvention af 29. april 1958 om fiskeri på det åbne hav og bevarelse af dets levende rigdomskilder. (* 2) (* 3);;Udenrigsministeriet;Fiskeriministeriet og Udenrigsministeriet;Udenrigsmin. j.nr.119.N.2/3.a/1.c.;52;1969;CM037767;L19690005264;Lovtidende C;;Fremgår af forskriften;19690514;19970925;20000929;19690918;;FALSE;(* 3) Se vedrørende tvungen bilæggelse af tvister angående fortolkningen eller anvendelsen af konventionerne af 29. april 1958 om retsordenen på havet, BEK nr. 53 af 14/05/1969.,(* 2) Andre landes tiltrædelse: BEK nr. 91 af 23/10/1972;;;;;;;;https://www.retsinformation.dk/eli/ltc/1969/52
L;Bekendtgørelse (international);Bekendtgørelse af overenskomst af 19. december 1966 mellem Danmark, Norge og Sverige om gensidig adgang til fiskeri i Skagerrak og Kattegat;;Udenrigsministeriet;Fiskeriministeriet;Udenrigsministeriet. RH 55.D.52;63;1967;CM037775;L19670006364;Lovtidende C;;Fremgår af forskriften;19670817;19970925;20000929;19670911;;FALSE;;;;;;BKI nr 21 af 16/08/2012;;;https://www.retsinformation.dk/eli/ltc/1967/63
A;Lovbekendtgørelse;Bekendtgørelse af økologiloven;;Ministeriet for Fødevarer, Landbrug og Fiskeri;Landbrugsstyrelsen;Ministeriet for Fødevarer, Landbrug og Fiskeri,\nLandbrugsstyrelsen, j.nr. 21-12130-000005 ;1203;2022;DC000684;A20220120329;Lovtidende A;;Fremgår af forskriften;20220829;20220831;20220831;20220831;;FALSE;;;;;;;;;https://www.retsinformation.dk/eli/lta/2022/1203
B;Bekendtgørelse;Bekendtgørelse om Tænketank om Forebyggelse af Madspild og Fødevaretab, tilskud, regnskab og revision m.v.;;Ministeriet for Fødevarer, Landbrug og Fiskeri;;Ministeriet for Fødevarer, Landbrug og Fiskeri, j.nr. 2021-2621;976;2022;DC000564;B20220097605;Lovtidende A;;Fremgår af forskriften;20220623;20220625;20220625;20220625;;FALSE;;;;;A20140043329,A20200014529,A20220904516;;;;https://www.retsinformation.dk/eli/lta/2022/976
B;Bekendtgørelse;Bekendtgørelse om Fiskeristyrelsens opgaver og beføjelser;;Ministeriet for Fødevarer, Landbrug og Fiskeri;;Ministeriet for Fødevarer, Landbrug og Fiskeri, j.nr. 2022-1977;422;2022;DC000543;B20220042205;Lovtidende A;;Fremgår af forskriften;20220404;20220407;20220407;20220407;;FALSE;;;;;A20170001929,A20180118929,A20190026129,A20210258430,A20220904516;;;;https://www.retsinformation.dk/eli/lta/2022/422
A;Lovbekendtgørelse;Bekendtgørelse af lov om aflivning af og midlertidigt forbud mod hold af mink;;Ministeriet for Fødevarer, Landbrug og Fiskeri;Fødevarestyrelsen;Ministeriet for Fødevarer, Landbrug og Fiskeri,\nFødevarestyrelsen, j.nr. 2021-14-30-00079;10;2022;DC000475;A20220001029;Lovtidende A;;Fremgår af forskriften;20220106;20220111;20220111;20220111;;FALSE;;;;;;;;;https://www.retsinformation.dk/eli/lta/2022/10
A;Lovbekendtgørelse;Bekendtgørelse af lov om hold af dyr;;Ministeriet for Fødevarer, Landbrug og Fiskeri;Fødevarestyrelsen;Ministeriet for Fødevarer, Landbrug og Fiskeri,\nFødevarestyrelsen, j.nr. 2021-15-30-00053;9;2022;DC000464;A20220000929;Lovtidende A;;Fremgår af forskriften;20220106;20220111;20220111;20220111;;FALSE;;;;;;;;;https://www.retsinformation.dk/eli/lta/2022/9
A;Lovbekendtgørelse;Bekendtgørelse af lov om fødevarer;;Ministeriet for Fødevarer, Landbrug og Fiskeri;Fødevarestyrelsen;Ministeriet for Fødevarer, Landbrug og Fiskeri,\nFødevarestyrelsen, j.nr. 2021-62-30-00066;8;2022;DC000463;A20220000829;Lovtidende A;;Fremgår af forskriften;20220106;20220111;20220111;20220111;;FALSE;;;;;;;;;https://www.retsinformation.dk/eli/lta/2022/8
B;Bekendtgørelse;Bekendtgørelse om elektronisk monitorering af visse fartøjer i Kattegat;;Ministeriet for Fødevarer, Landbrug og Fiskeri;;Ministeriet for Fødevarer, Landbrug og Fiskeri, j.nr. 2021-1640;925;2022;DC000611;B20220092505;Lovtidende A;;Fremgår af forskriften;20220620;20220622;20220622;20220622;;FALSE;;;;;A20190026129;;;;https://www.retsinformation.dk/eli/lta/2022/925
L;Bekendtgørelse (international);Bekendtgørelse om andre landes tiltrædelse af konventionen af 29. april 1958 om fiskeri på det åbne hav og bevarelse af dets levende rigdomskilder.;;Udenrigsministeriet;Fiskeriministeriet og Udenrigsministeriet;Udenrigsministeriet, j.nr. 119.N.2/3.a/10.;91;1972;CM037781;L19720009164;Lovtidende C;;Fremgår af forskriften;19721023;19970925;20000929;19730210;;FALSE;;;;;;;;;https://www.retsinformation.dk/eli/ltc/1972/91
A;Lovbekendtgørelse;Bekendtgørelse af lov om administration af Det Europæiske Fællesskabs forordninger om ordninger under Den Fælles Landbrugspolitik finansieret af Den Europæiske Garantifond for Landbruget m.v. (landbrugsstøtteloven);Landbrugsstøtteloven;Ministeriet for Fødevarer, Landbrug og Fiskeri;Landbrugsstyrelsen;Miljø- og Fødevaremin.,\nLandbrugsstyrelsen, j.nr. 20-010-000006;115;2020;CK002380;A20200011529;Lovtidende A;;Fremgår af forskriften;20200206;20200207;20200207;20200207;;FALSE;;;;;;;;;https://www.retsinformation.dk/eli/lta/2020/115
A;Lovbekendtgørelse;Bekendtgørelse af lov om dyrevelfærd (dyrevelfærdsloven);;Ministeriet for Fødevarer, Landbrug og Fiskeri;Fødevarestyrelsen;Ministeriet for Fødevarer, Landbrug og Fiskeri,\nFødevarestyrelsen, j.nr. 2021-24-30-00074;1597;2021;DC000284;A20210159729;Lovtidende A;;Fremgår af forskriften;20210708;20210714;20210714;20210714;;FALSE;;;;;;;;;https://www.retsinformation.dk/eli/lta/2021/1597
B;Bekendtgørelse;Bekendtgørelse om fredningsbælter ved Fyn, inkl. de sydfynske øer (Ærø og Langeland);Fynsbekendtgørelsen;Ministeriet for Fødevarer, Landbrug og Fiskeri;;Miljø- og Fødevaremin., j.nr. 2019-16229;1481;2019;CK002294;B20190148105;Lovtidende A;;Fremgår af forskriften;20191212;20191219;20191219;20191219;;FALSE;;;;;A20190026129;;;;https://www.retsinformation.dk/eli/lta/2019/1481
A;Lovbekendtgørelse;Bekendtgørelse af lov om dyrlæger;;Ministeriet for Fødevarer, Landbrug og Fiskeri;Fødevarestyrelsen;Miljø- og Fødevaremin.,\nFødevarestyrelsen, j.nr. 2020-24-30-00021;1523;2020;CK002656;A20200152329;Lovtidende A;;Fremgår af forskriften;20201026;20201029;20201029;20201029;;FALSE;;;;;;;;;https://www.retsinformation.dk/eli/lta/2020/1523
B;Bekendtgørelse;Bekendtgørelse om pointtildeling m.v. til fiskerilicensindehavere og fartøjsførere i forbindelse med alvorlige overtrædelser af reglerne i den fælles fiskeripolitik;Pointbekendtgørelsen;Ministeriet for Fødevarer, Landbrug og Fiskeri;;Miljø- og Fødevaremin., j.nr. 2019-12725;978;2019;CK002141;B20190097805;Lovtidende A;;Fremgår af forskriften;20190922;20190925;20190925;20190925;;FALSE;;;;;A20190026129;;;;https://www.retsinformation.dk/eli/lta/2019/978
A;Lovbekendtgørelse;Bekendtgørelse af lov om planter og plantesundhed m.v.;Planteloven;Ministeriet for Fødevarer, Landbrug og Fiskeri;;Miljø- og Fødevaremin.,\nLandbrugsstyrelsen, j.nr. 20-1131-000006;1132;2020;CK002562;A20200113229;Lovtidende A;;Fremgår af forskriften;20200703;20200707;20200715;20200707;;FALSE;;;;;;;;;https://www.retsinformation.dk/eli/lta/2020/1132
A;Lovbekendtgørelse;Bekendtgørelse af lov om dyreforsøg;Dyreforsøgsloven;Ministeriet for Fødevarer, Landbrug og Fiskeri;;Ministeriet for Fødevarer, Landbrug og Fiskeri,\nFødevarestyrelsen, j.nr. 2022-24-30-00105 ;1107;2022;DC000645;A20220110729;Lovtidende A;;Fremgår af forskriften;20220701;20220702;20220702;20220702;;FALSE;;;;;;;;;https://www.retsinformation.dk/eli/lta/2022/1107
A;Lovbekendtgørelse;Bekendtgørelse af lov om Landdistriktsfonden;;Ministeriet for Fødevarer, Landbrug og Fiskeri;Landbrugsstyrelsen;Miljø- og Fødevaremin.,\nLandbrugsstyrelsen, j.nr. 20-010-000004;114;2020;CK002377;A20200011429;Lovtidende A;;Fremgår af forskriften;20200206;20200207;20200207;20200207;;FALSE;;;;;;;;;https://www.retsinformation.dk/eli/lta/2020/114
B;Bekendtgørelse;Bekendtgørelse om puljefiskeri;Puljebekendtgørelsen;Ministeriet for Fødevarer, Landbrug og Fiskeri;Ministeriet for Fødevarer, Landbrug og Fiskeri;Ministeriet for Fødevarer, Fiskeri og Landbrug, j.nr. 2021-2413;2299;2021;DC000399;B20210229905;Lovtidende A;;Fremgår af forskriften;20211203;20211208;20211208;20211208;;FALSE;;;;;A20190026129;;;;https://www.retsinformation.dk/eli/lta/2021/2299
B;Bekendtgørelse;Bekendtgørelse om regulering af fiskeriet;Reguleringsbekendtgørelsen;Ministeriet for Fødevarer, Landbrug og Fiskeri;;Ministeriet for Fødevarer, Landbrug og Fiskeri, j.nr. 2022-4920;1220;2022;DC000695;B20220122005;Lovtidende A;;Fremgår af forskriften;20220826;20220901;20220901;20220901;;FALSE;;;;;A20190026129;;;;https://www.retsinformation.dk/eli/lta/2022/1220
A;Lovbekendtgørelse;Bekendtgørelse af lov om landbrugsejendomme;Landbrugsloven;Ministeriet for Fødevarer, Landbrug og Fiskeri;Landbrugsstyrelsen;Miljø- og Fødevaremin.,\nLandbrugsstyrelsen, j.nr. 20-010-000007;116;2020;CK002381;A20200011629;Lovtidende A;;Fremgår af forskriften;20200206;20200207;20200207;20200207;;FALSE;;;;;;;;;https://www.retsinformation.dk/eli/lta/2020/116
B;Bekendtgørelse;Bekendtgørelse om tiltag for beskyttelse af torskebestanden i Nordsøen og Skagerrak;;Ministeriet for Fødevarer, Landbrug og Fiskeri;Fiskeristyrelsen;Ministeriet for Fødevarer, Landbrug og Fiskeri, j.nr. 2021-2698;1707;2021;DC000302;B20210170705;Lovtidende A;;Fremgår af forskriften;20210819;20210821;20211231;20210821;;FALSE;;;;;A20190026129;;;;https://www.retsinformation.dk/eli/lta/2021/1707
B;Bekendtgørelse;Bekendtgørelse om Fødevarestyrelsens opgaver og beføjelser;;Ministeriet for Fødevarer, Landbrug og Fiskeri;;Ministeriet for Fødevarer, Landbrug og Fiskeri,\nFødevarestyrelsen, j.nr. 2020-24-31-00186;1721;2020;DC000003;B20200172105;Lovtidende A;;Fremgår af forskriften;20201130;20201201;20201201;20201201;;FALSE;;;;;A20170001329,A20170005329,A20180100029,A20190026129,A20200011529,A20200152329,A20210032929,A20210159729,A20220000829,A20220000929,A20220120329;;;;https://www.retsinformation.dk/eli/lta/2020/1721
A;Lovbekendtgørelse;Bekendtgørelse af lov om drift af landbrugsjorder;;Ministeriet for Fødevarer, Landbrug og Fiskeri;Landbrugsstyrelsen;Miljø- og Fødevaremin.,\nLandbrugsstyrelsen, j.nr. 20-010-000003;103;2020;CK002375;A20200010329;Lovtidende A;;Fremgår af forskriften;20200203;20200204;20200204;20200204;;FALSE;;;;;;;;;https://www.retsinformation.dk/eli/lta/2020/103
B;Bekendtgørelse;Bekendtgørelse om havne- og fiskeripulje;;Transportministeriet;;Transportmin., \n Trafikstyrelsen, j.nr. TS6040201-00008;942;2021;DG000091;B20210094205;Lovtidende A;;Fremgår af forskriften;20210519;20210521;20220412;20210521;;FALSE;;;;;A20220904516;;;;https://www.retsinformation.dk/eli/lta/2021/942
B;Bekendtgørelse;Bekendtgørelse om trawl- og vodfiskeri;Trawlbekendtgørelsen;Ministeriet for Fødevarer, Landbrug og Fiskeri;;Udenrigsmin., j.nr. 2018-45820;366;2019;AS001873;B20190036605;Lovtidende A;;Fremgår af forskriften;20190402;20190409;20190409;20190409;;FALSE;;;;;A20190026129;;;;https://www.retsinformation.dk/eli/lta/2019/366
B;Bekendtgørelse;Bekendtgørelse om mærkningsordning for fisk fanget kystnært med skånsomme redskaber;;Ministeriet for Fødevarer, Landbrug og Fiskeri;Ministeriet for Fødevarer, Landbrug og Fiskeri;Mnisteriet for Fødevarer, Landbrug og Fiskeri, j.nr. 2022-531;1038;2022;DC000640;B20220103805;Lovtidende A;;Fremgår af forskriften;20220620;20220630;20220630;20220630;;FALSE;;;;;A20190026129;;;;https://www.retsinformation.dk/eli/lta/2022/1038
B;Bekendtgørelse;Bekendtgørelse om tilskud til fiskerikontrol;;Ministeriet for Fødevarer, Landbrug og Fiskeri;Fiskeristyrelsen;Ministeriet for Fødevarer, Landbrug og Fiskeri, \nFiskeristyrelsen, j.nr. 22-1551-000001;1138;2022;DC000659;B20220113805;Lovtidende A;;Fremgår af forskriften;20220708;20220713;20220713;20220713;;FALSE;;;;;A20210258430;;;;https://www.retsinformation.dk/eli/lta/2022/1138
B;Bekendtgørelse;Bekendtgørelse om undersøgelser, projekter m.v. i videnskabeligt, miljømæssigt eller fiskeplejemæssigt øjemed;Forsøgsfiskeribekendtgørelsen;Ministeriet for Fødevarer, Landbrug og Fiskeri;Ministeriet for Fødevarer, Landbrug og Fiskeri;Ministeriet for Fødevarer, Landbrug og Fiskeri, j.nr. 2021-4333;2402;2021;DC000386;B20210240205;Lovtidende A;;Fremgår af forskriften;20211207;20211215;20211215;20211215;;FALSE;;;;;A20190026129;;;;https://www.retsinformation.dk/eli/lta/2021/2402
B;Bekendtgørelse;Bekendtgørelse om føring af logbog mv.;Logbogsbekendtgørelsen;Ministeriet for Fødevarer, Landbrug og Fiskeri;;Ministeriet for Fødevarer, Landbrug og Fiskeri, j.nr. 2021-7369;793;2022;DC000605;B20220079305;Lovtidende A;;Fremgår af forskriften;20220602;20220604;20220604;20220604;;FALSE;;;;;A20190026129;;;;https://www.retsinformation.dk/eli/lta/2022/793
A;Lovbekendtgørelse;Bekendtgørelse af lov om plantenyheder;Plantenyhedsloven;Ministeriet for Fødevarer, Landbrug og Fiskeri;;Miljø- og Fødevaremin.,\nLandbrugsstyrelsen, j.nr. 20-1131-000005;1131;2020;CK002561;A20200113129;Lovtidende A;;Fremgår af forskriften;20200703;20200707;20200714;20200707;;FALSE;;;;;;;;;https://www.retsinformation.dk/eli/lta/2020/1131
B;Bekendtgørelse;Bekendtgørelse om offentlighedens adgang og rekreative brug af Naturområdet Skjern Enge;;Miljøministeriet;Styrelsen for Vand- og Naturforvaltning;Miljø- og Fødevaremin.,\nNaturstyrelsen, j.nr. 010-00222;932;2016;CK000782;B20160093205;Lovtidende A;;Fremgår af forskriften;20160627;20160630;20160630;20160630;;FALSE;;;;;A20150153229;;;;https://www.retsinformation.dk/eli/lta/2016/932
A;Lovbekendtgørelse;Bekendtgørelse af lov om hunde;Hundeloven;Ministeriet for Fødevarer, Landbrug og Fiskeri;Fødevarestyrelsen;Ministeriet for Fødevarer, Landbrug og Fiskeri,\nFødevarestyrelsen, j.nr. 2020-24-30-00021;329;2021;DC000093;A20210032929;Lovtidende A;;Fremgår af forskriften;20210302;20210304;20210304;20210304;;FALSE;;;;;;;;;https://www.retsinformation.dk/eli/lta/2021/329
A;Lovbekendtgørelse;Bekendtgørelse af lov om mark- og vejfred;;Ministeriet for Fødevarer, Landbrug og Fiskeri;Landbrugsstyrelsen;Ministeriet for Fødevarer, Landbrug og Fiskeri,\nLandbrugsstyrelsen, j.nr. 20-010-000008;2154;2020;DC000079;A20200215429;Lovtidende A;;Fremgår af forskriften;20201216;20201224;20201224;20201224;;FALSE;;;;;;LOV nr 845 af 10/05/2021,LOV nr 1177 af 08/06/2021;;;https://www.retsinformation.dk/eli/lta/2020/2154
B;Bekendtgørelse;Bekendtgørelse om særlige fiskeriregler og fredningsbælter i Vadehavet og i visse sydjyske vandløb;;Ministeriet for Fødevarer, Landbrug og Fiskeri;NaturErhvervstyrelsen;Fødevaremin.,\nNaturErhvervstyrelsen, j.nr. 13-7440-000020;1420;2013;AH005070;B20130142005;Lovtidende A;;Fremgår af forskriften;20131212;20131214;20131214;20131214;;FALSE;;;;;A20190026129;;;;https://www.retsinformation.dk/eli/lta/2013/1420
B;Bekendtgørelse;Bekendtgørelse om administration af tilskud fra Fonden for Retfærdig Omstilling;;Erhvervsministeriet;Erhvervsministeriet;Erhvervsmin.,\nErhvervsstyrelsen, j.nr. 2022-4135;1101;2022;CQ002265;B20220110105;Lovtidende A;;Fremgår af forskriften;20220629;20220701;20220701;20220701;;FALSE;;;;;A20190016029;;;;https://www.retsinformation.dk/eli/lta/2022/1101
A;Lovbekendtgørelse;Bekendtgørelse af lov om kloning og genmodificering af dyr m.v.;;Ministeriet for Fødevarer, Landbrug og Fiskeri;Fødevarestyrelsen;Ministeriet for Fødevarer, Landbrug og Fiskeri,\nFødevarestyrelsen, j.nr. 2022-24-30-00105 ;1108;2022;DC000646;A20220110829;Lovtidende A;;Fremgår af forskriften;20220701;20220702;20220702;20220702;;FALSE;;;;;;;;;https://www.retsinformation.dk/eli/lta/2022/1108
B;Bekendtgørelse;Bekendtgørelse om erstatnings- og taksationskommissioner og overerstatnings- og taksationskommissioner til behandling af sager om erstatning og kompensation til minkvirksomheder og visse følgeerhverv;;Ministeriet for Fødevarer, Landbrug og Fiskeri;Fødevarestyrelsen;Ministeriet for Fødevarer, Landbrug og Fiskeri, j.nr. 2021-3686;1915;2021;DC000271;B20210191505;Lovtidende A;;Fremgår af forskriften;20211006;20211008;20211008;20211008;;FALSE;;;;;A20220001029;;;;https://www.retsinformation.dk/eli/lta/2021/1915
B;Bekendtgørelse;Bekendtgørelse om regulering af fiskeriet i Randers Fjord m.m.;;Ministeriet for Fødevarer, Landbrug og Fiskeri;NaturErhvervstyrelsen;Fødevaremin.,\nNaturErhvervstyrelsen, j.nr. 13-7400-000025;1409;2013;AH005052;B20130140905;Lovtidende A;;Fremgår af forskriften;20131211;20131214;20131214;20131214;;FALSE;;;;;A20190026129;;;;https://www.retsinformation.dk/eli/lta/2013/1409
B;Bekendtgørelse;Bekendtgørelse om ændring i forretningernes fordeling mellem ministrene;;Statsministeriet;;Statsmin., j.nr. 2019-2571;794;2019;AP000307;B20190079405;Lovtidende A;;Fremgår af forskriften;20190808;20190810;20190810;20190810;;FALSE;;;;;;;;;https://www.retsinformation.dk/eli/lta/2019/794
B;Bekendtgørelse;Bekendtgørelse om kontrolpunkter til søs;;Ministeriet for Fødevarer, Landbrug og Fiskeri;Ministeriet for Fødevarer, Landbrug og Fiskeri;Ministeriet for Fødevarer, Landbrug og Fiskeri, j.nr. 2021-3362;1414;2021;DC000264;B20210141405;Lovtidende A;;Fremgår af forskriften;20210624;20210629;20210629;20210629;;FALSE;;;;;A20190026129;;;;https://www.retsinformation.dk/eli/lta/2021/1414
B;Bekendtgørelse;Bekendtgørelse om mindstemål for fisk og krebsdyr i saltvand;Mindstemålsbekendtgørelsen;Ministeriet for Fødevarer, Landbrug og Fiskeri;;Udenrigsmin., j.nr. 2018-16329;791;2018;AS001788;B20180079105;Lovtidende A;;Fremgår af forskriften;20180615;20180619;20180619;20180619;;FALSE;;;;;A20190026129;;;;https://www.retsinformation.dk/eli/lta/2018/791
B;Bekendtgørelse;Bekendtgørelse om særlige fiskeriregler for gedde i visse brakvandsområder ved Sydsjælland og Møn;Geddebekendtgørelsen;Ministeriet for Fødevarer, Landbrug og Fiskeri;Miljø- og Fødevareministeriet;Miljø- og Fødevaremin., j.nr. 2020-8457;689;2020;CK002478;B20200068905;Lovtidende A;;Fremgår af forskriften;20200524;20200528;20200528;20200528;;FALSE;;;;;A20190026129;;;;https://www.retsinformation.dk/eli/lta/2020/689
B;Bekendtgørelse;Bekendtgørelse om særlige fiskeriregler for Storå vandsystem;;Ministeriet for Fødevarer, Landbrug og Fiskeri;NaturErhvervstyrelsen;Fødevaremin.,\nNaturErhvervstyrelsen, j.nr. 13-7440-000019;1421;2013;AH005071;B20130142105;Lovtidende A;;Fremgår af forskriften;20131212;20131214;20131214;20131214;;FALSE;;;;;A20190026129;;;;https://www.retsinformation.dk/eli/lta/2013/1421
B;Bekendtgørelse;Bekendtgørelse om særlige fiskeriregler for Skjern Å vandsystem;;Ministeriet for Fødevarer, Landbrug og Fiskeri;NaturErhvervstyrelsen;Fødevaremin.,\nNaturErhvervstyrelsen, j.nr. 13-7440-000018;1422;2013;AH005072;B20130142205;Lovtidende A;;Fremgår af forskriften;20131212;20131214;20131214;20131214;;FALSE;;;;;A20190026129;;;;https://www.retsinformation.dk/eli/lta/2013/1422
B;Bekendtgørelse;Bekendtgørelse om anvendelse af akustiske alarmer (pingere) i visse garnfiskerier;Pingerbekendtgørelsen;Ministeriet for Fødevarer, Landbrug og Fiskeri;;Udenrigsmin., j.nr. 2018-33632;1355;2018;AS001824;B20180135505;Lovtidende A;;Fremgår af forskriften;20181127;20181130;20181130;20181130;;FALSE;;;;;A20190026129;;;;https://www.retsinformation.dk/eli/lta/2018/1355
B;Bekendtgørelse;Bekendtgørelse om fredningstider for fisk og krebsdyr i saltvand;Fredningstidsbekendtgørelsen;Ministeriet for Fødevarer, Landbrug og Fiskeri;NaturErhvervstyrelsen;Miljø- og Fødevaremin., \n NaturErhvervstyrelsen, j. nr. 16-7130-000004;1473;2016;CK001055;B20160147305;Lovtidende A;;Fremgår af forskriften;20161201;20161207;20200714;20161207;;FALSE;;;;;A20190026129;;;;https://www.retsinformation.dk/eli/lta/2016/1473
B;Bekendtgørelse;Bekendtgørelse om tilskud til kommunale projekter vedrørende vandløbsrestaurering;Vandløbsrestaureringsbekendtgørelsen;Ministeriet for Fødevarer, Landbrug og Fiskeri;Fiskeristyrelsen;Ministeriet for Fødevarer, Landbrug og Fiskeri,\n Fiskeristyrelsen, j. nr. 22-1551-000004 ;1155;2022;DC000680;B20220115505;Lovtidende A;;Fremgår af forskriften;20220801;20220803;20220803;20220803;;FALSE;;;;;A20210258430;;;;https://www.retsinformation.dk/eli/lta/2022/1155
B;Bekendtgørelse;Bekendtgørelse om tilskud til Madkulturen, regnskab og revision m.v.;;Ministeriet for Fødevarer, Landbrug og Fiskeri;Fødevarestyrelsen;Ministeriet for Fødevarer, Landbrug og Fiskeri,\nFødevarestyrelsen, j.nr. 2021-24-31-00318;281;2022;DC000519;B20220028105;Lovtidende A;;Fremgår af forskriften;20220223;20220303;20220303;20220303;;FALSE;;;;;A20220904516;;;;https://www.retsinformation.dk/eli/lta/2022/281
B;Bekendtgørelse;Bekendtgørelse om offentlig elektronisk fiskeauktion;;Ministeriet for Fødevarer, Landbrug og Fiskeri;Ministeriet for Fødevarer, Landbrug og Fiskeri;Ministeriet for Fødevarer, Landbrug og Fiskeri, j.nr. 2021-7670;2286;2021;DC000372;B20210228605;Lovtidende A;;Fremgår af forskriften;20211203;20211207;20211207;20211207;;FALSE;;;;;A20190026129;;;;https://www.retsinformation.dk/eli/lta/2021/2286
B;Bekendtgørelse;Bekendtgørelse om ændring i forretningernes fordeling mellem ministrene;;Statsministeriet;;Statsmin., j.nr. 2017-3416;982;2017;AP000279;B20170098205;Lovtidende A;;Fremgår af forskriften;20170815;20170819;20170819;20170819;;FALSE;;;;;;;;;https://www.retsinformation.dk/eli/lta/2017/982
B;Bekendtgørelse;Bekendtgørelse om fiskeredskaber (bundgarn mv.) i saltvand;;Ministeriet for Fødevarer, Landbrug og Fiskeri;;Miljø- og Fødevaremin.,\nNaturErhvervstyrelsen, j.nr. 14-7400-000066;1552;2015;CK000395;B20150155205;Lovtidende A;;Fremgår af forskriften;20151211;20151215;20151215;20151215;;FALSE;;;;;A20190026129;;;;https://www.retsinformation.dk/eli/lta/2015/1552
B;Bekendtgørelse;Bekendtgørelse om anvendelse af akustiske alarmer (pingere) i visse garnfiskerier;;Ministeriet for Fødevarer, Landbrug og Fiskeri;Ministeriet for Fødevarer, Landbrug og Fiskeri;Ministeriet for Fødevarer, Landbrug og Fiskeri, j.nr. 2021-2174;1495;2021;DC000273;B20210149505;Lovtidende A;;Fremgår af forskriften;20210629;20210701;20210701;20210701;;FALSE;;;;;A20190026129;;;;https://www.retsinformation.dk/eli/lta/2021/1495
B;Bekendtgørelse;Bekendtgørelse om fredningsbælter omkring Bornholm;;Ministeriet for Fødevarer, Landbrug og Fiskeri;;Miljø- og Fødevaremin.,\nNaturErhvervstyrelsen, j.nr. 15-7400-000042;1405;2015;CK000286;B20150140505;Lovtidende A;;Fremgår af forskriften;20151203;20151204;20151204;20151204;;FALSE;;;;;A20190026129;;;;https://www.retsinformation.dk/eli/lta/2015/1405
B;Bekendtgørelse;Bekendtgørelse om ændring i forretningernes fordeling mellem ministrene;;Statsministeriet;;Statsmin., j.nr. 2022-3848;1036;2022;AP000342;B20220103605;Lovtidende A;;Fremgår af forskriften;20220610;20220630;20220630;20220630;;FALSE;;;;;;;;;https://www.retsinformation.dk/eli/lta/2022/1036
B;Bekendtgørelse;Bekendtgørelse om registrering som erhvervsfisker med A-status;A-statusbekendtgørelsen;Ministeriet for Fødevarer, Landbrug og Fiskeri;Ministeriet for Fødevarer, Landbrug og Fiskeri;Ministeriet for Fødevarer, Landbrug og Fiskeri, j.nr. 2020-907;1289;2021;DC000262;B20210128905;Lovtidende A;;Fremgår af forskriften;20210615;20210617;20210617;20210617;;FALSE;;;;;A20190026129;;;;https://www.retsinformation.dk/eli/lta/2021/1289
B;Bekendtgørelse;Bekendtgørelse om lystfiskeri efter almindelig tun i 2022;Tunbekendtgørelsen;Ministeriet for Fødevarer, Landbrug og Fiskeri;Ministeriet for Fødevarer, Landbrug og Fiskeri;Ministeriet for Fødevarer, Landbrug og Fiskeri, j.nr. 2022-1857;1140;2022;DC000665;B20220114005;Lovtidende A;;Fremgår af forskriften;20220710;20220714;20220714;20220714;;FALSE;;;;;A20190026129;;;;https://www.retsinformation.dk/eli/lta/2022/1140
B;Bekendtgørelse;Bekendtgørelse om betingelser for at tildele fiskeritilladelser til foreninger med formål at oplyse og udbrede viden om lokalt kystfiskeri i Danmark;Foreningsfartøjsbekendtgørelsen;Ministeriet for Fødevarer, Landbrug og Fiskeri;;Udenrigsmin., j.nr. 2018-46072;342;2019;AS001858;B20190034205;Lovtidende A;;Fremgår af forskriften;20190401;20190403;20190403;20190403;;FALSE;;;;;A20190026129;;;;https://www.retsinformation.dk/eli/lta/2019/342
B;Bekendtgørelse;Bekendtgørelse om administration af tilskud fra Den Europæiske Regionalfond og Den Europæiske Socialfond Plus;;Erhvervsministeriet;;Erhvervsmin.,\nErhvervsstyrelsen, j.nr. 2021-27361;162;2022;CQ002075;B20220016205;Lovtidende A;;Fremgår af forskriften;20220128;20220201;20220201;20220201;;FALSE;;;;;A20190016029;;;;https://www.retsinformation.dk/eli/lta/2022/162
A;Lovbekendtgørelse;Bekendtgørelse af lov om Grønt Udviklings- og Demonstrationsprogram;;Ministeriet for Fødevarer, Landbrug og Fiskeri;;Miljø- og Fødevaremin.,\nNaturErhvervstyrelsen, j.nr. 16-0122-000026;23;2017;CK001128;A20170002329;Lovtidende A;;Fremgår af forskriften;20170104;20170106;20170106;20170106;;FALSE;;;;;;;;;https://www.retsinformation.dk/eli/lta/2017/23
B;Bekendtgørelse;Bekendtgørelse om ændring i forretningernes fordeling mellem ministrene;;Statsministeriet;;Statsmin., j.nr. 2020-17715;1946;2020;AP000327;B20200194605;Lovtidende A;;Fremgår af forskriften;20201125;20201216;20201216;20201216;;FALSE;;;;;;;;;https://www.retsinformation.dk/eli/lta/2020/1946
B;Bekendtgørelse;Bekendtgørelse om ændring i forretningernes fordeling mellem ministrene;;Statsministeriet;;Statsmin., j.nr. 2019-7288;1652;2019;AP000317;B20190165205;Lovtidende A;;Fremgår af forskriften;20191223;20200109;20200109;20200109;;FALSE;;;;;;;;;https://www.retsinformation.dk/eli/lta/2019/1652
B;Bekendtgørelse;Bekendtgørelse om færdsel m.v. på Farum Sø;;Miljøministeriet;Styrelsen for Vand- og Naturforvaltning;Miljø- og Fødevaremin.,\nNaturstyrelsen, j.nr. 010-00222;925;2016;CK000751;B20160092505;Lovtidende A;;Fremgår af forskriften;20160627;20160630;20160630;20160630;;FALSE;;;;;A20210198629;;;;https://www.retsinformation.dk/eli/lta/2016/925
B;Bekendtgørelse;Bekendtgørelse om kulturbankeproduktion af muslinger og østers;Kulturbankebekendtgørelsen;Ministeriet for Fødevarer, Landbrug og Fiskeri;Ministeriet for Fødevarer, Landbrug og Fiskeri;Ministeriet for Fødevarer, Landbrug og Fiskeri, j.nr. 2020-23964;116;2021;DC000110;B20210011605;Lovtidende A;;Fremgår af forskriften;20210129;20210130;20210130;20210130;;FALSE;;;;;A20190026129;;;;https://www.retsinformation.dk/eli/lta/2021/116
B;Bekendtgørelse;Bekendtgørelse om Grønt Udviklings- og Demonstrationsprogram;;Ministeriet for Fødevarer, Landbrug og Fiskeri;Landbrugsstyrelsen;Ministeriet for Fødevarer, Landbrug og Fiskeri,\n Landbrugsstyrelsen, j.nr. 21-0120-000006;988;2022;DC000626;B20220098805;Lovtidende A;;Fremgår af forskriften;20220623;20220628;20220628;20220628;;FALSE;;;;;A20170002329;;;;https://www.retsinformation.dk/eli/lta/2022/988
B;Bekendtgørelse;Bekendtgørelse om de minimis-støtte til kompensation for torske- og sildefiskere i Østersøen 2020;;Ministeriet for Fødevarer, Landbrug og Fiskeri;Fiskeristyrelsen;Miljø- og Fødevaremin.,\n Fiskeristyrelsen, j.nr. 20-2610-000002;1017;2020;CK002552;B20200101705;Lovtidende A;;Fremgår af forskriften;20200619;20200630;20220412;20200630;;FALSE;;;;;A20220904516;;;;https://www.retsinformation.dk/eli/lta/2020/1017
B;Bekendtgørelse;Bekendtgørelse om færdsel m.v. på Furesøen;;Miljøministeriet;Styrelsen for Vand- og Naturforvaltning;Miljø- og Fødevaremin.,\nNaturstyrelsen, j.nr. 010-00222;933;2016;CK000784;B20160093305;Lovtidende A;;Fremgår af forskriften;20160627;20160630;20160630;20160630;;FALSE;;;;;A20210198629;;;;https://www.retsinformation.dk/eli/lta/2016/933
B;Bekendtgørelse;Bekendtgørelse om mindstemål og fredningstider for fisk og krebs i ferskvand;;Ministeriet for Fødevarer, Landbrug og Fiskeri;Ministeriet for Fødevarer, Landbrug og Fiskeri;Ministeriet for Fødevarer, Landbrug og Fiskeri,  j.nr. 2021-2145;1198;2021;DC000230;B20210119805;Lovtidende A;;Fremgår af forskriften;20210607;20210609;20210609;20210609;;FALSE;;;;;A20190026129;;;;https://www.retsinformation.dk/eli/lta/2021/1198
B;Bekendtgørelse;Bekendtgørelse om færdsel mv. på Arresø;;Miljøministeriet;Naturstyrelsen;Miljø- og Fødevaremin.,\nNaturstyrelsen, j.nr. NST-4100-00036;334;2016;CK000582;B20160033405;Lovtidende A;;Fremgår af forskriften;20160407;20160412;20160412;20160412;;FALSE;;;;;A20210198629;;;;https://www.retsinformation.dk/eli/lta/2016/334
B;Bekendtgørelse;Bekendtgørelse om auktion af fangstrettigheder;Auktionsbekendtgørelsen;Ministeriet for Fødevarer, Landbrug og Fiskeri;Ministeriet for Fødevarer, Landbrug og Fiskeri;Ministeriet for Fødevarer, Landbrug og Fiskeri, j.nr. 2021-1007;1081;2022;DC000644;B20220108105;Lovtidende A;;Fremgår af forskriften;20220629;20220630;20220630;20220630;;FALSE;;;;;A20190026129;;;;https://www.retsinformation.dk/eli/lta/2022/1081
B;Bekendtgørelse;Bekendtgørelse om opdræt af muslinger og østers i vandsøjlen;;Ministeriet for Fødevarer, Landbrug og Fiskeri;Ministeriet for Fødevarer, Landbrug og Fiskeri;Ministeriet for Fødevarer, Landbrug og Fiskeri, j.nr. 2021-4130;1456;2021;DC000279;B20210145605;Lovtidende A;;Fremgår af forskriften;20210624;20210630;20210630;20210630;;FALSE;;;;;A20190026129;;;;https://www.retsinformation.dk/eli/lta/2021/1456
A;Lovbekendtgørelse;Bekendtgørelse af lov om Hav- og Fiskerifonden;;Ministeriet for Fødevarer, Landbrug og Fiskeri;;Miljø- og Fødevaremin.,\nNaturErhvervstyrelsen, j.nr. 16-0122-000022;19;2017;CK001124;A20170001929;Lovtidende A;;Fremgår af forskriften;20170104;20170106;20170106;20170106;;FALSE;;;;;;LOV nr 1518 af 18/12/2018;;;https://www.retsinformation.dk/eli/lta/2017/19
B;Bekendtgørelse;Bekendtgørelse om ilandbringelse af fisk fra områder med kemisk krigsmateriel;;Ministeriet for Fødevarer, Landbrug og Fiskeri;Fødevarestyrelsen;Fødevaremin.\n Fødevarestyrelsen, j. nr. 2009-20-2301-00135;775;2009;AH003421;B20090077505;Lovtidende A;;Fremgår af forskriften;20090810;20090815;20090815;20090815;;FALSE;;;;;A20220000829;;;;https://www.retsinformation.dk/eli/lta/2009/775
B;Bekendtgørelse;Bekendtgørelse om fredningsbælter og om ophævelse af lov om saltvandsfiskeri;;Ministeriet for Fødevarer, Landbrug og Fiskeri;Fiskeridirektoratet;Fødevaremin., \nFiskeridir. j.nr. 2001-247-35;769;2004;AH001517;B20040076905;Lovtidende A;;Fremgår af forskriften;20040709;20040720;20070102;20040720;;FALSE;;;;;A20190026129;BEK nr 1200 af 11/12/2008;;;https://www.retsinformation.dk/eli/lta/2004/769
A;Lovbekendtgørelse;Bekendtgørelse af lov om strukturforanstaltninger vedrørende fiskerisektoren;;Ministeriet for Fødevarer, Landbrug og Fiskeri;;Miljø- og Fødevaremin.,\nNaturErhvervstyrelsen, j.nr. 16-0122-000036;35;2017;CK001138;A20170003529;Lovtidende A;;Fremgår af forskriften;20170104;20170107;20170107;20170107;;FALSE;;;;;;;;;https://www.retsinformation.dk/eli/lta/2017/35
B;Bekendtgørelse;Bekendtgørelse om erhvervsfiskeriets grundkursus;;Uddannelses- og Forskningsministeriet;;Uddannelses- og Forskningsmin.,\nStyrelsen for Videregående Uddannelser, j.nr. 15/012309;963;2015;CE000318;B20150096305;Lovtidende A;;Fremgår af forskriften;20150826;20150827;20150827;20150827;;FALSE;;;;;A20190078129;;;;https://www.retsinformation.dk/eli/lta/2015/963
B;Bekendtgørelse;Bekendtgørelse om tilskud til afsætningsfremme;;Ministeriet for Fødevarer, Landbrug og Fiskeri;Fiskeristyrelsen;Miljø- og Fødevaremin.,\nFiskeristyrelsen, j.nr. 19-25075-00005;783;2019;CK002118;B20190078305;Lovtidende A;;Fremgår af forskriften;20190808;20190809;20190809;20190809;;FALSE;;;;;A20170001929;;;;https://www.retsinformation.dk/eli/lta/2019/783
B;Bekendtgørelse;Bekendtgørelse om vildtskader;Vildtskadebekendtgørelsen;Miljøministeriet;Miljø- og Fødevareministeriet;Miljø- og Fødevaremin., j.nr. 2020-1684;1006;2020;CK002540;B20200100605;Lovtidende A;;Fremgår af forskriften;20200614;20200630;20200630;20200630;;FALSE;;;;;A20190026529;;;;https://www.retsinformation.dk/eli/lta/2020/1006
A;Lovbekendtgørelse;Bekendtgørelse af lov om læhegn og tilskud til læplantning;;Ministeriet for Fødevarer, Landbrug og Fiskeri;;Miljø- og Fødevaremin.,\nNaturErhvervstyrelsen, j.nr. 16-0122-000029;26;2017;CK001131;A20170002629;Lovtidende A;;Fremgår af forskriften;20170104;20170106;20170106;20170106;;FALSE;;;;;;LOV nr 15 af 14/01/1998;;;https://www.retsinformation.dk/eli/lta/2017/26
B;Bekendtgørelse;Bekendtgørelse om kriterier for vurdering af kommunale projekter vedrørende vandløbsrestaurering;Kriteriebekendtgørelsen;Miljøministeriet;Miljøministeriet;Miljømin., j.nr. 2022-4919;1207;2022;DD000214;B20220120705;Lovtidende A;;Fremgår af forskriften;20220826;20220831;20220831;20220831;;FALSE;;;;;A20210258430;;;;https://www.retsinformation.dk/eli/lta/2022/1207
B;Bekendtgørelse;Bekendtgørelse om uddannelsen til fiskeskipper af 1. grad;;Uddannelses- og Forskningsministeriet;;Uddannelses- og Forskningsmin.,\nStyrelsen for Videregående Uddannelser, j.nr. 16/021808;1587;2016;CE000451;B20160158705;Lovtidende A;;Fremgår af forskriften;20161213;20161216;20161216;20161216;;FALSE;;;;;A20190078129;BEK nr 1043 af 26/06/2020;;;https://www.retsinformation.dk/eli/lta/2016/1587
A;Lovbekendtgørelse;Bekendtgørelse af lov om Kongeriget Danmarks Fiskeribank;;Ministeriet for Fødevarer, Landbrug og Fiskeri;;Miljø- og Fødevaremin.,\nNaturErhvervstyrelsen, j.nr. 16-0122-000033;32;2017;CK001135;A20170003229;Lovtidende A;;Fremgår af forskriften;20170104;20170107;20170107;20170107;;FALSE;;;;;;;;;https://www.retsinformation.dk/eli/lta/2017/32
A;Lovbekendtgørelse;Bekendtgørelse af lov om inddragelse af dele af søterritoriet under de for de ferske vande gældende retsregler;;Miljøministeriet;Naturstyrelsen;Miljø- og Fødevaremin.,\nNaturstyrelsen, j.nr. 019-00522;1501;2015;CK000333;A20150150129;Lovtidende A;;Fremgår af forskriften;20151208;20151212;20151212;20151212;;FALSE;;;;;;;;;https://www.retsinformation.dk/eli/lta/2015/1501
B;Bekendtgørelse;Bekendtgørelse om jordkøbsnævn;;Ministeriet for Fødevarer, Landbrug og Fiskeri;Direktoratet for FødevareErhverv;Fødevaremin.,\nDirektoratet for FødevareErhverv, j.nr. 2212-000-06-55;1220;2007;AH002675;B20070122005;Lovtidende A;;Fremgår af forskriften;20071018;20071030;20071030;20071030;;FALSE;;;;;A20170003129;;;;https://www.retsinformation.dk/eli/lta/2007/1220
B;Bekendtgørelse;Bekendtgørelse om fredningsbælter mv. i Limfjorden øst for Aggersundbroen;;Ministeriet for Fødevarer, Landbrug og Fiskeri;Fiskeridirektoratet;Fødevaremin.\nFiskeridir., j.nr. 1998-247-22;351;2000;AH000552;B20000035105;Lovtidende A;;Fremgår af forskriften;20000511;20000526;20070102;20000526;;FALSE;;;;;A20190026129;;;;https://www.retsinformation.dk/eli/lta/2000/351
B;Bekendtgørelse;Bekendtgørelse om fiskerikontrol (myndighed);;Ministeriet for Fødevarer, Landbrug og Fiskeri;;Miljø- og fødevaremin., \nFiskeristyrelsen j.nr. 20-12280-000005;1538;2020;CK002673;B20200153805;Lovtidende A;;Fremgår af forskriften;20201029;20201030;20201030;20201030;;FALSE;;;;;A20170001929;;;;https://www.retsinformation.dk/eli/lta/2020/1538
B;Bekendtgørelse;Bekendtgørelse om ændring i forretningernes fordeling mellem ministrene;;Statsministeriet;;Statsmin., j.nr. 121-0015;184;2012;AP000252;B20120018405;Lovtidende A;;Fremgår af forskriften;20120227;20120301;20120301;20120301;;FALSE;;;;;;;;;https://www.retsinformation.dk/eli/lta/2012/184
B;Bekendtgørelse;Bekendtgørelse om overvågning af fiskerfartøjer via satellit;;Ministeriet for Fødevarer, Landbrug og Fiskeri;;Fødevaremin.,\nNaturErhvervstyrelsen, j.nr. 12-7010-000001;1075;2012;AH004739;B20120107505;Lovtidende A;;Fremgår af forskriften;20121120;20121123;20121123;20121123;;FALSE;;;;;A20190026129;;;;https://www.retsinformation.dk/eli/lta/2012/1075
B;Bekendtgørelse;Bekendtgørelse om fiskeriet i Ferring Sø mv.;;Ministeriet for Fødevarer, Landbrug og Fiskeri;Fiskeridirektoratet;Fødevaremin.,\nFiskeridir., j.nr. 1999-2525-96;203;2002;AH001172;B20020020305;Lovtidende A;;Fremgår af forskriften;20020412;20020423;20070102;20020423;;FALSE;;;;;A20190026129;;;;https://www.retsinformation.dk/eli/lta/2002/203
B;Bekendtgørelse;Bekendtgørelse om fredning af farvandet omkring Agerø samt Skibsted Fjord;;Miljøministeriet;Styrelsen for Vand- og Naturforvaltning;Miljø- og Fødevaremin.,\nNaturstyrelsen, j.nr. 010-00222;934;2016;CK000785;B20160093405;Lovtidende A;;Fremgår af forskriften;20160627;20160630;20160630;20160630;;FALSE;;;;;A20210198629;;;;https://www.retsinformation.dk/eli/lta/2016/934
B;Bekendtgørelse;Bekendtgørelse om forretningsorden for Rådet for Dyreforsøg;;Ministeriet for Fødevarer, Landbrug og Fiskeri;Ministeriet for Fødevarer, Landbrug og Fiskeri;Fødevaremin.,\nFødevarestyrelsen, j.nr. 2012-15-2301-01164;82;2013;AH004831;B20130008205;Lovtidende A;;Fremgår af forskriften;20130129;20130131;20130131;20130131;;FALSE;;;;;A20220110729;;;;https://www.retsinformation.dk/eli/lta/2013/82
B;Bekendtgørelse;Bekendtgørelse om Nakskov Vildtreservat;;Miljøministeriet;Miljøstyrelsen;Miljø- og Fødevaremin.,\nMiljøstyrelsen, j.nr. SVANA-600-00007;584;2017;CK000741;B20170058405;Lovtidende A;;Fremgår af forskriften;20170513;20170602;20170602;20170602;;FALSE;;;;;A20190026529;;;;https://www.retsinformation.dk/eli/lta/2017/584
B;Bekendtgørelse;Bekendtgørelse om offentlig adgang til visse oplysninger i Fiskeridirektoratets registre;;Ministeriet for Fødevarer, Landbrug og Fiskeri;Fiskeridirektoratet;Fødevaremin.,\nFiskeridir., j.nr. 2005-03313;1365;2005;AH002246;B20050136505;Lovtidende A;;Fremgår af forskriften;20051215;20051223;20070102;20051223;;FALSE;;;;;A20190026129;;;;https://www.retsinformation.dk/eli/lta/2005/1365
B;Bekendtgørelse;Bekendtgørelse om Landbrugsstyrelsens opgaver og beføjelser;;Ministeriet for Fødevarer, Landbrug og Fiskeri;;Miljø- og Fødevaremin.,\nLandbrugsstyrelsen, j.nr. 17-1211-000002;1273;2017;CK001410;B20170127305;Lovtidende A;;Fremgår af forskriften;20171127;20171130;20220413;20171130;;FALSE;;;;;A20170000929,A20170001329,A20170001529,A20170001629,A20170002329,A20170002829,A20170003129,A20170003429,A20180155130,A20180155130,A20180155130,A20180155130,A20190033830,A20190052029,A20200010329,A20200011429,A20200011529,A20200011629,A20200113229,A20200113229,A20220000829,A20220000929,A20220904516,A20220120329;;;;https://www.retsinformation.dk/eli/lta/2017/1273
B;Bekendtgørelse;Bekendtgørelse om ændring i forretningernes fordeling mellem ministrene;;Statsministeriet;;Statsmin., j.nr. 123-0027;1080;2009;AP000234;B20090108005;Lovtidende A;;Fremgår af forskriften;20091117;20091121;20091121;20091121;;FALSE;;;;;;;;;https://www.retsinformation.dk/eli/lta/2009/1080
B;Bekendtgørelse;Bekendtgørelse om Nibe- og Gjøl Bredning Vildtreservat;;Miljøministeriet;;Miljømin., j.nr. D 1100-0029;9302;1993;AL003056;B19930930205;Retsinformation;;Fremgår af forskriften;19930702;20141126;20141126;;;FALSE;;;;;A20190026529;;;;https://www.retsinformation.dk/eli/retsinfo/1993/9302
B;Bekendtgørelse;Bekendtgørelse om uddannelsen til fiskeskipper af 3. grad;;Uddannelses- og Forskningsministeriet;;Uddannelses- og Forskningsmin.,\nStyrelsen for Videregående Uddannelser, j.nr. 16/021808;1621;2016;CE000452;B20160162105;Lovtidende A;;Fremgår af forskriften;20161215;20161217;20161217;20161217;;FALSE;;;;;A20190078129;;;;https://www.retsinformation.dk/eli/lta/2016/1621
A;Lovbekendtgørelse;Bekendtgørelse af lov om gødning og jordforbedringsmidler m.v.;;Ministeriet for Fødevarer, Landbrug og Fiskeri;;Miljø- og Fødevaremin.,\nNaturErhvervstyrelsen, j.nr. 16-0122-000019;16;2017;CK001121;A20170001629;Lovtidende A;;Fremgår af forskriften;20170104;20170106;20170106;20170106;;FALSE;;;;;;LOV nr 2214 af 29/12/2020,LOV nr 416 af 05/04/2022;;;https://www.retsinformation.dk/eli/lta/2017/16
B;Bekendtgørelse;Bekendtgørelse om fredning og vildtreservat i Vadehavet;;Miljøministeriet;Miljøministeriet, Skov- og Naturstyrelsen;Miljømin., j.nr. SNS-100-00026;867;2007;AL001670;B20070086705;Lovtidende A;;Fremgår af forskriften;20070621;20070717;20070717;20070717;;FALSE;;;;;A20190026529,A20210198629;;;;https://www.retsinformation.dk/eli/lta/2007/867
B;Bekendtgørelse;Bekendtgørelse om udnævnelse og afskedigelse af tjenestemænd i Fiskeristyrelsen;;Ministeriet for Fødevarer, Landbrug og Fiskeri;;Udenrigsmin., j.nr. 2017-33078;796;2018;AS001741;B20180079605;Lovtidende A;;Fremgår af forskriften;20180618;20180620;20180620;20180620;;FALSE;;;;;A20170051129;;;;https://www.retsinformation.dk/eli/lta/2018/796
B;Bekendtgørelse;Bekendtgørelse om ophævelse af visse bekendtgørelser inden for NaturErhvervstyrelsens område;;Ministeriet for Fødevarer, Landbrug og Fiskeri;;Miljø- og Fødevaremin.,\nNaturErhvervstyrelsen, j.nr. 15-010-000008;1788;2015;CK000453;B20150178805;Lovtidende A;;Fremgår af forskriften;20151216;20151223;20151223;20151223;;FALSE;;;;;;;;;https://www.retsinformation.dk/eli/lta/2015/1788
A;Lovbekendtgørelse;Bekendtgørelse af lov om indkøbsforeninger for mindre virksomheder i landdistrikterne;;Ministeriet for Fødevarer, Landbrug og Fiskeri;;Miljø- og Fødevaremin.,\nNaturErhvervstyrelsen, j.nr. 16-0122-000018;15;2017;CK001120;A20170001529;Lovtidende A;;Fremgår af forskriften;20170104;20170106;20170106;20170106;;FALSE;;;;;;;;;https://www.retsinformation.dk/eli/lta/2017/15
B;Bekendtgørelse;Bekendtgørelse om ændring i forretningernes fordeling mellem ministrene;;Statsministeriet;;Statsmin., j.nr. 2017-3749;1112;2017;AP000282;B20170111205;Lovtidende A;;Fremgår af forskriften;20170929;20171003;20171003;20171003;;FALSE;;;;;;;;;https://www.retsinformation.dk/eli/lta/2017/1112
B;Bekendtgørelse;Bekendtgørelse om kompensation til virksomheders meromkostninger som konsekvens af Brexit;;Erhvervsministeriet;Erhvervsstyrelsen;Erhvervsmin.,\nErhvervsstyrelsen, j.nr. 2022-13715;1210;2022;CQ002302;B20220121005;Lovtidende A;;Fremgår af forskriften;20220829;20220831;20220831;20220831;;FALSE;;;;;A20180151830;;;;https://www.retsinformation.dk/eli/lta/2022/1210
A;Lovbekendtgørelse;Bekendtgørelse af lov om sikring af dyrepatogener;;Ministeriet for Fødevarer, Landbrug og Fiskeri;Fødevarestyrelsen;Miljø- og Fødevaremin.,\nFødevarestyrelsen, j.nr. 2017-32-30-00072;53;2017;CK001152;A20170005329;Lovtidende A;;Fremgår af forskriften;20170111;20170114;20170114;20170114;;FALSE;;;;;;;;;https://www.retsinformation.dk/eli/lta/2017/53
B;Bekendtgørelse;Bekendtgørelse om brancheundergrupper i Arbejdsmarkedets Erhvervssikring;;Beskæftigelsesministeriet;Arbejdstilsynet;Beskæftigelsesmin.,\n Arbejdstilsynet, j.nr. 20205001373;1728;2020;BE008636;B20200172805;Lovtidende A;;Fremgår af forskriften;20201130;20201201;20201201;20201201;;FALSE;;;;;A20220118629;;;;https://www.retsinformation.dk/eli/lta/2020/1728
A;Lovbekendtgørelse;Bekendtgørelse af lov om bæredygtige biobrændstoffer og om reduktion af drivhusgasser (biobrændstofloven);Biobrændstofloven;Klima-, Energi- og Forsyningsministeriet;Energistyrelsen;Klima-, Energi- og Forsyningsmin.,\nEnergistyrelsen, j.nr. 2021-17838;2167;2021;DB000421;A20210216729;Lovtidende A;;Fremgår af forskriften;20211129;20211130;20211130;20211130;;FALSE;;;;;;;;;https://www.retsinformation.dk/eli/lta/2021/2167
B;Bekendtgørelse;Bekendtgørelse om straffebestemmelser for overtrædelse af forordning om tilsætning af vitaminer og mineraler samt visse andre stoffer til fødevarer og om ophævelse af bekendtgørelse om indhold af transfedtsyrer i olier og fedtstoffer m.v.;;Ministeriet for Fødevarer, Landbrug og Fiskeri;Fødevarestyrelsen;Ministeriet for Fødevarer, Landbrug og Fiskeri, \nFødevarestyrelsen, j.nr. 2021-29-31-00232;501;2021;DC000152;B20210050105;Lovtidende A;;Fremgår af forskriften;20210324;20210325;20210325;20210325;;FALSE;;;;;A20220000829;;;;https://www.retsinformation.dk/eli/lta/2021/501
A;Lovbekendtgørelse;Bekendtgørelse af lov om tillæg til strandingsloven af 10. april 1895;;Justitsministeriet;;Justitsmin., j.nr. 2009-802-0075;838;2009;AA005029;A20090083829;Lovtidende A;;Fremgår af forskriften;20090810;20090908;20090908;20090908;;FALSE;;;;;;LOV nr 1384 af 23/12/2012,LOV nr 1711 af 27/12/2018;;;https://www.retsinformation.dk/eli/lta/2009/838
B;Bekendtgørelse;Bekendtgørelse om indberetning af oplysninger om dansk akvakultur;;Ministeriet for Fødevarer, Landbrug og Fiskeri;Ministeriet for Fødevarer, Landbrug og Fiskeri;Ministeriet for Fødevarer, Landbrug og Fiskeri, j.nr. 2021-6115;2288;2021;DC000433;B20210228805;Lovtidende A;;Fremgår af forskriften;20211203;20211207;20211207;20211207;;FALSE;;;;;A20190026129;;;;https://www.retsinformation.dk/eli/lta/2021/2288
B;Bekendtgørelse;Bekendtgørelse om tilskudsordning for yngre fiskeres førstegangsetablering;Førstegangsetableringsbekendtgørelsen;Ministeriet for Fødevarer, Landbrug og Fiskeri;Fiskeristyrelsen;Miljø- og Fødevaremin., \nFiskeristyrelsen, j.nr. 20-0585-000002;1173;2020;CK002576;B20200117305;Lovtidende A;;Fremgår af forskriften;20200703;20200721;20220413;20200721;;FALSE;;;;;A20220904516;;;;https://www.retsinformation.dk/eli/lta/2020/1173
B;Bekendtgørelse;Bekendtgørelse om bemyndigelse af DMRI til godkendelse og syn af isoleret transportmateriel til letfordærvelige fødevarer og nedsættelse af ATP-udvalget;;Ministeriet for Fødevarer, Landbrug og Fiskeri;Miljø- og Fødevareministeriet;Miljø- og Fødevaremin.,\nFødevarestyrelsen, j.nr. 2019-28-169-00519;597;2020;CK002462;B20200059705;Lovtidende A;;Fremgår af forskriften;20200507;20200512;20200512;20200512;;FALSE;;;;;A20220000829;;;;https://www.retsinformation.dk/eli/lta/2020/597
B;Bekendtgørelse;Bekendtgørelse om  betaling for visse veterinære laboratorieanalyser;;Ministeriet for Fødevarer, Landbrug og Fiskeri;Fødevarestyrelsen;Ministeriet for Fødevarer, Landbrug og Fiskeri,\nFødevarestyrelsen, j.nr. 2020-45-31-00207;2123;2020;DC000075;B20200212305;Lovtidende A;;Fremgår af forskriften;20201214;20201223;20201223;20201223;;FALSE;;;;;A20220000929;;;;https://www.retsinformation.dk/eli/lta/2020/2123
B;Bekendtgørelse;Bekendtgørelse om Nationalpark Vadehavet;;Miljøministeriet;Skov- og Naturstyrelsen;Miljømin.,\nSkov- og Naturstyrelsen, j.nr. SNS-403-00300;1159;2010;AL002288;B20100115905;Lovtidende A;;Fremgår af forskriften;20100930;20101009;20101009;20101009;;FALSE;;;;;A20170012029;;;;https://www.retsinformation.dk/eli/lta/2010/1159
B;Bekendtgørelse;Bekendtgørelse om bæredygtighed og besparelse af drivhusgasemissioner for biomassebrændsler og flydende biobrændsler til energiformål, m.v.;Bæredygtighedsbekendtgørelsen;Klima-, Energi- og Forsyningsministeriet;Energistyrelsen;Klima-, Energi- og Forsyningsmin.,\nEnergistyrelsen, j.nr. 2022-12986;642;2022;DB000499;B20220064205;Lovtidende A;;Fremgår af forskriften;20220517;20220519;20220519;20220519;;FALSE;;;;;A20200012629,A20210179129;;;;https://www.retsinformation.dk/eli/lta/2022/642
B;Bekendtgørelse;Bekendtgørelse om fiskeriet i Hjarbæk Fjord og Lovns Bredning;;Ministeriet for Fødevarer, Landbrug og Fiskeri;;Fødevaremin. 3. afd., 2. kt., J.nr. 1998-1180-40;496;1998;CM047486;B19980049605;Lovtidende A;;Fremgår af forskriften;19980626;19980710;20070102;19980710;;FALSE;;;;;A20190026129;;;;https://www.retsinformation.dk/eli/lta/1998/496
B;Bekendtgørelse;Bekendtgørelse om tilskud til fremme af innovation, forskning og udvikling m.v. i fødevare-, jordbrugs- og fiskerisektoren;;Ministeriet for Fødevarer, Landbrug og Fiskeri;;Fødevaremin., sagsnr. 4818;772;2008;AH002993;B20080077205;Lovtidende A;;Fremgår af forskriften;20080715;20080718;20190502;20080718;;FALSE;;;;;A20170002229,A20220120329;;;;https://www.retsinformation.dk/eli/lta/2008/772
A;Lovbekendtgørelse;Bekendtgørelse af lov om kontinentalsoklen og visse rørledningsanlæg på søterritoriet;Kontinentalsokkelloven;Klima-, Energi- og Forsyningsministeriet;Energistyrelsen;Energi-, Forsynings- og Klimamin.,\nEnergistyrelsen, j.nr. 2018 - 15568 ;1189;2018;CI000494;A20180118929;Lovtidende A;;Fremgår af forskriften;20180921;20180928;20181017;20180928;;FALSE;;;;;;;;;https://www.retsinformation.dk/eli/lta/2018/1189
C;Cirkulære (2 sp);Cirkulære om lov nr. 889 af 3. december 1997 om ændring af lov om afgift af lønsum m.v. (Afkortning af kredittiden m.v.) og om lov nr. 890 af 3. december 1997 om ændring af momsloven og lov om fremskyndet tilbagebetaling af visse afgifter    (Afkortning af kredittiden for landbrug og fiskeri m.v.);;Skatteministeriet;;Skattemin., j.nr. 5.97-212-7;181;1997;CM046021;C19970018109;Ministerialtidende;;Fremgår af forskriften;19971211;19980315;20060601;19971230;;FALSE;;;;;A20180002929,A20190102129,A20210272929;;;;https://www.retsinformation.dk/eli/mt/1997/181
B;Bekendtgørelse;Bekendtgørelse om indstillingsudvalget for Fonden for Retfærdig Omstilling;;Erhvervsministeriet;Erhvervsministeriet;Erhvervsmin.,\nErhvervsstyrelsen, j.nr. 2022-4135;1076;2022;CQ002266;B20220107605;Lovtidende A;;Fremgår af forskriften;20220629;20220630;20220630;20220630;;FALSE;;;;;A20190016029;;;;https://www.retsinformation.dk/eli/lta/2022/1076
B;Bekendtgørelse;Bekendtgørelse om indhold af cadmium i fosforholdig gødning;;Miljøministeriet;Miljøministeriet;Miljømin., j.nr. 2021-2071;818;2022;DD000195;B20220081805;Lovtidende A;;Fremgår af forskriften;20220604;20220609;20220609;20220609;;FALSE;;;;;A20220024429;;;;https://www.retsinformation.dk/eli/lta/2022/818
B;Bekendtgørelse;Bekendtgørelse om ikke-erhvervsmæssig sejlads på Susåen med sidevandløb og på Tystrup-Bavelse Søerne;;Miljøministeriet;Naturstyrelsen;Miljø- og Fødevaremin.,\nNaturstyrelsen, j.nr. 019-00522;1784;2015;CK000441;B20150178405;Lovtidende A;;Fremgår af forskriften;20151216;20151223;20151223;20151223;;FALSE;;;;;A20210198629;;;;https://www.retsinformation.dk/eli/lta/2015/1784
B;Bekendtgørelse;Bekendtgørelse om videregivelse af fortrolige oplysninger om visse udenlandske direkte investeringer m.v. i Danmark til andre myndigheder;;Erhvervsministeriet;Erhvervsstyrelsen;Erhvervsmin.,\nErhvervsstyrelsen, j.nr. 2021-12054;1455;2021;CQ001839;B20210145505;Lovtidende A;;Fremgår af forskriften;20210624;20210630;20210630;20210630;;FALSE;;;;;A20210084230;;;;https://www.retsinformation.dk/eli/lta/2021/1455
B;Bekendtgørelse;Bekendtgørelse om skibsregistrering;;Erhvervsministeriet;Søfartsstyrelsen;Erhvervsmin.,\nSøfartsstyrelsen, j.nr. 1001-3;41;1999;AD000154;B19990004105;Lovtidende A;;Fremgår af forskriften;19990122;19990202;20070322;19990202;;FALSE;;;;;A20180150529;BEK nr 247 af 22/03/2007,BEK nr 621 af 19/06/2012,BEK nr 120 af 08/02/2013,BEK nr 964 af 19/07/2013,BEK nr 1124 af 09/10/2017,BEK nr 110 af 14/02/2018,BEK nr 1105 af 28/08/2018,BEK nr 956 af 13/09/2019;;;https://www.retsinformation.dk/eli/lta/1999/41
B;Bekendtgørelse;Bekendtgørelse om fredningsbælterne i Vejle Amt;;Ministeriet for Fødevarer, Landbrug og Fiskeri;Fiskeriministeriet;Fiskerimin. j.nr. IV 92-216-13;163;1994;CM036320;B19940016305;Lovtidende A;;Fremgår af forskriften;19940308;19970925;20070102;19940318;;FALSE;;;;;A20190026129;;;;https://www.retsinformation.dk/eli/lta/1994/163
B;Bekendtgørelse;Bekendtgørelse om godkendte parringsområder for honningbier;;Ministeriet for Fødevarer, Landbrug og Fiskeri;Monopoldirektoratet, Gas- og Varmeprisudvalget;Fødevaremin.,\nPlantedirektoratet, j.nr. 08-0114-000003;280;2008;AH002887;B20080028005;Lovtidende A;;Fremgår af forskriften;20080425;20080426;20080426;20080426;;FALSE;;;;;A20170001329;;;;https://www.retsinformation.dk/eli/lta/2008/280
B;Bekendtgørelse;Bekendtgørelse om jordbrugsvirksomheders anvendelse af gødning;Gødningsanvendelsesbekendtgørelsen;Ministeriet for Fødevarer, Landbrug og Fiskeri;Landbrugsstyrelsen;Ministeriet for Fødevarer, Landbrug og Fiskeri, j.nr. 2021-5723;1142;2022;DC000649;B20220114205;Lovtidende A;;Fremgår af forskriften;20220710;20220715;20220715;20220715;;FALSE;;;;;A20190052029;;;;https://www.retsinformation.dk/eli/lta/2022/1142
B;Bekendtgørelse;Bekendtgørelse om ændring i forretningernes fordeling mellem ministrene;;Statsministeriet;;Statsmin., j.nr. 2019-1927;1020;2019;AP000315;B20190102005;Lovtidende A;;Fremgår af forskriften;20191006;20191009;20191009;20191009;;FALSE;;;;;;;;;https://www.retsinformation.dk/eli/lta/2019/1020
B;Bekendtgørelse;Bekendtgørelse om særlige regler for fritidsfiskeri efter torsk i Østersøen, Bælterne og Øresund;;Ministeriet for Fødevarer, Landbrug og Fiskeri;Fiskeridirektoratet;Fødevaremin.,\nFiskeridir., j.nr. 2002-241-4;930;2003;AH001639;B20030093005;Lovtidende A;;Fremgår af forskriften;20031125;20031202;20070102;20031202;;FALSE;;;;;A20190026129;;;;https://www.retsinformation.dk/eli/lta/2003/930
B;Bekendtgørelse;Bekendtgørelse om ophævelse af bekendtgørelse om statsgaranti for lån til yngre jordbrugere m.v.;;Ministeriet for Fødevarer, Landbrug og Fiskeri;Departementet;Fødevaremin., j.nr. 12976;1236;2011;AH004441;B20110123605;Lovtidende A;;Fremgår af forskriften;20111215;20111220;20111220;20111220;;FALSE;;;;;A20170003429;;;;https://www.retsinformation.dk/eli/lta/2011/1236
A;Ændringslov;Lov om ændring af lov om aflivning af og midlertidigt forbud mod hold af mink og lov om Miljø- og Fødevareklagenævnet (Udvidelse af kredsen af kompensationsberettigede følgeerhverv, regler om krav om miljøtilladelser m.v., regler om ansøgning, frister og dokumentationskrav, regler om statens overtagelse af erstattede eller kompenserede aktiver og adgang til nedrivning og bortskaffelse m.v., regler om klageadgang og søgsmålsfrister m.v.);;Ministeriet for Fødevarer, Landbrug og Fiskeri;Ministeriet for Fødevarer, Landbrug og Fiskeri;Ministeriet for Fødevarer, Landbrug og Fiskeri, j.nr. 2021-14;784;2021;DC000200;A20210078430;Lovtidende A;;Fremgår af forskriften;20210504;20210505;20210505;20210505;;FALSE;;;;;;;;;https://www.retsinformation.dk/eli/lta/2021/784
B;Bekendtgørelse;Bekendtgørelse om færdsel mv. på Hald Sø;;Miljøministeriet;By- og Landskabsstyrelsen/Søfartsstyrelsen;Miljømin., j.nr. 4100-0038 Skov- og Naturstyrelsen, j.nr. SN 551/FU-0002;75;1994;CM006862;B19940007505;Lovtidende A;;Fremgår af forskriften;19940128;19970925;20070706;19940208;;FALSE;;;;;A20210198629;;;;https://www.retsinformation.dk/eli/lta/1994/75
B;Bekendtgørelse;Bekendtgørelse om tilskud til ophugning af konsumfiskerfartøjer;;Ministeriet for Fødevarer, Landbrug og Fiskeri;Direktoratet for FødevareErhverv;Fødevaremin. J.nr. 2001-216-0034;942;2001;AH001035;B20010094205;Lovtidende A;;Fremgår af forskriften;20011024;20011109;20070102;20011109;;FALSE;;;;;A20170003529;;;;https://www.retsinformation.dk/eli/lta/2001/942
B;Bekendtgørelse;Bekendtgørelse om henlæggelse til Miljøstyrelsen, Arbejdstilsynet og Søfartsstyrelsen af opgaver og tilsyn vedrørende Europa-Parlamentets og Rådets forordning (EF) nr. 1907/2006 om registrering, vurdering og godkendelse af samt begrænsninger for kemikalier (REACH);;Ministeriet for Fødevarer, Landbrug og Fiskeri;;Miljø- og Fødevaremin., j.nr. 2018-14695;985;2019;CK002143;B20190098505;Lovtidende A;;Fremgår af forskriften;20190920;20190927;20190927;20190927;;FALSE;;;;;A20220024429;;;;https://www.retsinformation.dk/eli/lta/2019/985
B;Bekendtgørelse;Bekendtgørelse om ændring i forretningernes fordeling mellem ministrene;;Statsministeriet;;Statsmin., j.nr. 2021-2533;1600;2021;AP000330;B20210160005;Lovtidende A;;Fremgår af forskriften;20210709;20210716;20210716;20210716;;FALSE;;;;;;;;;https://www.retsinformation.dk/eli/lta/2021/1600
B;Bekendtgørelse;Bekendtgørelse om tilsyn med bræmmer langs vandløb og søer;;Miljøministeriet;Naturstyrelsen;Miljømin.,\nNaturstyrelsen, j.nr. NST-4500-00005;462;2013;AL002810;B20130046205;Lovtidende A;;Fremgår af forskriften;20130430;20130509;20130509;20130509;;FALSE;;;;;A20190121729;;;;https://www.retsinformation.dk/eli/lta/2013/462
A;Lovbekendtgørelse;Bekendtgørelse af lov om visse landdistriktsrelaterede tilskudsordninger m.v.;;Ministeriet for Fødevarer, Landbrug og Fiskeri;;Miljø- og Fødevaremin.,\nNaturErhvervstyrelsen, j.nr. 16-0122-000035;34;2017;CK001137;A20170003429;Lovtidende A;;Fremgår af forskriften;20170104;20170107;20170107;20170107;;FALSE;;;;;;;;;https://www.retsinformation.dk/eli/lta/2017/34
B;Bekendtgørelse;Bekendtgørelse om særlige regler for fiskeriet i Mariager Fjord;;Ministeriet for Fødevarer, Landbrug og Fiskeri;Fiskeridirektoratet;Fødevaremin.,\nFiskeridir., j.nr. 1997-247-9;670;2001;AH000942;B20010067005;Lovtidende A;;Fremgår af forskriften;20010709;20010717;20070102;20010717;;FALSE;;;;;A20190026129;;;;https://www.retsinformation.dk/eli/lta/2001/670
B;Bekendtgørelse;Bekendtgørelse om fredning af visse dyre- og plantearter og pleje af tilskadekommet vildt;Artfredningsbekendtgørelsen;Miljøministeriet;Miljøministeriet;Miljømin., j.nr. 2019-11434;521;2021;DD000051;B20210052105;Lovtidende A;;Fremgår af forskriften;20210325;20210327;20210327;20210327;;FALSE;;;;;A20190026529,A20210198629;;;;https://www.retsinformation.dk/eli/lta/2021/521
B;Anordning;Anordning om fælles fiskeri i Flensborg inderfjord.;;Ministeriet for Fødevarer, Landbrug og Fiskeri;;Ingen;324;1959;CM038801;B19590032403;Lovtidende A;;Fremgår af forskriften;19591209;19980706;20091218;19591223;;FALSE;;;;;A20190026129;;;;https://www.retsinformation.dk/eli/lta/1959/324
B;Bekendtgørelse;Bekendtgørelse om udsætning af krebs i ferske vande;;Ministeriet for Fødevarer, Landbrug og Fiskeri;;Fødevaremin., j.nr. 1999-1180-60;334;1999;AH000271;B19990033405;Lovtidende A;;Fremgår af forskriften;19990526;19990608;20070316;19990608;;FALSE;;;;;A19650006630;;;;https://www.retsinformation.dk/eli/lta/1999/334
B;Bekendtgørelse;Bekendtgørelse om visse rørledningsanlæg på søterritoriet og kontinentalsoklen;;Klima-, Energi- og Forsyningsministeriet;Energistyrelsen;Energi-, Forsynings- og Klimamin.,\nEnergistyrelsen, j.nr. 2017-6376;1520;2017;CI000390;B20170152005;Lovtidende A;;Fremgår af forskriften;20171215;20171219;20171219;20171219;;FALSE;;;;;A20180118929;BEK nr 1431 af 25/06/2021;;;https://www.retsinformation.dk/eli/lta/2017/1520
A;Lovbekendtgørelse;Bekendtgørelse af lov om lige løn til mænd og kvinder;Ligelønsloven;Beskæftigelsesministeriet;;Beskæftigelsesmin., j.nr. 2018-5945;156;2019;BE007908;A20190015629;Lovtidende A;;Fremgår af forskriften;20190222;20190223;20190328;20190223;;FALSE;;;;;;;;;https://www.retsinformation.dk/eli/lta/2019/156
B;Bekendtgørelse;Bekendtgørelse af Regulativ for fiskeriet i Gjødstrup Sø;;Ministeriet for Fødevarer, Landbrug og Fiskeri;;86-26-23;7010;1989;CM037792;B19890701005;Retsinformation;;Fremgår af forskriften;19891012;19970925;20040809;;;FALSE;;;;;A20020036930;;;;https://www.retsinformation.dk/eli/retsinfo/1989/7010
B;Bekendtgørelse;Bekendtgørelse om administration af tilskud vedrørende bæredygtig byudvikling fra Den Europæiske Regionalfond;;Erhvervsministeriet;Erhvervsministeriet;Erhvervsmin.,\nErhvervsstyrelsen, j.nr. 2022-290;923;2022;CQ002260;B20220092305;Lovtidende A;;Fremgår af forskriften;20220619;20220622;20220622;20220622;;FALSE;;;;;A20190016029;;;;https://www.retsinformation.dk/eli/lta/2022/923
B;Bekendtgørelse;Bekendtgørelse om sejladssikkerhed ved entreprenørarbejder og andre aktiviteter mv. i danske farvande;;Erhvervsministeriet;Søfartsstyrelsen;Erhvervs- og Vækstmin.,\nSøfartsstyrelsen, j.nr. 2012002161;1351;2013;BP000737;B20130135105;Lovtidende A;;Fremgår af forskriften;20131129;20131205;20131205;20131205;;FALSE;;;;;A20220022129;;;;https://www.retsinformation.dk/eli/lta/2013/1351
B;Bekendtgørelse;Bekendtgørelse om orlov til uddannelsessøgende, der har tegnet kontrakt med forsvaret om udsendelse;;Forsvarsministeriet;;Forsvarsministeriet, j.nr. 2010/000134;165;2010;AG000408;B20100016505;Lovtidende A;;Fremgår af forskriften;20100216;20100219;20100219;20100219;;FALSE;;;;;A20060066729;;;;https://www.retsinformation.dk/eli/lta/2010/165
B;Bekendtgørelse;Bekendtgørelse om tilskud til bevaring af brun Læsøbi;;Ministeriet for Fødevarer, Landbrug og Fiskeri;Landbrugsstyrelsen;Ministeriet for Fødevarer, Landbrug og Fiskeri,\nLandbrugsstyrelsen, j.nr. 19-1224-000002;1863;2020;DC000042;B20200186305;Lovtidende A;;Fremgår af forskriften;20201208;20201210;20220413;20201210;;FALSE;;;;;A20220904516;;;;https://www.retsinformation.dk/eli/lta/2020/1863
B;Bekendtgørelse;Bekendtgørelse om bekæmpelse af skadegørere hos honningbier og avlede humlebier;;Ministeriet for Fødevarer, Landbrug og Fiskeri;;Fødevaremin.,\nPlantedirektoratet, j. nr. 11-0114-000001;386;2011;AH004240;B20110038605;Lovtidende A;;Fremgår af forskriften;20110502;20110503;20110503;20110503;;FALSE;;;;;A20170001329;;;;https://www.retsinformation.dk/eli/lta/2011/386
B;Bekendtgørelse;Bekendtgørelse om autorisation og drift af akvakulturbrug samt om omsætning af akvatiske organismer og produkter deraf;;Ministeriet for Fødevarer, Landbrug og Fiskeri;Fødevarestyrelsen;Fødevaremin., \n Fødevarestyrelsen, j.nr. 2013-14-2301-01282;965;2013;AH004981;B20130096505;Lovtidende A;;Fremgår af forskriften;20130718;20130723;20130723;20130723;;FALSE;;;;;A20220000929;;;;https://www.retsinformation.dk/eli/lta/2013/965
B;Bekendtgørelse;Bekendtgørelse om regulering af hummere i Limfjorden;;Ministeriet for Fødevarer, Landbrug og Fiskeri;Fiskeridirektoratet;Fødevaremin.,\nFiskeridirektoratet, j.nr. 2008-10340;1144;2008;AH003110;B20080114405;Lovtidende A;;Fremgår af forskriften;20081201;20081203;20081203;20081203;;FALSE;;;;;A20190026129;;;;https://www.retsinformation.dk/eli/lta/2008/1144
B;Bekendtgørelse;Bekendtgørelse om støtte til indsats mod ensidigt, gentaget arbejde;;Beskæftigelsesministeriet;;Arbejdsmin., 3. kt. j.nr. 96-2059-73;659;1996;CM041183;B19960065905;Lovtidende A;;Fremgår af forskriften;19960627;19970924;20060119;19960716;;FALSE;;;;;A20210206229;;;;https://www.retsinformation.dk/eli/lta/1996/659
B;Bekendtgørelse;Bekendtgørelse om forhåndsgodkendelse af internationale forskningsprojekter (125 pct-ordningen);;Erhvervsministeriet;Erhvervsfremme Styrelsen;Erhvervsfremme Styrelsens j.nr. 1992-501/0919-1;558;1995;CM023858;B19950055805;Lovtidende A;;Fremgår af forskriften;19950703;19970924;20070108;19950711;;FALSE;;;;;A20210173529;;;;https://www.retsinformation.dk/eli/lta/1995/558
B;Bekendtgørelse;Bekendtgørelse om Voerså-Stensnæs Vildtreservat;;Miljøministeriet;Naturstyrelsen;Miljø- og Fødevaremin.,\nNaturstyrelsen, j.nr. NST-300-00053;1764;2015;CK000105;B20150176405;Lovtidende A;;Fremgår af forskriften;20151215;20151223;20151223;20151223;;FALSE;;;;;A20190026529;;;;https://www.retsinformation.dk/eli/lta/2015/1764
A;Lovbekendtgørelse;Bekendtgørelse af lov om biavl;;Ministeriet for Fødevarer, Landbrug og Fiskeri;;Miljø- og Fødevaremin.,\nNaturErhvervstyrelsen, j.nr. 16-0122-000016;13;2017;CK001118;A20170001329;Lovtidende A;;Fremgår af forskriften;20170104;20170106;20170106;20170106;;FALSE;;;;;;;;;https://www.retsinformation.dk/eli/lta/2017/13
B;Bekendtgørelse;Bekendtgørelse om bevaring og kassation af arkivalier inden for Fiskeridirektoratets område;;Kulturministeriet;Statens Arkiver;Kulturmin.,\nRigsarkivet, j.nr. 2003-003-0007;397;2004;AK000335;B20040039705;Lovtidende A;;Fremgår af forskriften;20040526;20040604;20070903;20040604;;FALSE;;;;;A20160120129;;;;https://www.retsinformation.dk/eli/lta/2004/397
B;Bekendtgørelse;Bekendtgørelse om ophævelse af en række bekendtgørelser, tekniske forskrifter m.v. på søfartsområdet;;Erhvervsministeriet;Søfartsstyrelsen;Erhvervs- og Vækstmin.,\nSøfartsstyrelsen, j.nr. 201204213;304;2012;BP000153;B20120030405;Lovtidende A;;Fremgår af forskriften;20120321;20120331;20131025;20120331;;FALSE;;;;;A20220022129,A20220000829;;;;https://www.retsinformation.dk/eli/lta/2012/304
B;Ændringsbekendtgørelse;Bekendtgørelse om ændring af bekendtgørelse om administration, støtteberettigelse, regnskab, revision og kontrol m.v. i forbindelse med udbetaling af støtte fra brexittilpasningsreserven;;Erhvervsministeriet;Erhvervsstyrelsen;Erhvervsmin.,\nErhvervsstyrelsen, j.nr. 2022-8911;1262;2022;CQ002299;B20220126205;Lovtidende A;;Fremgår af forskriften;20220909;20220910;20220910;20220910;;FALSE;;;;;;;;;https://www.retsinformation.dk/eli/lta/2022/1262
A;Lov;Lov om Det Etiske Råd;;Sundhedsministeriet;Indenrigs- og Sundhedsministeriet;Indenrigs- og Sundhedsmin., j.nr. 2003-16630-2;440;2004;AI001637;A20040044030;Lovtidende A;;Fremgår af forskriften;20040609;20040610;20070913;20040610;;FALSE;;;;;;LOV nr 545 af 24/06/2005,LOV nr 593 af 14/06/2011,LOV nr 593 af 14/06/2011,LOV nr 559 af 18/06/2012,LOV nr 601 af 18/06/2012,LOV nr 559 af 18/06/2012,LOV nr 620 af 08/06/2016;;;https://www.retsinformation.dk/eli/lta/2004/440
B;Bekendtgørelse;Bekendtgørelse om ophævelse af dele af lov om læhegn og tilskud til læplantning;;Ministeriet for Fødevarer, Landbrug og Fiskeri;Fødevareministeriet;Fødevaremin., j.nr. 716;834;2006;AH002358;B20060083405;Lovtidende A;;Fremgår af forskriften;20060719;20060801;20151230;20060801;;FALSE;;;;;A20170003429;;;;https://www.retsinformation.dk/eli/lta/2006/834
B;Bekendtgørelse;Bekendtgørelse om ophævelse af lov om afholdelse af frivillig offentlig auktion over avlsdyr;;Ministeriet for Fødevarer, Landbrug og Fiskeri;;Fødevaremin. Sagsnr.: 5885;1108;2005;AH002204;B20050110805;Lovtidende A;;Fremgår af forskriften;20051121;20051124;20061005;20051124;;FALSE;;;;;A20220000929;;;;https://www.retsinformation.dk/eli/lta/2005/1108
B;Bekendtgørelse;Bekendtgørelse om fuldstændig erstatning og kompensation til minkvirksomheder og fuldstændig kompensation til følgeerhverv til minkvirksomheder som følge af det midlertidige forbud mod hold af mink;;Ministeriet for Fødevarer, Landbrug og Fiskeri;Fødevarestyrelsen;Ministeriet for Fødevarer, Landbrug og Fiskeri, j.nr. 2021-1921;2463;2021;DC000445;B20210246305;Lovtidende A;;Fremgår af forskriften;20211211;20211218;20211218;20211218;;FALSE;;;;;A20220001029;;;;https://www.retsinformation.dk/eli/lta/2021/2463
B;Bekendtgørelse;Bekendtgørelse om forretningsorden for Udvalget for Forsøgsdyr og Alternativer;;Ministeriet for Fødevarer, Landbrug og Fiskeri;Ministeriet for Fødevarer, Landbrug og Fiskeri;Fødevaremin.,\nFødevarestyrelsen, j.nr. 2013-15-2301-01285;556;2013;AH004920;B20130055605;Lovtidende A;;Fremgår af forskriften;20130530;20130601;20130601;20130601;;FALSE;;;;;A20220110729;;;;https://www.retsinformation.dk/eli/lta/2013/556
B;Bekendtgørelse;Bekendtgørelse om tilskud til energibesparelser og energieffektiviseringer i erhvervsvirksomheder;Erhvervspuljebekendtgørelsen;Klima-, Energi- og Forsyningsministeriet;Energistyrelsen;Klima-, Energi- og Forsyningsmin.,\nEnergistyrelsen, j.nr. 2021 - 12137;2237;2021;DB000420;B20210223705;Lovtidende A;;Fremgår af forskriften;20211201;20211202;20211202;20211202;;FALSE;;;;;A20210189729;;;;https://www.retsinformation.dk/eli/lta/2021/2237
B;Bekendtgørelse;Bekendtgørelse om forbud mod indførsel af visse levende fisk og visse akvakulturprodukter fra Malaysia;;Ministeriet for Fødevarer, Landbrug og Fiskeri;Fødevarestyrelsen;Fødevaremin.,\nFødevarestyrelsen, j.nr. 2008-20-23-02524;1052;2008;AH003087;B20080105205;Lovtidende A;;Fremgår af forskriften;20081029;20081031;20081031;20081031;;FALSE;;;;;A20220000929;;;;https://www.retsinformation.dk/eli/lta/2008/1052
B;Bekendtgørelse;Bekendtgørelse om tilskud fra national pulje til projekter og lokale aktionsgrupper i udpegede fiskeriområder;;Indenrigs- og Boligministeriet;;Indenrigs- og Boligmin., \n Bolig- og Planstyrelsen, j.nr. 2021-10319;1552;2021;DE000121;B20210155205;Lovtidende A;;Fremgår af forskriften;20210702;20210706;20220402;20210706;;FALSE;;;;;A20220904516;;;;https://www.retsinformation.dk/eli/lta/2021/1552
B;Bekendtgørelse;Bekendtgørelse om Augustenborg vildtreservat;;Miljøministeriet;By- og Landskabsstyrelsen/Søfartsstyrelsen;Ingen;14001;1971;CM007714;B19711400105;Retsinformation;;Fremgår af forskriften;19710622;19970925;20070706;;;FALSE;;;;;A20190026529;;;;https://www.retsinformation.dk/eli/retsinfo/1971/14001
B;Bekendtgørelse;Bekendtgørelse om tilskud til bygning af fiskerfartøjer;Nybygning;Ministeriet for Fødevarer, Landbrug og Fiskeri;Direktoratet for FødevareErhverv;Fødevaremin.,\nDirektoratet for FødevareErhverv, j.nr. 2004-3703-04-35;110;2004;AH001750;B20040011005;Lovtidende A;;Fremgår af forskriften;20040219;20040227;20070102;20040227;;FALSE;;;;;A20170003529;;;;https://www.retsinformation.dk/eli/lta/2004/110
A;Lovbekendtgørelse;Bekendtgørelse af lov om foderstoffer;;Ministeriet for Fødevarer, Landbrug og Fiskeri;Fødevarestyrelsen;Miljø- og Fødevaremin.,\nFødevarestyrelsen, j.nr. 2018-24-30-00110;1000;2018;CK001733;A20180100029;Lovtidende A;;Fremgår af forskriften;20180702;20180703;20180703;20180703;;FALSE;;;;;;;;;https://www.retsinformation.dk/eli/lta/2018/1000
A;Lovbekendtgørelse;Bekendtgørelse af lov om Det Økonomiske Råd og Det Miljøøkonomiske Råd;;Finansministeriet;;Finansmin., j.nr. 2021-3979;1768;2021;AE002910;A20210176829;Lovtidende A;;Fremgår af forskriften;20210831;20210907;20210907;20210907;;FALSE;;;;;;;;;https://www.retsinformation.dk/eli/lta/2021/1768
A;Ændringslov;Lov om ændring af lov om administration af tilskud fra Den Europæiske Regionalfond og Den Europæiske Socialfond og lov om erhvervsfremme (Tilpasninger af reglerne om administration af EU-forordninger vedrørende Regionalfonden, Socialfonden Plus og Fonden for Retfærdig Omstilling m.v.);;Erhvervsministeriet;;Erhvervsmin.,/nErhvervsstyrelsen, j.nr. 2021-11162;2381;2021;CQ001989;A20210238130;Lovtidende A;;Fremgår af forskriften;20211214;20211215;20211215;20211215;;FALSE;;;;;;;;;https://www.retsinformation.dk/eli/lta/2021/2381
B;Bekendtgørelse;Bekendtgørelse om regulering af fiskeriet med nedgarn i Kilen ved Struer;;Ministeriet for Fødevarer, Landbrug og Fiskeri;Fiskeridirektoratet;Fødevaremin.,\nFiskeridir., j.nr. 2005-05302;1321;2005;AH002247;B20050132105;Lovtidende A;;Fremgår af forskriften;20051214;20051223;20070102;20051223;;FALSE;;;;;A20190026129;;;;https://www.retsinformation.dk/eli/lta/2005/1321
B;Bekendtgørelse;Bekendtgørelse om tilskud til omstilling i fiskerisektoren (PESCA) (* 1);;Ministeriet for Fødevarer, Landbrug og Fiskeri;;Fødevaremin., j.nr. 97-216-3;120;1997;CM043202;B19970012005;Lovtidende A;;Fremgår af forskriften;19970205;19970925;20070102;19970214;;FALSE;;;;;A20170003529;BEK nr 222 af 31/03/2000;;;https://www.retsinformation.dk/eli/lta/1997/120
B;Bekendtgørelse;Bekendtgørelse om administration og revision af produktionsafgiftsfonde m.v. inden for fiskeriområdet;;Ministeriet for Fødevarer, Landbrug og Fiskeri;Miljø- og Fødevareministeriet;Miljø- og Fødevaremin. j.nr. 2020 - 1994;280;2020;CK002427;B20200028005;Lovtidende A;;Fremgår af forskriften;20200325;20200327;20200327;20200327;;FALSE;;;;;A20190026129;;;;https://www.retsinformation.dk/eli/lta/2020/280
A;Lovbekendtgørelse;Bekendtgørelse af lov om havstrategi;Havstrategiloven;Miljøministeriet;Miljø- og Fødevareministeriet;Miljø- og Fødevaremin., j.nr. 2019-8697;1161;2019;CK002125;A20190116129;Lovtidende A;;Fremgår af forskriften;20191125;20191126;20191126;20191126;;FALSE;;;;;;LOV nr 900 af 21/06/2022;;;https://www.retsinformation.dk/eli/lta/2019/1161
B;Bekendtgørelse;Bekendtgørelse om produktionsafgift på fisk landet af danske fiskerfartøjer;Produktionsafgiftsbekendtgørelsen;Ministeriet for Fødevarer, Landbrug og Fiskeri;;Udenrigsmin., j.nr. 2018-36292;1439;2018;AS001818;B20180143905;Lovtidende A;;Fremgår af forskriften;20181206;20181207;20181207;20181207;;FALSE;;;;;A20190026129;;;;https://www.retsinformation.dk/eli/lta/2018/1439
B;Ændringsbekendtgørelse;Bekendtgørelse om ændring af bekendtgørelse om uddannelsen til fiskeskipper af 1. grad;;Uddannelses- og Forskningsministeriet;Styrelsen for Forskning og Uddannelse;Uddannelses- og Forskningsmin.,\nStyrelsen for Forskning og Uddannelse, j.nr. 20/20664;1043;2020;CE000953;B20200104305;Lovtidende A;;Fremgår af forskriften;20200626;20200630;20200630;20200630;;FALSE;;;;;;;;;https://www.retsinformation.dk/eli/lta/2020/1043
A;Ændringslov;Lov om ændring af lov om gødning og jordforbedringsmidler m.v. (Tilpasninger som følge af en ny gødningsforordning, nye produktkategorier og obligatorisk digital kommunikation m.v.);;Ministeriet for Fødevarer, Landbrug og Fiskeri;Landbrugsstyrelsen;Ministeriet for Fødevarer, Landbrug og Fiskeri\nLandbrugsstyrelsen, j.nr. 21-1161-000001;416;2022;DC000541;A20220041630;Lovtidende A;;Fremgår af forskriften;20220405;20220406;20220406;20220406;;FALSE;;;;;;;;;https://www.retsinformation.dk/eli/lta/2022/416
B;Bekendtgørelse;Bekendtgørelse om ophævelse af bekendtgørelse om støtteordning for yngre jordbrugere;;Ministeriet for Fødevarer, Landbrug og Fiskeri;;Fødevaremin., j.nr. 2003-2131/S2-0012;1092;2003;AH001686;B20030109205;Lovtidende A;;Fremgår af forskriften;20031212;20031223;20061109;20031223;;FALSE;;;;;A20170003429;;;;https://www.retsinformation.dk/eli/lta/2003/1092
B;Bekendtgørelse;Bekendtgørelse om tilladelse til udlægning af blåmuslinger i depot;;Ministeriet for Fødevarer, Landbrug og Fiskeri;Fiskeridirektoratet;Fødevaremin.,\nFiskeridirektoratet, j.nr. 2007-4420;14;2008;AH002736;B20080001405;Lovtidende A;;Fremgår af forskriften;20080116;20080119;20080119;20080119;;FALSE;;;;;A20190026129;;;;https://www.retsinformation.dk/eli/lta/2008/14
A;Ændringslov;Lov om ændring af lov om miljø og genteknologi (Gennemførelse af ændringer i udsætningsdirektivet samt digital kommunikation);;Ministeriet for Fødevarer, Landbrug og Fiskeri;Landbrugsstyrelsen;Ministeriet for Fødevarer, Landbrug og Fiskeri,\nLandbrugsstyrelsen, j. nr. 20-1111-000001.;528;2021;DC000159;A20210052830;Lovtidende A;;Fremgår af forskriften;20210327;20210328;20210328;20210328;;FALSE;;;;;;;;;https://www.retsinformation.dk/eli/lta/2021/528
B;Bekendtgørelse;Bekendtgørelse om ophævelse af bekendtgørelse om produktionsafgift ved slagtning og ved eksport af kaniner og ved salg af angorakaninuld;;Ministeriet for Fødevarer, Landbrug og Fiskeri;Kaninafgiftsfonden;Fødevaremin.,\nDirektoratet for FødevareErhverv, j.nr. 93S-743-00424;1006;2001;AH001062;B20010100605;Lovtidende A;;Fremgår af forskriften;20011207;20011221;20070102;20011221;;FALSE;;;;;A20200011529;;;;https://www.retsinformation.dk/eli/lta/2001/1006
B;Bekendtgørelse;Bekendtgørelse om zoologiske haver m.v.;;Ministeriet for Fødevarer, Landbrug og Fiskeri;Fødevarestyrelsen;Miljø- og Fødevaremin., \n Fødevarestyrelsen, j.nr. 2015-14-31-00158;1397;2015;CK000328;B20150139705;Lovtidende A;;Fremgår af forskriften;20151202;20151204;20151204;20151204;;FALSE;;;;;A20210159729,A20210198629,A20220000929;;;;https://www.retsinformation.dk/eli/lta/2015/1397
B;Bekendtgørelse;Bekendtgørelse om etablering og drift af havbrug;Havbrugsbekendtgørelsen;Ministeriet for Fødevarer, Landbrug og Fiskeri;NaturErhvervstyrelsen;Miljø- og Fødevaremin., \n NaturErhvervstyrelsen, j.nr. 16-7133-000003;1489;2016;CK001067;B20160148905;Lovtidende A;;Fremgår af forskriften;20161206;20161207;20161207;20161207;;FALSE;;;;;A20190026129;;;;https://www.retsinformation.dk/eli/lta/2016/1489
B;Bekendtgørelse;Bekendtgørelse om udenretlig vedtagelse af konfiskation;;Justitsministeriet;;Justitsmin., j.nr. 2010-1110-0004;1297;2010;AA005784;B20100129705;Lovtidende A;;Fremgår af forskriften;20101118;20101130;20101130;20101130;;FALSE;;;;;A20210183529;BEK nr 964 af 20/08/2015,BEK nr 1012 af 27/06/2016;;;https://www.retsinformation.dk/eli/lta/2010/1297
B;Bekendtgørelse;Bekendtgørelse om Mariager Fjord Vildtreservat;;Miljøministeriet;Skov- og Naturstyrelsen;Miljø- og Energimin.,\nSkov- og Naturstyrelsen SN 4610-0003;9511;1996;AL003165;B19960951105;Retsinformation;;Fremgår af forskriften;19960126;20150430;20150430;;;FALSE;;;;;A20190026529;;;;https://www.retsinformation.dk/eli/retsinfo/1996/9511
B;Bekendtgørelse;Bekendtgørelse om ophævelse af lov om statsgaranti og ydelsestilskud ved lån til yngre jordbrugere;;Ministeriet for Fødevarer, Landbrug og Fiskeri;;Fødevaremin., 2. afd., 2. kt., j.nr. 2001-2120/s0-0017;947;2001;AH001036;B20010094705;Lovtidende A;;Fremgår af forskriften;20011030;20011109;20061109;20011109;;FALSE;;;;;A20170003429;;;;https://www.retsinformation.dk/eli/lta/2001/947
B;Bekendtgørelse;Bekendtgørelse om ændring i forretningernes fordeling mellem ministrene;;Statsministeriet;;Statsmin., j.nr. 123-11;913;2001;AP000036;B20010091305;Lovtidende A;;Fremgår af forskriften;20011015;20011026;20011026;20011026;;FALSE;;;;;;;;;https://www.retsinformation.dk/eli/lta/2001/913
B;Bekendtgørelse;Bekendtgørelse om ophævelse af bekendtgørelse om tilskud til læplantning;Læhegn;Ministeriet for Fødevarer, Landbrug og Fiskeri;Departementet;Fødevaremin., 2. afd., 2. kt., j.nr. 2000-2131/s68-0002;47;2001;AH000810;B20010004705;Lovtidende A;;Fremgår af forskriften;20010126;20010206;20010206;20010206;;FALSE;;;;;A20170002629;;;;https://www.retsinformation.dk/eli/lta/2001/47
A;Ændringslov;Lov om ophævelse af en række love på Miljø- og Fødevareministeriets og Udenrigsministeriets områder;;Ministeriet for Fødevarer, Landbrug og Fiskeri;;Miljø- og Fødevaremin., j.nr. 2018-6359;1551;2018;CK001944;A20180155130;Lovtidende A;;Fremgår af forskriften;20181218;20181219;20181219;20181219;;FALSE;;;;;;;;;https://www.retsinformation.dk/eli/lta/2018/1551
B;Bekendtgørelse;Bekendtgørelse om ophævelse af dele af lov om læhegn og tilskud til læplantning;;Ministeriet for Fødevarer, Landbrug og Fiskeri;Departementet;Fødevaremin., 2. afd., 2. kt., j.nr. 2001-2120/s0-0015;849;2001;AH001001;B20010084905;Lovtidende A;;Fremgår af forskriften;20010921;20011005;20151230;20011005;;FALSE;;;;;A20170003429;;;;https://www.retsinformation.dk/eli/lta/2001/849
B;Bekendtgørelse;Bekendtgørelse om ophævelse af bekendtgørelse om forbud mod indførsel af jordnødder m.m. med oprindelse i eller afsendt fra Egypten;;Ministeriet for Fødevarer, Landbrug og Fiskeri;;Fødevaremin.\nFødevaredirektoratet j.nr. FA 3101-525/01;917;2001;AH001033;B20010091705;Lovtidende A;;Fremgår af forskriften;20011017;20011026;20061211;20011026;;FALSE;;;;;A20000000216,A20220000829;;;;https://www.retsinformation.dk/eli/lta/2001/917
A;Lovbekendtgørelse;Bekendtgørelse af lov om dyrkning m.v. af genetisk modificerede afgrøder;;Ministeriet for Fødevarer, Landbrug og Fiskeri;;Miljø- og Fødevaremin.,\nNaturErhvervstyrelsen, j.nr. 16-0122-000031;28;2017;CK001133;A20170002829;Lovtidende A;;Fremgår af forskriften;20170104;20170106;20170106;20170106;;FALSE;;;;;;;;;https://www.retsinformation.dk/eli/lta/2017/28
B;Bekendtgørelse;Bekendtgørelse om gebyrer for ekspedition af Statens Administrations finansforvaltningsopgaver;;Finansministeriet;;Finansmin.,\nStatens Administration, j.nr. 2013-2042-001;974;2013;AE001952;B20130097405;Lovtidende A;;Fremgår af forskriften;20130726;20130730;20220402;20130730;;FALSE;;;;;B19980095405,A20070124029,B20080114905,A20170003229,A20170103729,A20220904516;BEK nr 1267 af 25/10/2016;;;https://www.retsinformation.dk/eli/lta/2013/974
A;Ændringslov;Lov om ændring af fiskeriloven (Ændrede vilkår for registrering som erhvervsfisker og erhvervsfiskerselskab, forenkling af bierhvervsfiskerreglerne, indberetningspligt for fritidsfiskere, krav om digital kommunikation, kontrolpunkter til søs m.v.);;Ministeriet for Fødevarer, Landbrug og Fiskeri;Ministeriet for Fødevarer, Landbrug og Fiskeri;Ministeriet for Fødevarer, Landbrug og Fiskeri, j.nr. 2020-16666;844;2021;DC000204;A20210084430;Lovtidende A;;Fremgår af forskriften;20210510;20210511;20210511;20210511;;FALSE;;;;;;;;;https://www.retsinformation.dk/eli/lta/2021/844
B;Bekendtgørelse;Bekendtgørelse om Ulvshale-Nyord Vildtreservat;;Miljøministeriet;By- og Landskabsstyrelsen/Søfartsstyrelsen;Miljø- og Energimin., j.nr. SN 4621-0001;14015;1995;CM041684;B19951401505;Retsinformation;;Fremgår af forskriften;19950707;19970925;20070706;;;FALSE;;;;;A20190026529;;;;https://www.retsinformation.dk/eli/retsinfo/1995/14015
A;Lovbekendtgørelse;Bekendtgørelse af lov om forsvarets formål, opgaver og organisation m.v.;Forsvarsloven;Forsvarsministeriet;;Forsvarsmin., j.nr. 2017/000334;582;2017;AG000805;A20170058229;Lovtidende A;;Fremgår af forskriften;20170524;20170602;20170602;20170602;;FALSE;;;;;;LOV nr 708 af 08/06/2018;;;https://www.retsinformation.dk/eli/lta/2017/582
B;Bekendtgørelse;Bekendtgørelse om forbudte fiskemetoder i saltvand;;Ministeriet for Fødevarer, Landbrug og Fiskeri;Fiskeridirektoratet;Fødevaremin.,\nFiskeridir., j.nr. 2000-2510-35;784;2000;AH000690;B20000078405;Lovtidende A;;Fremgår af forskriften;20000821;20000829;20070102;20000829;;FALSE;;;;;A20190026129;;;;https://www.retsinformation.dk/eli/lta/2000/784
B;Bekendtgørelse;Bekendtgørelse om fredningsbælterne i Flensborg Fjord og farvandene omkring Als;;Ministeriet for Fødevarer, Landbrug og Fiskeri;;91-216-7;702;1992;CM037237;B19920070205;Lovtidende A;;Fremgår af forskriften;19920811;19970925;20070102;19920825;;FALSE;(* 1) Bilag udeladt. Der henvises til originalen i A Tidende nr. 115 af 25.08.1992.;;;;A20190026129;;;;https://www.retsinformation.dk/eli/lta/1992/702
B;Bekendtgørelse;Bekendtgørelse om ændring i forretningernes fordeling mellem ministrene;;Statsministeriet;;Statsmin., j.nr. 123-4;1152;1999;AP000016;B19990115205;Lovtidende A;;Fremgår af forskriften;19991228;19991231;20010316;19991231;;FALSE;;;;;;;;;https://www.retsinformation.dk/eli/lta/1999/1152
B;Bekendtgørelse;Bekendtgørelse om miljøskade mv. på beskyttede arter eller internationale naturbeskyttelsesområder i forbindelse med udøvelse af erhvervsmæssige fiskeriaktiviteter;;Ministeriet for Fødevarer, Landbrug og Fiskeri;Fiskeridirektoratet;Fødevaremin.,\nFiskeridirektoratet j.nr. 2006-02712;789;2008;AH002996;B20080078905;Lovtidende A;;Fremgår af forskriften;20080724;20080725;20080725;20080725;;FALSE;;;;;;;;;https://www.retsinformation.dk/eli/lta/2008/789
B;Bekendtgørelse;Bekendtgørelse om afmærkning af fiskeredskaber;;Ministeriet for Fødevarer, Landbrug og Fiskeri;;Fiskerimin., IV j.nr. 91-6455-35;307;1994;CM036566;B19940030705;Lovtidende A;;Fremgår af forskriften;19940422;19970925;20070102;19940503;;FALSE;;;;;A20190026129;;;;https://www.retsinformation.dk/eli/lta/1994/307
B;Bekendtgørelse;Bekendtgørelse om ændring i forretningernes fordeling mellem ministrene;;Statsministeriet;;Statsmin., j.nr. 2015-3604;1229;2015;AP000269;B20150122905;Lovtidende A;;Fremgår af forskriften;20151103;20151105;20151105;20151105;;FALSE;;;;;;;;;https://www.retsinformation.dk/eli/lta/2015/1229
A;Ændringslov;Lov om ændring af årsregnskabsloven og forskellige andre love\n(Obligatorisk digital kommunikation mellem virksomheder og det offentlige, skattefritagelse af Fornyelsesfondens garantiordning m.v.);;Erhvervsministeriet;Økonomi- og Erhvervsministeriet;Økonomi- og Erhvervsmin., j.nr. 10/04824;341;2011;AU004386;A20110034130;Lovtidende A;;Fremgår af forskriften;20110427;20110428;20180508;20110428;;FALSE;;Loven er omtrykt, da teksten »Under Vor Kongelige Hånd og Segl« før regentens eller rigsforstanderens navn på grund af en fejl i den tekniske produktion af forskriften var udeladt. Fejlen vedrører således ikke lovens indhold.;;;;LOV nr 1360 af 16/12/2014,LOV nr 524 af 29/04/2015,LOV nr 497 af 22/05/2018;;;https://www.retsinformation.dk/eli/lta/2011/341
B;Bekendtgørelse;Bekendtgørelse om undersøgelse af prionproteingenotype hos får;;Ministeriet for Fødevarer, Landbrug og Fiskeri;Fødevaredirektoratet;Fødevaremin.,\nFødevaredir., j. nr. 2003-20-23-00501;210;2003;AH001497;B20030021005;Lovtidende A;;Fremgår af forskriften;20030326;20030404;20061005;20030404;;FALSE;;;;;A20220000929;;;;https://www.retsinformation.dk/eli/lta/2003/210
B;Bekendtgørelse;Bekendtgørelse om ophævelse af bekendtgørelse om indførsel af frugt og grønsager med oprindelse i eller afsendt fra Uganda, Kenya, Tanzania og Mozambique.;;Ministeriet for Fødevarer, Landbrug og Fiskeri;Veterinær- og Fødevaredirektoratet;Fødevaremin.,\nVeterinær- og Fødevaredirektoratet, j.nr. 04 kt. 10-556-0/98;36;1999;AH000160;B19990003605;Lovtidende A;;Fremgår af forskriften;19990121;19990129;20090128;19990129;;FALSE;;;;;A20220000829;;;;https://www.retsinformation.dk/eli/lta/1999/36
B;Bekendtgørelse;Bekendtgørelse om ændring i forretningernes fordeling mellem ministrene;;Statsministeriet;;Statsmin., j.nr. 123-6;1151;1999;AP000015;B19990115105;Lovtidende A;;Fremgår af forskriften;19991228;19991231;20010316;19991231;;FALSE;;;;;;;;;https://www.retsinformation.dk/eli/lta/1999/1151
B;Bekendtgørelse;Bekendtgørelse om ikrafttræden af dele af fiskerilov;;Ministeriet for Fødevarer, Landbrug og Fiskeri;;Fødevaremin., j.nr. 1999-1180-0063;520;1999;AH000298;B19990052005;Lovtidende A;;Fremgår af forskriften;19990624;19990626;20070102;19990626;;FALSE;;;;;A20190026129;BEK nr 769 af 09/07/2004;;;https://www.retsinformation.dk/eli/lta/1999/520
A;Ændringslov;Lov om ændring af lov om husdyrbrug og anvendelse af gødning m.v. (Betingelser for tilladelse til tildeling af over 170 kg kvælstof fra organisk gødning pr. hektar, administrative bødeforelæg m.v.);;Ministeriet for Fødevarer, Landbrug og Fiskeri;Ministeriet for Fødevarer, Landbrug og Fiskeri;Ministeriet for Fødevarer, Landbrug og Fiskeri, j.nr. 2021-76;415;2022;DC000540;A20220041530;Lovtidende A;;Fremgår af forskriften;20220405;20220406;20220406;20220406;;FALSE;;;;;;;;;https://www.retsinformation.dk/eli/lta/2022/415
B;Bekendtgørelse;Bekendtgørelse om våben og ammunition mv.;;Justitsministeriet;;Justitsmin., j.nr. 2021-509-0261;2531;2021;AA012799;B20210253105;Lovtidende A;;Fremgår af forskriften;20211220;20211222;20211222;20211222;;FALSE;;;;;A20190026529,A20210173629;;;;https://www.retsinformation.dk/eli/lta/2021/2531
B;Bekendtgørelse;Bekendtgørelse om støtte til fordel for fiskeriet i henhold til EU´s statsstøtteregler og finansieret af Fiskeafgiftsfonden;;Ministeriet for Fødevarer, Landbrug og Fiskeri;Fiskeafgiftsfonden;Miljø- og Fødevaremin.,\nNaturErhvervstyrelsen, j. nr. 15-0171-000024;41;2017;CK001084;B20170004105;Lovtidende A;;Fremgår af forskriften;20170103;20170112;20170112;20170112;;FALSE;;;;;A20190026129;;;;https://www.retsinformation.dk/eli/lta/2017/41
B;Bekendtgørelse;Bekendtgørelse om modtagefaciliteter for affald fra skibe, om skibes aflevering af affald og havnes affaldsplaner;;Miljøministeriet;Miljøstyrelsen;Miljømin.,\n Miljøstyrelsen,  j.nr. MST-2021-50159;577;2022;DD000180;B20220057705;Lovtidende A;;Fremgår af forskriften;20220506;20220511;20220511;20220511;;FALSE;;;;;A20190116529;;;;https://www.retsinformation.dk/eli/lta/2022/577
B;Bekendtgørelse;Bekendtgørelse om administration af planloven i forbindelse med internationale naturbeskyttelsesområder samt beskyttelse af visse arter;;Indenrigs- og Boligministeriet;;Erhvervs- og Vækstmin.,\nErhvervsstyrelsen, j.nr. 2016-10581;1383;2016;BP001743;B20160138305;Lovtidende A;;Fremgår af forskriften;20161126;20161129;20161129;20161129;;FALSE;;;;;A20200115729;;;;https://www.retsinformation.dk/eli/lta/2016/1383
A;Ændringslov;Lov om ændring af lov om naturbeskyttelse, lov om skove, dyrevelfærdsloven, lov om mark- og vejfred og færdselsloven (Adgang til at etablere naturnationalparker og obligatorisk digital kommunikation m.v.);;Miljøministeriet;Miljøministeriet;Miljømin., j.nr. 2020-5425;1177;2021;DD000077;A20210117730;Lovtidende A;;Fremgår af forskriften;20210608;20210609;20210611;20210609;;FALSE;;;;;;;;;https://www.retsinformation.dk/eli/lta/2021/1177
B;Bekendtgørelse;Bekendtgørelse om skibsmeldesystemet BELTREP og sejlads under Østbroen og Vestbroen i Storebælt;BELTREP;Erhvervsministeriet;Søfartsstyrelsen;Erhvervs- og Vækstmin.,\nSøfartsstyrelsen, j.nr. 2013007060;820;2013;BP000556;B20130082005;Lovtidende A;;Fremgår af forskriften;20130626;20130629;20130720;20130629;;FALSE;;;;;A20220022129;;;;https://www.retsinformation.dk/eli/lta/2013/820
B;Bekendtgørelse;Bekendtgørelse om administration af internationale naturbeskyttelsesområder samt beskyttelse af visse arter for så vidt angår forsvarets aktiviteter;;Forsvarsministeriet;Forsvarsministeriet;Forsvarsmin., j.nr.  2009/002397;1458;2010;AG000447;B20100145805;Lovtidende A;;Fremgår af forskriften;20101214;20101218;20110105;20101218;;FALSE;;"Bekendtgørelse nr. 1458 af 14. december 2010 om administration af internationale naturbeskyttelsesområder samt beskyttelse af visse arter for så vidt angår forsvarets aktiviteter er omtrykt den 4. januar 2011.&#x0D;
I titlens note er henvisning til ""Rådets direktiv 2009/127/EF af 30. november 2009 om beskyttelse af vilde fugle (EF-fuglebeskyttelsesdirektivet)"" rettet til ""Rådets direktiv 79/409/EØF af 2. april 1979 om beskyttelse af vilde fugle (EF-fuglebeskyttelsesdirektivet)"". ";;;A20210198629;;;;https://www.retsinformation.dk/eli/lta/2010/1458
B;Bekendtgørelse;Bekendtgørelse om ophævelse af bekendtgørelse om afgift for saltvandsopdrættet regnbueørred;;Ministeriet for Fødevarer, Landbrug og Fiskeri;;Fødevaremin. 3. afd., 4. kt., j.nr. 1997-0829-1;626;1997;CM045102;B19970062605;Lovtidende A;;Fremgår af forskriften;19970718;19970925;20070102;19970729;;FALSE;;;;;A20170003529;;;;https://www.retsinformation.dk/eli/lta/1997/626
B;Bekendtgørelse;Bekendtgørelse om ophævelse af bekendtgørelse om administration af lurmærket;;Ministeriet for Fødevarer, Landbrug og Fiskeri;Fødevareministeriet;Fødevaremin., 1. afd. 2. kt., j.nr. 1997-4132-0001;200;1997;CM043487;B19970020005;Lovtidende A;;Fremgår af forskriften;19970312;19970925;20061211;19970325;;FALSE;;;;;A20220000829;;;;https://www.retsinformation.dk/eli/lta/1997/200
B;Bekendtgørelse;Bekendtgørelse om Hanstholm Vildtreservat;;Ministeriet for Fødevarer, Landbrug og Fiskeri;By- og Landskabsstyrelsen/Søfartsstyrelsen;Miljø- og Energimin., j.nr. SN 4621-0050;181;1995;CM006979;B19950018105;Lovtidende A;;Fremgår af forskriften;19950220;19970925;20070706;19950331;;FALSE;;;;;A20190026529,A20210198629;;;;https://www.retsinformation.dk/eli/lta/1995/181
B;Bekendtgørelse;Bekendtgørelse om sikkerhedszoner og zoner til overholdelse af orden og forebyggelse af fare;;Klima-, Energi- og Forsyningsministeriet;;Energimin. j.nr. 4713-1;657;1985;CM007436;B19850065705;Lovtidende A;;Fremgår af forskriften;19851230;19970925;20070719;19860125;;FALSE;;;;;A20180118929,A20220022129;;;;https://www.retsinformation.dk/eli/lta/1985/657
B;Bekendtgørelse;Bekendtgørelse om indførelse af et mindstebeløb for udbetaling af eksportrestitution\n(Bagatelgrænsebekendtgørelsen);Bagatelgrænsebekendtgørelsen;Ministeriet for Fødevarer, Landbrug og Fiskeri;Direktoratet for FødevareErhverv;Fødevaremin., j.nr. 1997-3132-0002;199;2002;AH001173;B20020019905;Lovtidende A;;Fremgår af forskriften;20020410;20020419;20070102;20020419;;FALSE;;;;;A20200011529;;;;https://www.retsinformation.dk/eli/lta/2002/199
B;Bekendtgørelse;Bekendtgørelse om arbejdsmiljøkursus for havnesikkerhedsudvalg og sikkerhedsgrupper i fiskeskibe (§ 8-kursus for fiskeskibe);;Erhvervsministeriet;Søfartsstyrelsen;Erhvervs- og Vækstmin.,\nSøfartsstyrelsen, j.nr. 2015001186;256;2015;BP001228;B20150025605;Lovtidende A;;Fremgår af forskriften;20150318;20150320;20150320;20150320;;FALSE;;;;;A20140007429;;;;https://www.retsinformation.dk/eli/lta/2015/256
B;Bekendtgørelse;Bekendtgørelse om ændringer i ministeriernes forretningsområder (Sommertid, fødevareministerium og finansielle virksomheder);;Statsministeriet;;Statmin., j.nr. 121-6;126;1997;CM043223;B19970012605;Lovtidende A;;Fremgår af forskriften;19970121;19970925;19970925;19970218;;FALSE;;;;;;;;;https://www.retsinformation.dk/eli/lta/1997/126
B;Bekendtgørelse;Bekendtgørelse om ophævelse af forskellige bekendtgørelser om ud- og indførsel af visse dyr og produkter.;;Ministeriet for Fødevarer, Landbrug og Fiskeri;;Fødevaremin.,\nVeterinær- og Fødevaredir. j. nr. 01 kt. 10-602-0/98;737;1998;AH000039;B19980073705;Lovtidende A;;Fremgår af forskriften;19981012;19981020;20061005;19981020;;FALSE;;;;;A20220000929;;;;https://www.retsinformation.dk/eli/lta/1998/737
B;Bekendtgørelse;Bekendtgørelse om Mejlø vildtreservat;;Miljøministeriet;By- og Landskabsstyrelsen/Søfartsstyrelsen;D.J. 859K96;14006;1978;CM007783;B19781400605;Retsinformation;;Fremgår af forskriften;19780224;19970925;20070706;;;FALSE;;;;;A20190026529;;;;https://www.retsinformation.dk/eli/retsinfo/1978/14006
B;Bekendtgørelse;Bekendtgørelse om Søby Rev vildtreservat;;Miljøministeriet;By- og Landskabsstyrelsen/Søfartsstyrelsen;Ingen;14002;1976;CM007733;B19761400205;Retsinformation;;Fremgår af forskriften;19760329;19970925;20070706;;;FALSE;;;;;A20190026529;;;;https://www.retsinformation.dk/eli/retsinfo/1976/14002
B;Bekendtgørelse;Bekendtgørelse om inseminering af heste;;Ministeriet for Fødevarer, Landbrug og Fiskeri;Fødevarestyrelsen;Fødevaremin, \n Fødevarestyrelsen, j.nr. 2010-20-2301-00358;83;2010;AH003722;B20100008305;Lovtidende A;;Fremgår af forskriften;20100127;20100129;20100129;20100129;;FALSE;;;;;A20220000929;;;;https://www.retsinformation.dk/eli/lta/2010/83
B;Bekendtgørelse;Bekendtgørelse om udbetaling af særligt tilskud til kommuner som følge af nedsættelse af grundskylden af landbrugsejendomme og lignende ejendomme;;Skatteministeriet;Strukturdirektoratet;Fødevaremin., j.nr. 1997-0641-7;627;1997;CM045103;B19970062705;Lovtidende A;;Fremgår af forskriften;19970718;19970925;20060706;19970729;;FALSE;;;;;A19970040930,A20200146329;;;;https://www.retsinformation.dk/eli/lta/1997/627
B;Bekendtgørelse;Bekendtgørelse om indførsel af fødevarer, foder, animalske biprodukter, afledte produkter og fødevarekontaktmaterialer med særlige restriktioner m.v. og om straffebestemmelser for overtrædelse af relaterede EU-retsakter;;Ministeriet for Fødevarer, Landbrug og Fiskeri;Fødevarestyrelsen;Ministeriet for Fødevarer, Landbrug og Fiskeri,\nFødevarestyrelsen, j.nr. 2022-16-31-00375;538;2022;DC000559;B20220053805;Lovtidende A;;Fremgår af forskriften;20220426;20220503;20220503;20220503;;FALSE;;;;;A20180100029,A20220000829,A20220000929;;;;https://www.retsinformation.dk/eli/lta/2022/538
B;Bekendtgørelse;Bekendtgørelse om indkøbsforeninger for mindre jordbrugere;Indkøbsforeninger;Ministeriet for Fødevarer, Landbrug og Fiskeri;Direktoratet for FødevareErhverv;Fødevaremin.,\nDirektoratet for FødevareErhverv, j.nr. 3612-03-2;829;2005;AH002165;B20050082905;Lovtidende A;;Fremgår af forskriften;20050829;20050906;20050906;20050906;;FALSE;;;;;A20170001529;;;;https://www.retsinformation.dk/eli/lta/2005/829
B;Bekendtgørelse;Bekendtgørelse om fredningsbælterne i Åbenrå Fjord;;Ministeriet for Fødevarer, Landbrug og Fiskeri;;Fiskerimin. III j.nr. 85-1561-16;11;1987;CM036011;B19870001105;Lovtidende A;;Fremgår af forskriften;19870108;19970925;20070102;19870123;;FALSE;;;;;A20190026129;;;;https://www.retsinformation.dk/eli/lta/1987/11
B;Bekendtgørelse;Bekendtgørelse om fredning af øgruppen Hirsholmene, øen Deget og omliggende søterritorium;;Miljøministeriet;Styrelsen for Vand- og Naturforvaltning;Miljø- og Fødevaremin.,\nNaturstyrelsen, j.nr. 010-00222;938;2016;CK000794;B20160093805;Lovtidende A;;Fremgår af forskriften;20160627;20160630;20160630;20160630;;FALSE;;;;;A20210198629;;;;https://www.retsinformation.dk/eli/lta/2016/938
B;Bekendtgørelse;Bekendtgørelse om en begrænset fredning af en del af Heilsminde Nor.;;Ministeriet for Fødevarer, Landbrug og Fiskeri;;Fiskerimin. j.nr. FM IIIa 85-1522-7;191;1985;CM036365;B19850019105;Lovtidende A;;Fremgår af forskriften;19850501;19970925;20070102;19850525;;FALSE;;;;;A20190026129;;;;https://www.retsinformation.dk/eli/lta/1985/191
B;Bekendtgørelse;Bekendtgørelse om Ulvedybet vildtreservat.;;Miljøministeriet;By- og Landskabsstyrelsen/Søfartsstyrelsen;Ingen;14001;1975;CM007717;B19751400105;Retsinformation;;Fremgår af forskriften;19750818;19970925;20070706;;;FALSE;;;;;A20190026529;;;;https://www.retsinformation.dk/eli/retsinfo/1975/14001
A;Lovbekendtgørelse;Bekendtgørelse af lov om jordfordeling og offentligt køb og salg af fast ejendom til jordbrugsmæssige formål m.m. (jordfordelingsloven);Jordfordelingsloven;Ministeriet for Fødevarer, Landbrug og Fiskeri;;Miljø- og Fødevaremin.,\nNaturErhvervstyrelsen, j.nr. 16-0122-000032;31;2017;CK001134;A20170003129;Lovtidende A;;Fremgår af forskriften;20170104;20170107;20200918;20170107;;FALSE;;;;;;;;;https://www.retsinformation.dk/eli/lta/2017/31
B;Bekendtgørelse;Bekendtgørelse om tilladelse til opdræt af visse dyrearter;;Ministeriet for Fødevarer, Landbrug og Fiskeri;Veterinær- og Fødevaredirektoratet;Fødevaremin., Veterinærdir., j.nr. JK 10-452-0/97 og 2 a 10-452-1/97;517;1997;CM044653;B19970051705;Lovtidende A;;Fremgår af forskriften;19970619;19970925;20180322;19970627;;FALSE;;;;;A20220000929;;;;https://www.retsinformation.dk/eli/lta/1997/517
B;Bekendtgørelse;Bekendtgørelse om ændringer i ministeriernes forretningsområder;;Statsministeriet;;Statsmin., j.nr. 121-0003;855;2004;AP000066;B20040085505;Lovtidende A;;Fremgår af forskriften;20040812;20040814;20050112;20040814;;FALSE;;;;;;BEK nr 1530 af 20/12/2004;;;https://www.retsinformation.dk/eli/lta/2004/855
B;Bekendtgørelse;Bekendtgørelse om tilskud til fælles indsatser akvakultur;;Ministeriet for Fødevarer, Landbrug og Fiskeri;;Ministeriet for Fødevarer, Landbrug og Fiskeri, \nFiskeristyrelsen, j.nr. 20-25061-000003;1907;2020;DC000068;B20200190705;Lovtidende A;;Fremgår af forskriften;20201209;20201212;20201212;20201212;;FALSE;;;;;A20170001929;;;;https://www.retsinformation.dk/eli/lta/2020/1907
B;Bekendtgørelse;Bekendtgørelse om ændring i forretningernes fordeling mellem ministrene;;Statsministeriet;;Statsmin., j.nr. 121-0007;266;2008;AP000204;B20080026605;Lovtidende A;;Fremgår af forskriften;20080417;20080425;20080425;20080425;;FALSE;;;;;;;;;https://www.retsinformation.dk/eli/lta/2008/266
L;Bekendtgørelse (international);Bekendtgørelse om fiskeripartnerskabsaftalen af 28. juni 2007 mellem Det Europæiske Fællesskab og Danmark og Grønland samt tredje protokol af 19. december 1994 og fjerde protokol af 25. juli 2001 og ændringsprotokol af 18. juni 2003 til fjerde protokol til fiskeriaftalen af 13. marts 1984 mellem Danmark og Grønland på den ene side og Det Europæiske Økonomiske Fællesskab på den anden side;;Udenrigsministeriet;;Udenrigsmin., NFG j.nr. 400.M.7.Grønland.;25;2008;AS001004;L20080002564;Lovtidende C;;Fremgår af forskriften;20080930;20081003;20081008;20081003;;FALSE;;;;;;;;;https://www.retsinformation.dk/eli/ltc/2008/25
B;Bekendtgørelse;Bekendtgørelse om offentlig fiskeauktion;;Ministeriet for Fødevarer, Landbrug og Fiskeri;;Miljø- og Fødevaremin.,\nNaturErhvervstyrelsen, j.nr. 15-7131-000006;1555;2015;CK000406;B20150155505;Lovtidende A;;Fremgår af forskriften;20151211;20151215;20151215;20151215;;FALSE;;;;;A20190026129;;;;https://www.retsinformation.dk/eli/lta/2015/1555
B;Bekendtgørelse;Bekendtgørelse om søvejsregler;;Erhvervsministeriet;Søfartsstyrelsen;Økonomi- og Erhvervsmin.,\nSøfartsstyrelsen, j.nr. 200613954;1083;2009;AU003793;B20090108305;Lovtidende A;;Fremgår af forskriften;20091120;20091124;20091124;20091124;;FALSE;;;;;A20220022129;;;;https://www.retsinformation.dk/eli/lta/2009/1083
B;Bekendtgørelse;Bekendtgørelse om Amager vildtreservat samt fredning af dele af søterritoriet;;Miljøministeriet;Naturstyrelsen;Miljøministeriet,\nNaturstyrelsen, j.nr. NST-351-00053;545;2012;AL002641;B20120054505;Lovtidende A;;Fremgår af forskriften;20120520;20120616;20120616;20120616;;FALSE;;;;;A20190026529,A20210198629;;;;https://www.retsinformation.dk/eli/lta/2012/545
A;Lovbekendtgørelse;Bekendtgørelse af lov om maritim fysisk planlægning;;Erhvervsministeriet;Søfartsstyrelsen;Erhvervsmin.,\nSøfartsstyrelsen, j.nr. 2019-55646 ;400;2020;CQ001202;A20200040029;Lovtidende A;;Fremgår af forskriften;20200406;20200409;20200409;20200409;;FALSE;;;;;;LOV nr 782 af 04/05/2021;;;https://www.retsinformation.dk/eli/lta/2020/400
B;Bekendtgørelse;Bekendtgørelse om overvågning og registrering af Infektiøs pankreasnekrose (IPN) og Bakteriel nyresyge (BKD);;Ministeriet for Fødevarer, Landbrug og Fiskeri;Fødevarestyrelsen;Miljø- og Fødevaremin., \n Fødevarestyrelsen, j. nr. 2019-14-31-00104;1492;2019;CK002313;B20190149205;Lovtidende A;;Fremgår af forskriften;20191212;20191219;20191219;20191219;;FALSE;;;;;A20220000929;;;;https://www.retsinformation.dk/eli/lta/2019/1492
B;Ikrafttræd. bekendtgørelse;Bekendtgørelse om ikrafttræden af dele af lov om ændring af lov om støtte til jordbrugets strukturudvikling og til økologisk jordbrug m.v. (Støtte til fremme af økologisk omstilling inden for jordbrug og fiskeri m.v.);;Ministeriet for Fødevarer, Landbrug og Fiskeri;;Fødevaremin., 1. afd., 3 kt., j.nr. 1997-2121/s 1-0001;802;1997;CM045619;B19970080205;Lovtidende A;;Fremgår af forskriften;19971023;19980315;20040331;19971025;;FALSE;;;;A19960047930;A19970040430;;;;https://www.retsinformation.dk/eli/lta/1997/802
A;Lovbekendtgørelse;Bekendtgørelse af lov om anvendelsen af visse af Den Europæiske Unions retsakter om økonomiske forbindelser til tredjelande m.v.;Eksportkontrolloven;Erhvervsministeriet;Økonomi- og Erhvervsministeriet;Økonomi- og Erhvervsmin., \n Erhvervs- og Byggestyrelsen, j.nr. 11/02388;635;2011;AU004447;A20110063529;Lovtidende A;;Fremgår af forskriften;20110609;20110615;20211102;20110615;;FALSE;;;;;;LOV nr 1231 af 18/12/2012,LOV nr 1716 af 27/12/2018,LOV nr 1732 af 01/12/2020,LOV nr 2305 af 08/12/2021;;;https://www.retsinformation.dk/eli/lta/2011/635
B;Bekendtgørelse;Bekendtgørelse om udligningsordning for omkostninger ved lagerhold af sukker og sirup;;Ministeriet for Fødevarer, Landbrug og Fiskeri;;Fødevaremin., j.nr. 1997-3136-0001;584;1997;CM045044;B19970058405;Lovtidende A;;Fremgår af forskriften;19970708;19970925;20070102;19970718;;FALSE;;;;;A20200011529;;;;https://www.retsinformation.dk/eli/lta/1997/584
B;Bekendtgørelse;Bekendtgørelse om administration af internationale naturbeskyttelsesområder og beskyttelse af visse arter ved forundersøgelser, efterforskning og indvinding af kulbrinter, lagring i undergrunden, rørledninger, m.v. offshore;Offshorekonsekvensvurderingsbekendtgørelsen;Klima-, Energi- og Forsyningsministeriet;Energistyrelsen;Klima-, Energi- og Forsyningsmin.,\nEnergistyrelsen, j.nr. 2022 - 535;1050;2022;DB000540;B20220105005;Lovtidende A;;Fremgår af forskriften;20220627;20220630;20220630;20220630;;FALSE;;;;;A20180118929,A20190153329;;;;https://www.retsinformation.dk/eli/lta/2022/1050
B;Bekendtgørelse;Bekendtgørelse om administration af internationale naturbeskyttelsesområder samt beskyttelse af visse arter for så vidt angår kystbeskyttelsesforanstaltninger samt etablering og udvidelse af visse anlæg på søterritoriet;;Miljøministeriet;;Miljø- og Fødevaremin.,\nNaturstyrelsen, Kystdirektoratet, j.nr. 20/00992;654;2020;CK002419;B20200065405;Lovtidende A;;Fremgår af forskriften;20200519;20200521;20200521;20200521;;FALSE;;;;;A20200070529;;;;https://www.retsinformation.dk/eli/lta/2020/654
B;Bekendtgørelse;Bekendtgørelse om førstegangsomsætning af fisk;;Ministeriet for Fødevarer, Landbrug og Fiskeri;Fiskeridirektoratet;Fødevaremin., \nFiskeridir., j.nr. 2003-250-45;658;2003;AH001567;B20030065805;Lovtidende A;;Fremgår af forskriften;20030710;20030718;20070102;20030718;;FALSE;;;;;A20190026129;;;;https://www.retsinformation.dk/eli/lta/2003/658
B;Bekendtgørelse;Bekendtgørelse om minkvirksomheders ansøgning om erstatning og kompensation som følge af aflivning af og midlertidigt forbud mod hold af mink som følge af COVID-19 og om visse dele af erstatningen og kompensationen;;Ministeriet for Fødevarer, Landbrug og Fiskeri;Fødevarestyrelsen;Ministeriet for Fødevarer, Landbrug og Fiskeri, j.nr. 2021-3686;2462;2021;DC000272;B20210246205;Lovtidende A;;Fremgår af forskriften;20211210;20211218;20211218;20211218;;FALSE;;;;;A20220001029;;;;https://www.retsinformation.dk/eli/lta/2021/2462
B;Bekendtgørelse;Bekendtgørelse om efterforskning og indvinding af råstoffer ved bundgarn og sømærker;;Miljøministeriet;;Miljø- og Energimin., j.nr. SN 1996-0013/HAR-0010;251;1998;CM047027;B19980025105;Lovtidende A;;Fremgår af forskriften;19980427;19980526;20070709;19980509;;FALSE;;;;;A20170012429;;;;https://www.retsinformation.dk/eli/lta/1998/251
A;Lovbekendtgørelse;Bekendtgørelse af lov om Skjern Å Naturprojekt;;Miljøministeriet;Naturstyrelsen;Miljø- og Fødevaremin.,\nNaturstyrelsen, j.nr. 019-00522;1532;2015;CK000202;A20150153229;Lovtidende A;;Fremgår af forskriften;20151210;20151215;20151215;20151215;;FALSE;;;;;;;;;https://www.retsinformation.dk/eli/lta/2015/1532
B;Bekendtgørelse;Bekendtgørelse om inddragelse af Aborg Minde under de for ferske vande gældende retsregler;;Ministeriet for Fødevarer, Landbrug og Fiskeri;;91-216-3;739;1992;CM037284;B19920073905;Lovtidende A;;Fremgår af forskriften;19920826;19970925;20070206;19920908;;FALSE;;;;;A20170003129,A20190026129;;;;https://www.retsinformation.dk/eli/lta/1992/739
B;Bekendtgørelse;Bekendtgørelse om erhvervs- og bierhvervsfiskeres mærkning af fiskeredskaber;;Ministeriet for Fødevarer, Landbrug og Fiskeri;;92-2210-45;934;1992;CM037591;B19920093405;Lovtidende A;;Fremgår af forskriften;19921116;19970925;20070102;19921204;;FALSE;;;;;A20190026129;;;;https://www.retsinformation.dk/eli/lta/1992/934
B;Bekendtgørelse;Bekendtgørelse om ålepas, ungfiskesluser samt afgitringer i ferske vande;;Ministeriet for Fødevarer, Landbrug og Fiskeri;Fiskeridirektoratet;Fødevaremin.,\nFiskeridir., j.nr. 2002-250-29;1018;2002;AH001374;B20020101805;Lovtidende A;;Fremgår af forskriften;20021212;20021220;20070709;20021220;;FALSE;;;;;A20190026129,A20190121729;BEK nr 218 af 30/03/2005;;;https://www.retsinformation.dk/eli/lta/2002/1018
A;Ændringslov;Lov om ændring af lov om læhegn og tilskud til læplantning;;Ministeriet for Fødevarer, Landbrug og Fiskeri;;Fødevaremin., 1. afd., 3. kt., j.nr.;15;1998;CM046275;A19980001530;Lovtidende A;;Fremgår af forskriften;19980114;19980315;20170921;19980115;;FALSE;;;;;;;;;https://www.retsinformation.dk/eli/lta/1998/15
B;Bekendtgørelse;Bekendtgørelse om erhvervsfiskeriets sikkerhedskursus;;Uddannelses- og Forskningsministeriet;;Ministeriet for Forskning, Innovation og Videregående Uddannelser,\nStyrelsen for Videregående Uddannelser og Uddannelsesstøtte, j.nr. 13/005821;395;2013;BR000218;B20130039505;Lovtidende A;;Fremgår af forskriften;20130416;20130424;20130424;20130424;;FALSE;;;;;A20190078129;;;;https://www.retsinformation.dk/eli/lta/2013/395
B;Bekendtgørelse;Bekendtgørelse om oprettelse af et videnskabeligt reservat på vejlerne i Vust m.fl. sogne.;;Miljøministeriet;By- og Landskabsstyrelsen/Søfartsstyrelsen;Statsministeriet;184;1960;CM006982;B19600018405;Lovtidende A;;Fremgår af forskriften;19600428;19970925;20070706;19600601;;FALSE;;;;;A20210198629;;;;https://www.retsinformation.dk/eli/lta/1960/184
A;Ændringslov;Lov om ændring af museumsloven, lov om Miljø- og Fødevareklagenævnet og forskellige andre love (Dispensation og klagesagsbehandling m.v. på fortidsmindeområdet);;Kulturministeriet;Kulturministeriet;Kulturmin., j.nr. 2022-754;900;2022;AK002010;A20220090030;Lovtidende A;;Fremgår af forskriften;20220621;20220622;20220622;20220622;;FALSE;;;;;;;;;https://www.retsinformation.dk/eli/lta/2022/900
B;Bekendtgørelse;Bekendtgørelse om tilskud til opretholdelse af ændret afvanding;;Ministeriet for Fødevarer, Landbrug og Fiskeri;FødevareErhverv;Fødevaremin.,\nFødevareErhverv, j.nr. 3690-09-28;93;2010;AH003715;B20100009305;Lovtidende A;;Fremgår af forskriften;20100128;20100130;20100130;20100130;;FALSE;;;;;A20200011429;BEK nr 80 af 27/01/2012,BEK nr 92 af 29/01/2013,BEK nr 57 af 21/01/2014,BEK nr 1304 af 09/12/2014,BEK nr 89 af 28/01/2015,BEK nr 91 af 28/01/2016;;;https://www.retsinformation.dk/eli/lta/2010/93
A;Lovbekendtgørelse;Bekendtgørelse af lov om jagt og vildtforvaltning;Jagt- og vildtforvaltningsloven;Miljøministeriet;Miljø- og Fødevareministeriet;Miljø- og Fødevaremin., j.nr. 2019-3752;265;2019;CK002016;A20190026529;Lovtidende A;;Fremgår af forskriften;20190321;20190326;20190326;20190326;;FALSE;;;;;;LOV nr 126 af 30/01/2021;;;https://www.retsinformation.dk/eli/lta/2019/265
B;Bekendtgørelse;Bekendtgørelse om ophævelse af bekendtgørelse om fredning af fuglelivet på Nibe Mølledam og havneareal m.v.;;Ministeriet for Fødevarer, Landbrug og Fiskeri;By- og Landskabsstyrelsen/Søfartsstyrelsen;Miljømin. j.nr. 89-1100-14;697;1989;CM007464;B19890069705;Lovtidende A;;Fremgår af forskriften;19891114;19970925;20070706;19891124;;FALSE;;;;;A20210198629;;;;https://www.retsinformation.dk/eli/lta/1989/697
B;Bekendtgørelse;Bekendtgørelse om stoprist eller spærrenet i fiskeredskaber i visse salte vande;;Ministeriet for Fødevarer, Landbrug og Fiskeri;Landbrugs- og Fiskeriministeriet;Landbrugs- og Fiskerimin., 3.afd., 4.kt. j.nr. 96-210-71;674;1996;CM041203;B19960067405;Lovtidende A;;Fremgår af forskriften;19960708;19970925;20070102;19960723;;FALSE;;;;;A20190026129;;;;https://www.retsinformation.dk/eli/lta/1996/674
B;Bekendtgørelse;Bekendtgørelse om betaling for kontrol af fødevarer, foder og levende dyr m.v.;Betalingsbekendtgørelsen;Ministeriet for Fødevarer, Landbrug og Fiskeri;Ministeriet for Fødevarer, Landbrug og Fiskeri, EU-Direktoratet;Ministeriet for Fødevarer, Landbrug og Fiskeri,\nFødevarestyrelsen, j.nr. 2022-24-31-00351.;964;2022;DC000618;B20220096405;Lovtidende A;;Fremgår af forskriften;20220622;20220624;20220624;20220624;;FALSE;;;;;A20180100029,A20190026129,A20200011529,A20200152329,A20210159729,A20220000829,A20220000929,A20220120329;;;;https://www.retsinformation.dk/eli/lta/2022/964
B;Bekendtgørelse;Bekendtgørelse om toldbehandling;;Skatteministeriet;Skatteforvaltningen;Skattemin., j.nr. 2021-2964;1080;2021;AN014937;B20210108005;Lovtidende A;;Fremgår af forskriften;20210601;20210602;20210602;20210602;;FALSE;;;;;A20200011529,A20220002929,A20220083529;;;;https://www.retsinformation.dk/eli/lta/2021/1080
B;Bekendtgørelse;Bekendtgørelse om fredningsbælter ved Skive-Karup Å's udløb i Skive Fjord;;Ministeriet for Fødevarer, Landbrug og Fiskeri;;92-2224-15;243;1992;CM036464;B19920024305;Lovtidende A;;Fremgår af forskriften;19920401;19970925;20070102;19920414;;FALSE;(* 1) Bilag udeladt. Der henvises til originalen i LT A nr. 243 af 14.04.1992, s. 898.;;;;A20190026129;;;;https://www.retsinformation.dk/eli/lta/1992/243
B;Bekendtgørelse;Bekendtgørelse om tilskud til minivådområder 2022;;Ministeriet for Fødevarer, Landbrug og Fiskeri;;Ministeriet for Fødevarer, Landbrug og Fiskeri,\nLandbrugsstyrelsen, j. nr. 21-2712-000004;690;2022;DC000592;B20220069005;Lovtidende A;;Fremgår af forskriften;20220517;20220524;20220524;20220524;;FALSE;;;;;A20200011429,A20220904516;;;;https://www.retsinformation.dk/eli/lta/2022/690
A;Lovbekendtgørelse;Bekendtgørelse af lov om elevers og studerendes undervisningsmiljø;Undervisningsmiljøloven;Børne- og Undervisningsministeriet;;Undervisningsmin., j.nr. 17/04685;316;2017;CU000087;A20170031629;Lovtidende A;;Fremgår af forskriften;20170405;20170406;20170406;20170406;;FALSE;;;;;;;;;https://www.retsinformation.dk/eli/lta/2017/316
B;Bekendtgørelse;Bekendtgørelse om nedgarn;;Ministeriet for Fødevarer, Landbrug og Fiskeri;Fiskeriministeriet;Fiskerimin. IV, j.nr. 91-2214-1;505;1994;CM036911;B19940050505;Lovtidende A;;Fremgår af forskriften;19940613;19970925;20070102;19940624;;FALSE;;;;;A20190026129;BEK nr 6 af 05/01/1999;;;https://www.retsinformation.dk/eli/lta/1994/505
B;Bekendtgørelse;Bekendtgørelse om administration, støtteberettigelse, regnskab, revision og kontrol m.v. i forbindelse med udbetaling af støtte fra brexittilpasningsreserven;;Erhvervsministeriet;Erhvervsstyrelsen;Erhvervsmin.,\nErhvervsstyrelsen, j.nr. 2022-3425;664;2022;CQ002207;B20220066405;Lovtidende A;;Fremgår af forskriften;20220513;20220524;20220524;20220524;;FALSE;;;;;A20190016029;BEK nr 1262 af 09/09/2022;;;https://www.retsinformation.dk/eli/lta/2022/664
L;Bekendtgørelse (international);Bekendtgørelse_af_aftale af 18. juni 1998 mellem Grønland/Danmark, Island og Norge om loddebestanden i farvandene mellem Grønland, Island og Jan Mayen;;Udenrigsministeriet;Udenrigsministeriet;Udenrigsmin. N.5. j.nr. 63.Grønl.-Isl.;70;1999;AS000219;L19990007064;Lovtidende C;;Fremgår af forskriften;19991028;19991110;20000124;19991110;;FALSE;;;;;;;;;https://www.retsinformation.dk/eli/ltc/1999/70
B;Ændringsbekendtgørelse;Bekendtgørelse om ændring af bekendtgørelse om en ny midlertidig kompensationsordning for selvstændige mv. i økonomisk krise som følge af COVID-19;;Erhvervsministeriet;;Erhvervsmin.,\nErhvervsstyrelsen,  j.nr. 2020-10604;319;2022;CQ002136;B20220031905;Lovtidende A;;Fremgår af forskriften;20220311;20220316;20220316;20220316;;FALSE;;;;;;;;;https://www.retsinformation.dk/eli/lta/2022/319
B;Ændringsbekendtgørelse;Bekendtgørelse om ændring af bekendtgørelse om en midlertidig kompensationsordning fra og med den 1. marts 2021 for selvstændige i økonomisk krise som følge COVID-19;;Erhvervsministeriet;;Erhvervsmin.,\nErhvervsstyrelsen, j.nr. 2021-13968;318;2022;CQ002135;B20220031805;Lovtidende A;;Fremgår af forskriften;20220311;20220316;20220316;20220316;;FALSE;;;;;;;;;https://www.retsinformation.dk/eli/lta/2022/318
B;Ændringsbekendtgørelse;Bekendtgørelse om ændring af bekendtgørelse om en midlertidig kompensationsordning fra og med den 1. marts 2021 for freelancere mv. i økonomisk krise som følge af COVID-19;;Erhvervsministeriet;;Erhvervsmin.,\nErhvervsstyrelsen, j.nr. 2021-6187;317;2022;CQ002134;B20220031705;Lovtidende A;;Fremgår af forskriften;20220311;20220316;20220316;20220316;;FALSE;;;;;;;;;https://www.retsinformation.dk/eli/lta/2022/317
B;Ændringsbekendtgørelse;Bekendtgørelse om ændring af bekendtgørelse om en midlertidig kompensationsordning fra og med den 1. juli 2021 for selvstændige i økonomisk krise som følge COVID-19;;Erhvervsministeriet;;Erhvervsmin.,\nErhvervsstyrelsen, j.nr. 2021-13968;323;2022;CQ002140;B20220032305;Lovtidende A;;Fremgår af forskriften;20220311;20220316;20220316;20220316;;FALSE;;;;;;;;;https://www.retsinformation.dk/eli/lta/2022/323
B;Ændringsbekendtgørelse;Bekendtgørelse om ændring af bekendtgørelse om en midlertidig kompensationsordning for sæsonafhængige selvstændige mv. i økonomisk krise som følge af COVID-19;;Erhvervsministeriet;;Erhvervsmin.,\nErhvervsstyrelsen, j.nr. 2020-10606;322;2022;CQ002139;B20220032205;Lovtidende A;;Fremgår af forskriften;20220311;20220316;20220316;20220316;;FALSE;;;;;;;;;https://www.retsinformation.dk/eli/lta/2022/322
B;Ændringsbekendtgørelse;Bekendtgørelse om ændring af bekendtgørelse om en midlertidig kompensationsordning for freelancere mv. ramt af én eller flere COVID-19-relaterede restriktioner;;Erhvervsministeriet;;Erhvervsmin.,\nErhvervsstyrelsen, j.nr. 2020-10604;320;2022;CQ002137;B20220032005;Lovtidende A;;Fremgår af forskriften;20220311;20220316;20220316;20220316;;FALSE;;;;;;;;;https://www.retsinformation.dk/eli/lta/2022/320
B;Ændringsbekendtgørelse;Bekendtgørelse om ændring af bekendtgørelse om en midlertidig kompensationsordning for selvstændige ramt af én eller flere COVID-19-relaterede restriktioner;;Erhvervsministeriet;;Erhvervsmin.,\nErhvervsstyrelsen, j.nr. 2020-17171;321;2022;CQ002138;B20220032105;Lovtidende A;;Fremgår af forskriften;20220311;20220316;20220316;20220316;;FALSE;;;;;;;;;https://www.retsinformation.dk/eli/lta/2022/321
A;Ændringslov;Lov om ændring af fiskeriloven (Digitaliseret fiskerikontrol);;Ministeriet for Fødevarer, Landbrug og Fiskeri;;Udenrigsmin., j.nr. 2018 - 44261;559;2019;AS001882;A20190055930;Lovtidende A;;Fremgår af forskriften;20190507;20190508;20190508;20190508;;FALSE;;;;;;;;;https://www.retsinformation.dk/eli/lta/2019/559
B;Bekendtgørelse;Bekendtgørelse om Trykfejl i Anordning af 29.juni 1933 om Frednings- og Ordensbestemmelser for Fiskeriet i de til Kongerigerne Danmark og Sverige grænsende Farvande.;;Ministeriet for Fødevarer, Landbrug og Fiskeri;;Ingen;253;1933;CM036481;B19330025305;Lovtidende A;;Fremgår af forskriften;19330803;19970925;20070102;19330809;;FALSE;;;;;A20190026129;;;;https://www.retsinformation.dk/eli/lta/1933/253
B;Ændringsbekendtgørelse;Bekendtgørelse om ændring af bekendtgørelse om en midlertidig kompensationsordning fra og med den 1. marts 2021 for selvstændige i økonomisk krise som følge COVID-19;;Erhvervsministeriet;Erhvervsstyrelsen;Erhvervsmin.,\nErhvervsstyrelsen, j.nr. 2021-13943;1525;2021;CQ001856;B20210152505;Lovtidende A;;Fremgår af forskriften;20210628;20210702;20210702;20210702;;FALSE;;;;;;;;;https://www.retsinformation.dk/eli/lta/2021/1525
B;Ændringsbekendtgørelse;Bekendtgørelse om ændring af bekendtgørelse om en midlertidig kompensationsordning for selvstændige ramt af én eller flere COVID-19-relaterede restriktioner;;Erhvervsministeriet;Erhvervsstyrelsen;Erhvervsmin.,\nErhvervsstyrelsen, j.nr. 2021-13942;1524;2021;CQ001853;B20210152405;Lovtidende A;;Fremgår af forskriften;20210628;20210702;20210702;20210702;;FALSE;;;;;;;;;https://www.retsinformation.dk/eli/lta/2021/1524
B;Bekendtgørelse;Bekendtgørelse om fredningsbælte ved Kilen v. Struer;;Ministeriet for Fødevarer, Landbrug og Fiskeri;;IV nr.86-1561-20;540;1988;CM036965;B19880054005;Lovtidende A;;Fremgår af forskriften;19880829;19970925;20070102;19880923;;FALSE;;;;;A20190026129;;;;https://www.retsinformation.dk/eli/lta/1988/540
B;Bekendtgørelse;Bekendtgørelse om tilskud til jordbrugere på visse småøer;;Ministeriet for Fødevarer, Landbrug og Fiskeri;Direktoratet for FødevareErhverv;Fødevaremin.\nDirektoratet for FødevareErhverv, j.nr. 3621-07-25;732;2007;AH002623;B20070073205;Lovtidende A;;Fremgår af forskriften;20070625;20070703;20070703;20070703;;FALSE;;;;;A20200011429;BEK nr 1583 af 28/12/2007,BEK nr 27 af 25/01/2008,BEK nr 110 af 28/01/2010,BEK nr 64 af 26/01/2012,BEK nr 63 af 21/01/2014;;;https://www.retsinformation.dk/eli/lta/2007/732
A;Ændringslov;Lov om ændring af fiskeriloven (Auktion m.v. over fangstrettigheder samt frivilligt kystfiskermærke);;Ministeriet for Fødevarer, Landbrug og Fiskeri;Udenrigsministeriet;Udenrigsmin., j.nr. 2018 - 44261;558;2019;AS001881;A20190055830;Lovtidende A;;Fremgår af forskriften;20190507;20190508;20190508;20190508;;FALSE;;;;;;;;;https://www.retsinformation.dk/eli/lta/2019/558
B;Bekendtgørelse;Bekendtgørelse om inddragelse af Hobro Vesterfjord under de for ferske vande gældende retsregler.;;Miljøministeriet;;Ingen.;242;1939;CM007044;B19390024205;Lovtidende A;;Fremgår af forskriften;19390624;19970925;20011129;19390729;;FALSE;;;;;A20150150129;;;;https://www.retsinformation.dk/eli/lta/1939/242
B;Bekendtgørelse;Bekendtgørelse om ikke-erhvervsmæssig sejlads og anden færdsel på Gudenåen med sidevandløb og søer fra Tørring til Randers;;Miljøministeriet;Naturstyrelsen;Miljø- og Fødevaremin.,\nNaturstyrelsen, j.nr. NST-4100-00006;148;2016;CK000557;B20160014805;Lovtidende A;;Fremgår af forskriften;20160224;20160227;20160227;20160227;;FALSE;;;;;A20210198629;;;;https://www.retsinformation.dk/eli/lta/2016/148
A;Lov;Lov om statstilskud til zoologiske anlæg;;Kulturministeriet;;Kulturmin., j.nr. 1997.250-1;255;2000;AK000094;A20000025530;Lovtidende A;;Fremgår af forskriften;20000412;20000413;20010808;20000413;;FALSE;;;;;;LOV nr 1531 af 21/12/2010,LOV nr 628 af 08/06/2016;;;https://www.retsinformation.dk/eli/lta/2000/255
A;Ændringslov;Lov om ændring af forskellige afgiftslove (Ændring af kredittider m.v.);;Skatteministeriet;;Skattemin., J.nr. 5.98-211-27;435;1998;CM047378;A19980043530;Lovtidende A;;Fremgår af forskriften;19980626;19980629;20070207;19980627;;FALSE;;;;;;LBK nr 675 af 15/09/1998;;;https://www.retsinformation.dk/eli/lta/1998/435
B;Bekendtgørelse;Bekendtgørelse om Fredning af Fuglelivet på Gamborg Inddæmning, Gamborg Sogn, Odense Amt og omliggende Arealer;;Miljøministeriet;By- og Landskabsstyrelsen/Søfartsstyrelsen;Ingen;400;1940;CM007182;B19400040005;Lovtidende A;;Fremgår af forskriften;19400722;19970925;20070706;19400803;;FALSE;;;;;A20190026529;;;;https://www.retsinformation.dk/eli/lta/1940/400
B;Bekendtgørelse;Bekendtgørelse om supplerende bestemmelser for 20-årige tilsagn om tilskud til miljøvenlige jordbrugsforanstaltninger;;Ministeriet for Fødevarer, Landbrug og Fiskeri;NaturErhvervstyrelsen;Miljø- og Fødevaremin.,\nNaturErhvervstyrelsen, j.nr. 15-810-000013;951;2015;CK000065;B20150095105;Lovtidende A;;Fremgår af forskriften;20150819;20150821;20150821;20150821;;FALSE;;;;;A20170003429,A20180155130;BEK nr 74 af 19/01/2017,BEK nr 946 af 05/07/2017,BEK nr 1330 af 26/11/2018;;;https://www.retsinformation.dk/eli/lta/2015/951
A;Ændringslov;Lov om ændring af lov om kemikalier, lov om miljøbeskyttelse og lov om gødning og jordforbedringsmidler m.v. (Supplerende bestemmelser til markedsovervågningsforordningen samt offentliggørelsesordning, registreringsordning og andre justeringer af tilsyns- og håndhævelsesbestemmelserne i lov om kemikalier);;Miljøministeriet;Miljøministeriet;Miljømin., j.nr. 2019-22019;2214;2020;DD000028;A20200221430;Lovtidende A;;Fremgår af forskriften;20201229;20201230;20201230;20201230;;FALSE;;;;;;;;;https://www.retsinformation.dk/eli/lta/2020/2214
B;Bekendtgørelse;Bekendtgørelse om Fredning af Dyrelivet paa Ølene i Østermarie Kommune paa Bornholm.;;Miljøministeriet;By- og Landskabsstyrelsen/Søfartsstyrelsen;Ingen;220;1942;CM007022;B19420022005;Lovtidende A;;Fremgår af forskriften;19420519;19970925;20220215;19420601;;FALSE;;;;;A20190026529;;;;https://www.retsinformation.dk/eli/lta/1942/220
B;Bekendtgørelse;Bekendtgørelse om autorisation og registrering af fødevarevirksomheder m.v.;Autorisationsbekendtgørelsen;Ministeriet for Fødevarer, Landbrug og Fiskeri;Fødevarestyrelsen;Ministeriet for Fødevarer, Landbrug og Fiskeri,\nFødevarestyrelsen, j.nr. 2021-28-31-00247;2247;2021;DC000392;B20210224705;Lovtidende A;;Fremgår af forskriften;20211201;20211203;20211203;20211203;;FALSE;;;;;A20220000829;;;;https://www.retsinformation.dk/eli/lta/2021/2247
A;Lovbekendtgørelse;Bekendtgørelse af lov om beskyttelse af havmiljøet;Havmiljøloven;Miljøministeriet;Miljø- og Fødevareministeriet;Miljø- og Fødevaremin., j.nr. 2019-8697;1165;2019;CK002071;A20190116529;Lovtidende A;;Fremgår af forskriften;20191125;20191127;20191127;20191127;;FALSE;;;;;;LOV nr 126 af 30/01/2021,LOV nr 1436 af 29/06/2021,LOV nr 2608 af 28/12/2021;;;https://www.retsinformation.dk/eli/lta/2019/1165
A;Ændringslov;Lov om ændring af lov om fremme af vedvarende energi, biobrændstofloven, lov om naturgasforsyning og forskellige andre love (Gennemførelse af dele af direktiv om fremme af anvendelsen af energi fra vedvarende energikilder, herunder bestemmelser om oprindelsesgarantier, tilladelsesprocesser, VE-fællesskaber, bæredygtighedskriterier og kriterier for drivhusgasemissionsbesparelser for biobrændstoffer, biomassebrændsler og flydende biobrændsler, m.v.);;Klima-, Energi- og Forsyningsministeriet;Energistyrelsen;Klima-, Energi- og Forsyningsmin.,\nEnergistyrelsen, j.nr. 2019-86318;883;2021;DB000321;A20210088330;Lovtidende A;;Fremgår af forskriften;20210512;20210513;20210528;20210513;;FALSE;;;;;;;;;https://www.retsinformation.dk/eli/lta/2021/883
A;Ændringslov;Lov om ændring af lov om jordbrugets anvendelse af gødning og om næringsstofreducerende tiltag og lov om Landdistriktsfonden (Frivillig ordning om kvælstofreducerende virkemidler og kriterier for anvendelse af brødhvedenormen);;Ministeriet for Fødevarer, Landbrug og Fiskeri;Landbrugsstyrelsen;Miljø- og fødevaremin.,\nLandbrugsstyrelsen, j. nr. 19-18281-000002;1569;2019;CK002342;A20190156930;Lovtidende A;;Fremgår af forskriften;20191227;20191228;20191228;20191228;;FALSE;;;;;;;;;https://www.retsinformation.dk/eli/lta/2019/1569
B;Ændringsbekendtgørelse;Bekendtgørelse om ændring af bekendtgørelse om supplerende bestemmelser for 20-årige tilsagn om tilskud til miljøvenlige jordbrugsforanstaltninger;;Ministeriet for Fødevarer, Landbrug og Fiskeri;Landbrugs- og Fiskeristyrelsen;Miljø- og Fødevaremin.,\nLandbrugs- og Fiskeristyrelsen, j.nr. 17-12231-000001;946;2017;CK001373;B20170094605;Lovtidende A;;Fremgår af forskriften;20170705;20170706;20170706;20170706;;FALSE;;;;;;;;;https://www.retsinformation.dk/eli/lta/2017/946
B;Bekendtgørelse;Bekendtgørelse om konsekvensvurdering vedrørende internationale naturbeskyttelsesområder samt beskyttelse af visse arter ved projekter om etablering m.v. af elproduktionsanlæg og elforsyningsnet på havet;;Klima-, Energi- og Forsyningsministeriet;Energistyrelsen;Klima- og Energimin.,\nEnergistyrelsen, j.nr. 2110/1181-0131;1476;2010;BJ000350;B20100147605;Lovtidende A;;Fremgår af forskriften;20101213;20101221;20101221;20101221;;FALSE;;;;;A20180118929,A20210179129,A20210098429,A20220116129;;;;https://www.retsinformation.dk/eli/lta/2010/1476
B;Bekendtgørelse;Bekendtgørelse om tekniske krav og forskrifter for tinglysningssystemet;;Justitsministeriet;;Justitsmin., j.nr. 2021-708-0002;1634;2021;AA012547;B20210163405;Lovtidende A;;Fremgår af forskriften;20210629;20210731;20210731;20210731;;FALSE;;;;;A20140107529;;;;https://www.retsinformation.dk/eli/lta/2021/1634
A;Lovbekendtgørelse;Bekendtgørelse af lov om beskyttelse af de ydre koge i Tøndermarsken;;Miljøministeriet;Miljøstyrelsen;Miljø- og Fødevaremin.,\nStyrelsen for Vand- og Naturforvaltning, j.nr. 029-00510;123;2017;CK001182;A20170012329;Lovtidende A;;Fremgår af forskriften;20170126;20170201;20170201;20170201;;FALSE;;;;;;LOV nr 126 af 30/01/2021,LOV nr 900 af 21/06/2022;;;https://www.retsinformation.dk/eli/lta/2017/123
A;Lovbekendtgørelse;Bekendtgørelse af lov om vandplanlægning;;Miljøministeriet;Miljøstyrelsen;Miljø- og Fødevaremin.,\nStyrelsen for Vand- og Naturforvaltning, j.nr. 029-00510;126;2017;CK001185;A20170012629;Lovtidende A;;Fremgår af forskriften;20170126;20170201;20170201;20170201;;FALSE;;;;;;;;;https://www.retsinformation.dk/eli/lta/2017/126
A;Lovbekendtgørelse;Bekendtgørelse af lov om miljø og genteknologi;;Ministeriet for Fødevarer, Landbrug og Fiskeri;;Miljø- og Fødevaremin.,\nNaturErhvervstyrelsen, j.nr. 16-0122-000012;9;2017;CK000913;A20170000929;Lovtidende A;;Fremgår af forskriften;20170104;20170106;20170106;20170106;;FALSE;;;;;;LOV nr 126 af 30/01/2021,LOV nr 528 af 27/03/2021;;;https://www.retsinformation.dk/eli/lta/2017/9
B;Bekendtgørelse;Bekendtgørelse om en midlertidig kompensationsordning fra og med den 1. marts 2021 for freelancere mv. i økonomisk krise som følge af COVID-19;;Erhvervsministeriet;Erhvervsstyrelsen;Erhvervsmin.,\nErhvervsstyrelsen, j.nr. 2021-6187;605;2021;CQ001696;B20210060505;Lovtidende A;;Fremgår af forskriften;20210408;20210413;20220402;20210413;;FALSE;;;;;A20180151830,A20220904516;BEK nr 979 af 18/05/2021,BEK nr 2721 af 16/12/2021,BEK nr 317 af 11/03/2022,BEK nr 615 af 12/05/2022;;;https://www.retsinformation.dk/eli/lta/2021/605
A;Lovbekendtgørelse;Bekendtgørelse af lov om kystbeskyttelse m.v.;Kystbeskyttelsesloven;Miljøministeriet;;Miljø- og Fødevaremin.,\nNaturstyrelsen, Kystdirektoratet, j.nr. 20/01740;705;2020;CK002492;A20200070529;Lovtidende A;;Fremgår af forskriften;20200529;20200530;20200530;20200530;;FALSE;;;;;;LOV nr 900 af 21/06/2022;;;https://www.retsinformation.dk/eli/lta/2020/705
B;Bekendtgørelse;Bekendtgørelse om tilskud til integreret havpolitik;;Ministeriet for Fødevarer, Landbrug og Fiskeri;;Miljø- og fødevaremin., \nFiskeristyrelsen, j.nr. 20-0182-000003;1628;2020;CK002713;B20200162805;Lovtidende A;;Fremgår af forskriften;20201113;20201118;20201118;20201118;;FALSE;;;;;A20170001929;;;;https://www.retsinformation.dk/eli/lta/2020/1628
B;Ændringsbekendtgørelse;Bekendtgørelse om ændring af bekendtgørelse om supplerende bestemmelser for 20-årige tilsagn om tilskud til miljøvenlige jordbrugsforanstaltninger;;Ministeriet for Fødevarer, Landbrug og Fiskeri;Landbrugsstyrelsen;Miljø- og Fødevaremin.,\nLandbrugsstyrelsen, j.nr. 18-12232-000009;1330;2018;CK001869;B20180133005;Lovtidende A;;Fremgår af forskriften;20181126;20181128;20181128;20181128;;FALSE;;;;;;;;;https://www.retsinformation.dk/eli/lta/2018/1330
B;Bekendtgørelse;Bekendtgørelse om særlig fiskeriregulering i marine Natura 2000 områder for beskyttelse af revstrukturer;N2000 bekendtgørelsen;Ministeriet for Fødevarer, Landbrug og Fiskeri;;Udenrigsmin., j.nr. 2017-45845;1389;2017;AS001735;B20170138905;Lovtidende A;;Fremgår af forskriften;20171203;20171205;20171205;20171205;;FALSE;;;;;A20190026129;;;;https://www.retsinformation.dk/eli/lta/2017/1389
B;Bekendtgørelse;Bekendtgørelse om registrering af skibe hjemmehørende i Grønland;;Erhvervsministeriet;Søfartsstyrelsen;Industrimin., j. nr. 90-725-18;119;1993;CM023354;B19930011905;Lovtidende A;;Fremgår af forskriften;19930315;19970924;20040624;19930326;;FALSE;;;;;A19980090130;;;;https://www.retsinformation.dk/eli/lta/1993/119
B;Bekendtgørelse;Bekendtgørelse om politiets sikring af den offentlige orden og beskyttelse af enkeltpersoners og den offentlige sikkerhed mv., samt politiets adgang til at iværksætte midlertidige foranstaltninger;Ordensbekendtgørelsen;Justitsministeriet;;Justitsmin., j.nr. 2005-945-0055;511;2005;AA002948;B20050051105;Lovtidende A;;Fremgår af forskriften;20050620;20050628;20070102;20050628;;FALSE;;;;;A20190127029;BEK nr 373 af 23/05/2008,BEK nr 540 af 11/06/2009,BEK nr 1114 af 30/11/2009,BEK nr 373 af 19/04/2011,LOV nr 303 af 19/04/2006,BEK nr 616 af 10/06/2014,BEK nr 305 af 31/03/2017,BEK nr 860 af 28/06/2017,BEK nr 427 af 07/05/2018,BEK nr 1094 af 29/06/2020;;;https://www.retsinformation.dk/eli/lta/2005/511
B;Bekendtgørelse;Bekendtgørelse om oprettelse af tilskudsberettigede lokale aktionsgrupper i udpegede landdistrikter og fiskeriområder i perioden 2023-2027;;Indenrigs- og Boligministeriet;;Indenrigs- og Boligmin., \nBolig- og Planstyrelsen, j.nr. 2022-4367.;710;2022;DE000254;B20220071005;Lovtidende A;;Fremgår af forskriften;20220524;20220526;20220526;20220526;;FALSE;;;;;A20170001929,A20200011429,A20220904516;;;;https://www.retsinformation.dk/eli/lta/2022/710
B;Ændringsbekendtgørelse;Bekendtgørelse om ændring af bekendtgørelse om Meddelelser fra Søfartsstyrelsen F, teknisk forskrift om mindre erhvervsfartøjers bygning og udstyr m.v.;;Erhvervsministeriet;Søfartsstyrelsen;Erhvervs- og Vækstmin.,\nSøfartsstyrelsen, j.nr. 2013010757;921;2013;BP000570;B20130092105;Lovtidende A;;Fremgår af forskriften;20130703;20130706;20130706;20130706;;FALSE;;;;;;;;;https://www.retsinformation.dk/eli/lta/2013/921
B;Bekendtgørelse;Bekendtgørelse om delegation af opgaver og beføjelser til Miljøstyrelsen;;Miljøministeriet;Miljøstyrelsen;Miljømin.,\n Miljøstyrelsen,  j.nr. MST-2019 - 10828;1514;2021;DD000091;B20210151405;Lovtidende A;;Fremgår af forskriften;20210625;20210702;20220413;20210702;;FALSE;;;;;A20120122530,A20120137530,A20140151830,A20150158129,A20170000929,A20170010129,A20170011929,A20170012329,A20170012429,A20170012629,A20170028229,A20190026529,A20190026129,A20190031529,A20190052029,A20190121729,A20190116529,A20190116129,A20200011429,A20200218630,A20210198629,A20210197629,A20220904516,A20220010029,A20220024429,A20220048229,A20220060229;;;;https://www.retsinformation.dk/eli/lta/2021/1514
A;Lov;Lov om krigsforsikring af skibe (* 1);;Erhvervsministeriet;Krigsforsikringsinstituttet;Erhvervsmin., j.nr. 95-614-3;387;1997;CM044512;A19970038730;Lovtidende A;;Fremgår af forskriften;19970610;19970924;20051228;19970611;;FALSE;485 af 10. juni 1997.,(* 1) Loven er sat i kraft den 1. juli 1997, jf. bekendtgørelse nr.;;;;;LOV nr 1174 af 19/12/2003,LOV nr 1432 af 21/12/2005;;;https://www.retsinformation.dk/eli/lta/1997/387
B;Bekendtgørelse;Bestemmelser om flyvepladsreglement for Københavns Lufthavn, Kastrup;BL 11-1, 2. udgave;Transportministeriet;Statens Luftfartsvæsen;Trafikmin., j.nr. 13-4001/1101-1;9449;2003;AR000719;B20030944905;Retsinformation;;Fremgår af forskriften;20030701;20030826;20070718;;;FALSE;;;;;A20170114929;;;;https://www.retsinformation.dk/eli/retsinfo/2003/9449
B;Bekendtgørelse;Bekendtgørelse om en midlertidig kompensationsordning i perioden den 1. december 2021 til 28. februar 2022 for freelancere mv. i økonomisk krise som følge af COVID-19;;Erhvervsministeriet;;Erhvervsmin.,\nErhvervsstyrelsen, j.nr. 2022-1706;89;2022;CQ002069;B20220008905;Lovtidende A;;Fremgår af forskriften;20220120;20220122;20220122;20220122;;FALSE;;;;;A20180151830;;;;https://www.retsinformation.dk/eli/lta/2022/89
C;Cirkulære (1 sp);Rigsadvokatmeddelelsen, afsnittet: Meddelelse om konfiskation af fiskeredskaber ved overtrædelse af fiskerilovgivningen;;Justitsministeriet;Rigsadvokaten;CMS VB 1981;10433;2011;AA010823;C20111043309;Retsinformation;;Fremgår af forskriften;20110622;20180712;20180712;;;FALSE;;;;;;;;;https://www.retsinformation.dk/eli/retsinfo/2011/10433
B;Bekendtgørelse;Bekendtgørelse om et udvidet fredningsbælte ved Voer Å's udløb i Kattegat;;Ministeriet for Fødevarer, Landbrug og Fiskeri;;Fiskerimin. IIIa j.nr. 84-1561-11;579;1984;CM037034;B19840057905;Lovtidende A;;Fremgår af forskriften;19841130;19970925;20070102;19841212;;FALSE;;;;;A20190026129;;;;https://www.retsinformation.dk/eli/lta/1984/579
A;Lovbekendtgørelse;Bekendtgørelse af lov om Miljøteknologisk Udviklings- og Demonstrationsprogram;;Miljøministeriet;Miljøstyrelsen;Miljø- og Fødevaremin.,\nMiljøstyrelsen, j.nr. 029-00603;101;2017;CK001167;A20170010129;Lovtidende A;;Fremgår af forskriften;20170126;20170131;20170131;20170131;;FALSE;;;;;;LOV nr 900 af 21/06/2022;;;https://www.retsinformation.dk/eli/lta/2017/101
A;Lov;Lov om Inddæmning i Kalvebodstrand m.v. og om Anlæg af en Dæmning til Rømø (* 1);;Transportministeriet;;Ingen;134;1939;CM010086;A19390013430;Lovtidende A;;Fremgår af forskriften;19390323;19971001;20061213;19390403;;FALSE;;;;;;LOV nr 581 af 24/06/2005;;;https://www.retsinformation.dk/eli/lta/1939/134
A;Lovbekendtgørelse;Bekendtgørelse af lov om arbejderboliger på landet;;Ministeriet for Fødevarer, Landbrug og Fiskeri;NaturErhvervstyrelsen;Miljø- og Fødevaremin.,\n NaturErhvervstyrelsen, j.nr. 16-0122-000004;778;2016;CK000827;A20160077829;Lovtidende A;;Fremgår af forskriften;20160623;20160625;20160625;20160625;;FALSE;;;;;;;;;https://www.retsinformation.dk/eli/lta/2016/778
A;Ændringslov;Lov om ændring af forskellige love og om ophævelse af lov om kommunalt samarbejde om opkrævning og inddrivelse\n(Konsekvensændringer som følge af lov om opkrævning og inddrivelse af visse fordringer samlingen af inddrivelsen i Skatteministeriet);;Skatteministeriet;Told- og Skattestyrelsen;Skattemin., j.nr. 2004-711-0039;430;2005;AN004657;A20050043030;Lovtidende A;;Fremgår af forskriften;20050606;20050607;20070906;20050607;;FALSE;;;;;;LOV nr 602 af 24/06/2005,BEK nr 185 af 07/03/2008,LOV nr 118 af 07/02/2012,LOV nr 104 af 03/02/2016,LOV nr 453 af 09/06/2004;;;https://www.retsinformation.dk/eli/lta/2005/430
A;Lov;Lov om ophævelse af lov om arbejdsmarkedsbidrag og om ændring af merværdiafgiftsloven (momsloven) m.v. (Tillægsmoms på 3 pct.);;Skatteministeriet;;Skattemin., j.nr. 590-1003-2050;891;1991;CM022729;A19910089130;Lovtidende A;;Fremgår af forskriften;19911221;19970925;19970925;19911223;;FALSE;;;;;;LBK nr 140 af 26/02/1992;;;https://www.retsinformation.dk/eli/lta/1991/891
B;Bekendtgørelse;Bekendtgørelse om standardreglement for overholdelse af orden i danske lystbådehavne og mindre fiskerihavne;Standardordensreglementet;Transportministeriet;Kystdirektoratet;Trafikmin.,\nKystdirektoratet, j.nr. 4330-1;9139;2002;AR000560;B20020913905;Retsinformation;;Fremgår af forskriften;20020415;20020422;20040805;;;FALSE;;;;;A20120045729;;;;https://www.retsinformation.dk/eli/retsinfo/2002/9139
A;Ændringslov;Lov om ændring af lov om fremme af vedvarende energi (Justering af rammer for etablering af vedvarende energi-anlæg på havet uden for udbud og udvidelse af VE-ordningerne til at omfatte solcelleanlæg på havet og visse solcelleanlæg på søer m.v.);;Klima-, Energi- og Forsyningsministeriet;Energistyrelsen;Klima-, Energi- og Forsyningsmin.,\nEnergistyrelsen, j.nr. 2021-10755;804;2022;DB000512;A20220080430;Lovtidende A;;Fremgår af forskriften;20220607;20220608;20220608;20220608;;FALSE;;;;;;;;;https://www.retsinformation.dk/eli/lta/2022/804
B;Bekendtgørelse;Bekendtgørelse om pulje til forebyggelse af nedslidning og arbejdsulykker i mindre private og offentlige virksomheder;;Beskæftigelsesministeriet;Arbejdstilsynet;Beskæftigelsesmin.,\n Arbejdstilsynet, j.nr. 20215001194;388;2022;BE009279;B20220038805;Lovtidende A;;Fremgår af forskriften;20220328;20220330;20220330;20220330;;FALSE;;;;;A20220904516;;;;https://www.retsinformation.dk/eli/lta/2022/388
A;Ændringslov;Lov om ændring af lov om visse aspekter af Danmarks Eksportråds virke\n(Bevillingsudvalgets og bestyrelsens sammensætning);;Udenrigsministeriet;;Udenrigsministeriet, j.nr. 70.D.7.a.DAN.;468;2010;AS001175;A20100046830;Lovtidende A;;Fremgår af forskriften;20100505;20100506;20100506;20100506;;FALSE;;;;;;;;;https://www.retsinformation.dk/eli/lta/2010/468
A;Ændringslov;Lov om ændring af forskellige love\n(Forenkling, harmonisering og objektivering af reglerne for inddrivelse af gæld til det offentlige m.v. samt mulighed for anvendelse af digitale lønsedler);;Skatteministeriet;Told- og Skattestyrelsen;Skattemin., j.nr. 2004-711-0045;431;2005;AN004663;A20050043130;Lovtidende A;;Fremgår af forskriften;20050606;20050607;20070906;20050607;;FALSE;;;;;;BEK nr 185 af 07/03/2008,LOV nr 509 af 17/06/2008,LOV nr 492 af 12/05/2010,LOV nr 104 af 03/02/2016,LOV nr 453 af 09/06/2004;;;https://www.retsinformation.dk/eli/lta/2005/431
B;Bekendtgørelse;Bekendtgørelse om bevaring og kassation af statsamternes og statsforvaltningernes arkivalier siden 1970;;Kulturministeriet;Statens Arkiver;Kulturmin.,\nRigsarkivet, j.nr. 2007-300-00017;1284;2007;AK000572;B20070128405;Lovtidende A;;Fremgår af forskriften;20071106;20071116;20090312;20071116;;FALSE;;;;;B20030059105,A20160120129;;;;https://www.retsinformation.dk/eli/lta/2007/1284
B;Bekendtgørelse;Bekendtgørelse om udtømning af affald fra skibe og platforme;;Miljøministeriet;Miljøstyrelsen;Miljø- og Fødevaremin.,\nMiljøstyrelsen, j.nr. SVANA-401-00272;537;2017;CK001280;B20170053705;Lovtidende A;;Fremgår af forskriften;20170522;20170530;20170530;20170530;;FALSE;;;;;A20190116529;;;;https://www.retsinformation.dk/eli/lta/2017/537
B;Bekendtgørelse;Bekendtgørelse om fredning og vildtreservat i Ringkøbing Fjord;;Miljøministeriet;By- og Landskabsstyrelsen/Søfartsstyrelsen;Miljømin., j.nr. SNS-100-00028;1678;2006;AL001486;B20060167805;Lovtidende A;;Fremgår af forskriften;20061120;20061230;20070706;20061230;;FALSE;;;;;A20190026529,A20210198629;;;;https://www.retsinformation.dk/eli/lta/2006/1678
B;Bekendtgørelse;Bekendtgørelse om nødområder og planer herfor;;Miljøministeriet;Styrelsen for Vand- og Naturforvaltning;Miljø- og Fødevaremin.,\nNaturstyrelsen, j.nr. 010-00222;875;2016;CK000838;B20160087505;Lovtidende A;;Fremgår af forskriften;20160627;20160629;20160629;20160629;;FALSE;;;;;A20190116529;;;;https://www.retsinformation.dk/eli/lta/2016/875
A;Lovbekendtgørelse;Bekendtgørelse af lov om undersøgelse, forebyggelse og afhjælpning af miljøskader (miljøskadeloven);Miljøskadeloven;Miljøministeriet;Miljøministeriet;Miljømin., j.nr. 2022-5054;482;2022;DD000179;A20220048229;Lovtidende A;;Fremgår af forskriften;20220425;20220427;20220427;20220427;;FALSE;;;;;;;;;https://www.retsinformation.dk/eli/lta/2022/482
B;Bekendtgørelse;Bekendtgørelse om økologisk storkøkkendrift;;Ministeriet for Fødevarer, Landbrug og Fiskeri;Fødevarestyrelsen;Miljø- og Fødevaremin.,\nFødevarestyrelsen, j.nr. 2019-29-31-00487;656;2019;CK002070;B20190065605;Lovtidende A;;Fremgår af forskriften;20190627;20190702;20190703;20190702;;FALSE;;;;;A20220120329;;;;https://www.retsinformation.dk/eli/lta/2019/656
B;Ændringsbekendtgørelse;Bekendtgørelse om ændring af bekendtgørelse om en midlertidig og målrettet lønkompensationsordning på Kulturministeriet og Børne- og Undervisningsministeriets område til foreninger, selvejende institutioner og fonde m.v. med primært offentlig finansiering, der er i økonomisk krise som følge af Coronavirussygdom 2019 (COVID-19);;Kulturministeriet;Kulturministeriet;Kulturmin., j.nr. 20/03567;715;2021;AK001745;B20210071505;Lovtidende A;;Fremgår af forskriften;20210422;20210427;20210427;20210427;;FALSE;;;;;;;;;https://www.retsinformation.dk/eli/lta/2021/715
L;Bekendtgørelse (international);Bekendtgørelse af aftale af 7. marts 1992 mellem Kongeriget Danmarks Regering og Grønlands Landsstyre på den ene side og Den Russiske Føderations Regering på den anden side om gensidige fiskeriforbindelser mellem Grønland og Den Russiske    Føderation;;Udenrigsministeriet;Udenrigsministeriet;Udenrigsmin. N.5.j.nr.63. Grønland-Rusland;6;1993;CM029487;L19930000664;Lovtidende C;;Fremgår af forskriften;19930204;19971001;20040812;19930217;;FALSE;;;;;;;;;https://www.retsinformation.dk/eli/ltc/1993/6
B;Bekendtgørelse;Bekendtgørelse om ændringer i ministeriernes forretningsområder\n(Grønlands Fiskeriundersøgelser);;Statsministeriet;;Statsministeriet, j.nr. 12-20 ;76;1971;AP000137;B19710007605;Lovtidende A;;Fremgår af forskriften;19710305;20070312;20070312;19710319;;FALSE;;;;;;;;;https://www.retsinformation.dk/eli/lta/1971/76
E;Stor vejledning;MOMSVEJLEDNING 1999  AFSNIT Q SÆRLIGE OVERGANGSREGLER FOR LANDBRUG OG FISKERI MV.;;Skatteministeriet;;;20065;1999;AN006805;E19996MV0017;Retsinformation;;Fremgår af forskriften;19990101;20080205;20080205;;;FALSE;;;;;;;;;https://www.retsinformation.dk/eli/retsinfo/1999/20065
B;Ændringsbekendtgørelse;Bekendtgørelse om ændring af bekendtgørelse om en midlertidig kompensationsordning for sæsonafhængige selvstændige mv. i økonomisk krise som følge af COVID-19;;Erhvervsministeriet;Erhvervsstyrelsen;Erhvervsmin., j.nr. 2021-26581;1991;2021;CQ001928;B20210199105;Lovtidende A;;Fremgår af forskriften;20211028;20211030;20211030;20211030;;FALSE;;;;;;;;;https://www.retsinformation.dk/eli/lta/2021/1991
B;Bekendtgørelse;Bekendtgørelse om tilskud til projekter, som fremmer teknologier til reduktion af drivhusgasudledningen inden for landbrugssektoren;Pyrolysepuljebekendtgørelsen;Klima-, Energi- og Forsyningsministeriet;Energistyrelsen;Klima-, Energi- og Forsyningsmin.,\nEnergistyrelsen, j.nr. 2019 - 86080;25;2022;DB000454;B20220002505;Lovtidende A;;Fremgår af forskriften;20220112;20220114;20220121;20220114;;FALSE;;;;;A20220904516;;;;https://www.retsinformation.dk/eli/lta/2022/25
B;Bekendtgørelse;Bekendtgørelse om beskyttede naturtyper;Naturtypebekendtgørelsen;Ministeriet for Fødevarer, Landbrug og Fiskeri;;Miljø- og Fødevaremin., j.nr. 2018-5519;1067;2018;CK001789;B20180106705;Lovtidende A;;Fremgår af forskriften;20180821;20180824;20180824;20180824;;FALSE;;;;;A20210198629;;;;https://www.retsinformation.dk/eli/lta/2018/1067
B;Bekendtgørelse;Bekendtgørelse om en midlertidig kompensationsordning fra og med den 1. marts 2021 for selvstændige i økonomisk krise som følge COVID-19;;Erhvervsministeriet;Erhvervsstyrelsen;Erhvervsmin.,\nErhvervsstyrelsen, j.nr. 2021 6186 ;604;2021;CQ001695;B20210060405;Lovtidende A;;Fremgår af forskriften;20210408;20210413;20220402;20210413;;FALSE;;;;;A20180151830,A20220904516;BEK nr 980 af 18/05/2021,BEK nr 1525 af 28/06/2021,BEK nr 2720 af 16/12/2021,BEK nr 318 af 11/03/2022,BEK nr 621 af 12/05/2022;;;https://www.retsinformation.dk/eli/lta/2021/604
B;Bekendtgørelse;Bekendtgørelse om vurdering af virkningerne på miljøet (VVM) og beskyttelse af visse dyre- og plantearter i forbindelse med ændringer eller udvidelser af anlægsprojektet om letbanen på Ring 3;;Transportministeriet;;Transport- og Boligmin., j.nr. 2019-7740;357;2020;CZ000164;B20200035705;Lovtidende A;;Fremgår af forskriften;20200402;20200404;20200404;20200404;;FALSE;;;;;A20140016530;;;;https://www.retsinformation.dk/eli/lta/2020/357
B;Bekendtgørelse;Bekendtgørelse om mindre erhvervsfartøjers og lastfartøjers bygning og udstyr m.v.;;Erhvervsministeriet;Søfartsstyrelsen;Erhvervsmin.,\nSøfartsstyrelsen, j.nr. 2022105149;243;2022;CQ002101;B20220024305;Lovtidende A;;Fremgår af forskriften;20220217;20220222;20220222;20220222;;FALSE;;;;;A20220022129;;;;https://www.retsinformation.dk/eli/lta/2022/243
L;Bekendtgørelse (international);Bekendtgørelse af overenskomst mellem Kongeriget Danmarks regering sammen med Færøernes landsstyre på den ene side og Det Forenede Kongerige Storbritannien og Nordirlands regering på den anden side om den maritime afgrænsning i området mellem Færøerne og;18. maj 1999;Udenrigsministeriet;Udenrigsministeriet;Udenrigsministeriet, JT.2 j.nr. 46. Færøerne. 1.b.;57;1999;AS000204;L19990005764;Lovtidende C;;Fremgår af forskriften;19990721;19990804;20120503;19990804;;FALSE;;;;;;BKI nr 15 af 02/09/2014;;;https://www.retsinformation.dk/eli/ltc/1999/57
C;Meddelelse;Meddelelse om ulovligt fiskeri - konfiskationspåstand (* 1);;Justitsministeriet;;Rigsadv. j.nr. 164/66.;11213;1967;CM018590;C19671121332;Retsinformation;;Fremgår af forskriften;19671231;19970925;20070102;;;FALSE;Der er indsat en fiktiv dato af systemtekniske hensyn.,Kun år og måned for underskrivelsen er kendt.;;;;A20190026129,A20210185129;;;;https://www.retsinformation.dk/eli/retsinfo/1967/11213
B;Bekendtgørelse;Bekendtgørelse om nedkøling af råvarer til fiskemel- og fiskeolieindustrien.;;Ministeriet for Fødevarer, Landbrug og Fiskeri;;Fiskerimin. j.nr. b 1/54;83;1972;CM036186;B19720008305;Lovtidende A;;Fremgår af forskriften;19720322;19970925;20061211;19720401;;FALSE;;;;;A20220000829;;;;https://www.retsinformation.dk/eli/lta/1972/83
B;Bekendtgørelse;Bekendtgørelse om udpegning og administration af internationale naturbeskyttelsesområder samt beskyttelse af visse arter;Habitatbekendtgørelsen;Miljøministeriet;Miljøministeriet;Miljømin., j.nr. 2021-817;2091;2021;DD000133;B20210209105;Lovtidende A;;Fremgår af forskriften;20211112;20211125;20211125;20211125;;FALSE;;;;;A20150158129,A20170000929,A20170011929,A20170012329,A20170012429,A20190026529,A20190031529,A20190052029,A20190121729,A20190116529,A20210198629,A20210197629,A20220010029,A20220060229;;;;https://www.retsinformation.dk/eli/lta/2021/2091
B;Bekendtgørelse;Bekendtgørelse om forberedende grunduddannelse;;Børne- og Undervisningsministeriet;Styrelsen for Undervisning og Kvalitet;Undervisningsmin.,\nStyrelsen for Undervisning og Kvalitet, j.nr. 19/05998;479;2019;CU000658;B20190047905;Lovtidende A;;Fremgår af forskriften;20190426;20190430;20190430;20190430;;FALSE;;;;;A20190060629;BEK nr 1527 af 30/06/2021;;;https://www.retsinformation.dk/eli/lta/2019/479
E;Stor vejledning;MOMSVEJLEDNING, TEKST 1997   AFSNIT Q - SÆRLIGE REGLER FOR LANDBRUG OG FISKERI M.V.;;Skatteministeriet;;;20016;1997;AN009038;E19976MV0017;Retsinformation;;Fremgår af forskriften;19970101;20080205;20080205;;;FALSE;;;;;;;;;https://www.retsinformation.dk/eli/retsinfo/1997/20016
B;Bekendtgørelse;Bekendtgørelse om en midlertidig lokal lønkompensationsordning til virksomheder i økonomisk krise som følge af COVID-19;;Erhvervsministeriet;;Erhvervsmin.,\nErhvervsstyrelsen, j.nr. 2021-27645;663;2022;CQ002180;B20220066305;Lovtidende A;;Fremgår af forskriften;20220512;20220524;20220524;20220524;;FALSE;;;;;A20180151830;;;;https://www.retsinformation.dk/eli/lta/2022/663
E;Stor vejledning;MOMSVEJLEDNING, TEKST 1996   AFSNIT Q - SÆRLIGE REGLER FOR LANDBRUG OG FISKERI M.V.;;Skatteministeriet;;;20030;1996;AN006936;E19966MV0017;Retsinformation;;Fremgår af forskriften;19960101;20080205;20080205;;;FALSE;;;;;;;;;https://www.retsinformation.dk/eli/retsinfo/1996/20030
E;Stor vejledning;MOMSVEJLEDNING, TEKST 1995   AFSNIT Q - SÆRLIGE REGLER FOR LANDBRUG OG FISKERI MV.;;Skatteministeriet;;;20010;1995;AN008862;E19956MV0017;Retsinformation;;Fremgår af forskriften;19950101;20080205;20080205;;;FALSE;;;;;;;;;https://www.retsinformation.dk/eli/retsinfo/1995/20010
B;Ændringsbekendtgørelse;Bekendtgørelse om ændring af bekendtgørelse om ændringer i ministeriernes forretningsområder;;Statsministeriet;;Statsmin., j.nr. 123-0004;1530;2004;AP000087;B20040153005;Lovtidende A;;Fremgår af forskriften;20041220;20050113;20050113;20050113;;FALSE;;;;;;;;;https://www.retsinformation.dk/eli/lta/2004/1530
B;Bekendtgørelse;Bekendtgørelse om udtagning af kulstofrige lavbundsjorder med henblik på genopretning af naturlig hydrologi (klima-lavbundsprojekter);Klima-lavbundsbekendtgørelsen;Ministeriet for Fødevarer, Landbrug og Fiskeri;Miljøstyrelsen og Naturstyrelsen;Ministeriet for Fødevarer, Landbrug og Fiskeri, j.nr. 2021-5791;211;2022;DC000457;B20220021105;Lovtidende A;;Fremgår af forskriften;20220208;20220211;20220211;20220211;;FALSE;;;;;A20220904516;;;;https://www.retsinformation.dk/eli/lta/2022/211
E;Stor vejledning;MOMSVEJLEDNING, TEKST 1993   AFSNIT K - SÆRLIGE REGLER FOR LANDBRUG OG FISKERI MV.;;Skatteministeriet;;;20012;1993;AN008672;E19936MV0011;Retsinformation;;Fremgår af forskriften;19930101;20080205;20080205;;;FALSE;;;;;;;;;https://www.retsinformation.dk/eli/retsinfo/1993/20012
B;Bekendtgørelse;Bekendtgørelse om administration og revision af promille- og produktionsafgiftsfonde m.v. inden for jordbrugsområdet;Administrationsbekendtgørelsen;Ministeriet for Fødevarer, Landbrug og Fiskeri;Landbrugsstyrelsen;Ministeriet for Fødevarer, Landbrug og Fiskeri,\n Landbrugsstyrelsen, j.nr. 21-0151-000092;2198;2021;DC000389;B20210219805;Lovtidende A;;Fremgår af forskriften;20211126;20211201;20211201;20211201;;FALSE;;;;;A20200011529;;;;https://www.retsinformation.dk/eli/lta/2021/2198
B;Bekendtgørelse;Bekendtgørelse om økologisk jordbrugsproduktion m.v.;;Ministeriet for Fødevarer, Landbrug og Fiskeri;Landbrugsstyrelsen;Ministeriet for Fødevarer, Landbrug og Fiskeri,\nLandbrugsstyrelsen, j. nr. 20-12130-000001;2249;2021;DC000427;B20210224905;Lovtidende A;;Fremgår af forskriften;20211201;20211203;20211203;20211203;;FALSE;;;;;A20220120329;;;;https://www.retsinformation.dk/eli/lta/2021/2249
B;Bekendtgørelse;Bekendtgørelse om en midlertidig kompensationsordning fra og med den 1. juli 2021 for selvstændige i økonomisk krise som følge COVID-19;;Erhvervsministeriet;Erhvervsstyrelsen;Erhvervsmin.,\nErhvervsstyrelsen, j.nr. 2021-13968;1515;2021;CQ001854;B20210151505;Lovtidende A;;Fremgår af forskriften;20210629;20210702;20220402;20210702;;FALSE;;;;;A20180151830,A20220904516;BEK nr 2725 af 16/12/2021,BEK nr 323 af 11/03/2022,BEK nr 616 af 12/05/2022;;;https://www.retsinformation.dk/eli/lta/2021/1515
B;Ændringsbekendtgørelse;Bekendtgørelse om ændring af bekendtgørelse om overvågning, samordnet procedure og offentliggørelse ved vurdering af virkning på miljøet (VVM) af statslige vej- og jernbaneprojekter;;Transportministeriet;Trafik-, Bygge- og Boligstyrelsen;Transport-, Bygnings- og Boligmin., \n Trafik,- Bygge- og Boligstyrelsen, j.nr.TS50800-00004;53;2018;CX000330;B20180005305;Lovtidende A;;Fremgår af forskriften;20180122;20180126;20180126;20180126;;FALSE;;;;;;;;;https://www.retsinformation.dk/eli/lta/2018/53
C;Cirkulære (1 sp);Rigsadvokatmeddelelsen, afsnittet: Meddelelse om visiteringsordning for EU-svigssager;;Justitsministeriet;Rigsadvokaten;CMS VB 2160;10432;2011;AA010821;C20111043209;Retsinformation;;Fremgår af forskriften;20110818;20180712;20180823;;;FALSE;;;;;;;;;https://www.retsinformation.dk/eli/retsinfo/2011/10432
A;Lov;Lov om Danmarks Riges fiskeriterritorium;;Ministeriet for Fødevarer, Landbrug og Fiskeri;;Statsmin. j.nr. 40-17-12-03;597;1976;CM043177;A19760059730;Lovtidende A;;Fremgår af forskriften;19761217;19971001;20050803;19761224;;FALSE;;;;;;;;;https://www.retsinformation.dk/eli/lta/1976/597
A;Ændringslov;Lov om ophævelse af lov om landvæsensretter og om ændring af forskellige love som følge af nedlæggelsen af landvæsensretterne;;Justitsministeriet;;Justitsmin., Lovafd. j.nr. 2000-740-0042;466;2001;AA001496;A20010046630;Lovtidende A;;Fremgår af forskriften;20010607;20010608;20070712;20010608;;FALSE;Den korrigerede tekst er indlagt efter omtryk af Lovtidende A, hæfte nr. 92, den 16. juli.;;;;;;;;https://www.retsinformation.dk/eli/lta/2001/466
A;Lov;Lov om Danmarks tiltrædelse af De europæiske Fællesskaber (Tiltrædelsesloven) Bilag 1 til loven: Akt vedrørende tiltrædelsesvilkårene og tilpasningerne af traktaterne (Tiltrædelsesakten) Protokoller til Tiltrædelsesakten Protokol nr. 21 om    fiskeriordningen for Norge (* 1);;Udenrigsministeriet;Udenrigsministeriet;Udenrigsmin. J.nr. 108.Dan.a/6;21134;1972;CM031296;A19722113430;Lovtidende A;;Fremgår af forskriften;19721011;19971001;19990128;19721116;;FALSE;(* 1) De af bilagene til loven omfattede traktater og andre akter er af tekniske grunde indlagt i Retsinformation som 80 særskilte dokumenter. En fortegnelse over disse særskilte dokumenter med angivelse af det nummer, hvert enkelt dokument er blevet tildelt i Retsinformation, er indlagt som note 2 til U LOV nr. 447 af 11. oktober 1972 (Tiltrædelsesloven);;;;;;;;https://www.retsinformation.dk/eli/lta/1972/21134
B;Bekendtgørelse;Bekendtgørelse angaaende Vægtangivelse paa tungt Gods.;;Erhvervsministeriet;Søfartsstyrelsen;Ingen;208;1932;CM023459;B19320020805;Lovtidende A;;Fremgår af forskriften;19320709;19970924;20070719;19320727;;FALSE;;;;;A20220022129;;;;https://www.retsinformation.dk/eli/lta/1932/208
B;Bekendtgørelse;Bekendtgørelse om en midlertidig lokal lønkompensationsordning på Kulturministeriet og Børne- og Undervisningsministeriets område til foreninger, selvejende institutioner og fonde m.v. med primært offentlig finansiering, der er i økonomisk krise som følge af Coronavirussygdom 2019 (COVID-19);;Kulturministeriet;Kulturministeriet;Kulturmin., j.nr. 22/52823;1193;2022;AK002018;B20220119305;Lovtidende A;;Fremgår af forskriften;20220818;20220827;20220827;20220827;;FALSE;;;;;A20220904516;;;;https://www.retsinformation.dk/eli/lta/2022/1193
L;Bekendtgørelse (international);Bekendtgørelse om aftale af 4. august 1995 om gennemførelsen af bestemmelserne i De Forenede Nationers havretskonvention af 10. december 1982 vedrørende bevarelse og forvaltning af fælles fiskebestande og stærkt vandrende fiskebestande;;Udenrigsministeriet;;Udenrigsmin. EUK j.nr. 400.M.34.;22;2004;AS000656;L20040002264;Lovtidende C;;Fremgår af forskriften;20040805;20040819;20041104;20040818;;FALSE;;;;;;;;;https://www.retsinformation.dk/eli/ltc/2004/22
B;Ændringsbekendtgørelse;Bekendtgørelse om ændring af bekendtgørelse om ajourføring af Bygnings- og Boligregistret (BBR);;Skatteministeriet;SKAT;Skattemin., j.nr. 16-1077040;1315;2016;AN012760;B20160131505;Lovtidende A;;Fremgår af forskriften;20161111;20161112;20161112;20161112;;FALSE;;;;;;;;;https://www.retsinformation.dk/eli/lta/2016/1315
B;Bekendtgørelse;Bekendtgørelse om donordyr og ind- og udførsel af avlsmateriale;;Ministeriet for Fødevarer, Landbrug og Fiskeri;Fødevarestyrelsen;Miljø- og Fødevaremin.,\nFødevarestyrelsen, j.nr. 2015-14-31-00146;1236;2015;CK000176;B20150123605;Lovtidende A;;Fremgår af forskriften;20151110;20151111;20151111;20151111;;FALSE;;;;;A20220000929;;;;https://www.retsinformation.dk/eli/lta/2015/1236
B;Bekendtgørelse;Bekendtgørelse om en midlertidig kompensationsordning i perioden 1. december 2021 til 28. februar 2022 for selvstændige i økonomisk krise som følge COVID-19;;Erhvervsministeriet;;Erhvervsmin.,\nErhvervsstyrelsen, j.nr. 2022-1706;88;2022;CQ002068;B20220008805;Lovtidende A;;Fremgår af forskriften;20220120;20220122;20220122;20220122;;FALSE;;;;;A20180151830;;;;https://www.retsinformation.dk/eli/lta/2022/88
B;Bekendtgørelse;Bekendtgørelse om behandling af personoplysninger i Det Centrale Kriminalregister (Kriminalregisteret);;Justitsministeriet;;Justitsmin., j.nr. 2021-10-0683;1860;2021;AA012630;B20210186005;Lovtidende A;;Fremgår af forskriften;20210923;20210929;20210929;20210929;;FALSE;;;;;A20170041030,A20190127029;BEK nr 260 af 24/02/2022;;;https://www.retsinformation.dk/eli/lta/2021/1860
C;Cirkulære (1 sp);Cirkulære om Binævnet;;Ministeriet for Fødevarer, Landbrug og Fiskeri;Landbrugsstyrelsen;Ministeriet for Fødevarer, Landbrug og Fiskeri,\nLandbrugsstyrelsen, j.nr. 21-5010-000004;9928;2021;DC000349;C20210992809;Retsinformation;;Fremgår af forskriften;20211112;20211116;20211116;;;FALSE;;;;;A20170001329;;;;https://www.retsinformation.dk/eli/retsinfo/2021/9928
L;Bekendtgørelse (international);Bekendtgørelse af aftale af 9. juni 1992 mellem Grønland/Danmark og Norge om gensidige fiskeriforbindelser;;Udenrigsministeriet;Udenrigsministeriet;Udenrigsmin.N.5.j.nr.63.Grønl.-Norge;67;1994;CM030499;L19940006764;Lovtidende C;;Fremgår af forskriften;19940707;19971001;20040812;19940720;;FALSE;;;;;;;;;https://www.retsinformation.dk/eli/ltc/1994/67
A;Lovbekendtgørelse;Bekendtgørelse af lov om vurdering og styring af oversvømmelsesrisikoen fra vandløb og søer;;Miljøministeriet;Kystdirektoratet;Miljø- og Fødevaremin.,\nKystdirektoratet, j.nr. 17/02588;1085;2017;CK001415;A20170108529;Lovtidende A;;Fremgår af forskriften;20170922;20170923;20170923;20170923;;FALSE;;;;;;LOV nr 900 af 21/06/2022;;;https://www.retsinformation.dk/eli/lta/2017/1085
L;Bekendtgørelse (international);Bekendtgørelse af aftale af 14. maj 1986 med Den tyske demokratiske Republik om gensidige fiskerirelationer mellem Færøerne og Den tyske demokratiske Republik;;Udenrigsministeriet;Udenrigsministeriet sammen med Færøernes landsstyre;Udenrigsmin. j.nr. 63.Fær.-DDR.;87;1987;CM030766;L19870008764;Lovtidende C;;Fremgår af forskriften;19871005;19971001;20040812;19871023;;FALSE;;;;;;;;;https://www.retsinformation.dk/eli/ltc/1987/87
A;Lovbekendtgørelse;Bekendtgørelse af lov om nationalparker;;Miljøministeriet;Miljøstyrelsen;Miljø- og Fødevaremin.,\nStyrelsen for Vand- og Naturforvaltning, j.nr. 029-00510;120;2017;CK001179;A20170012029;Lovtidende A;;Fremgår af forskriften;20170126;20170201;20170201;20170201;;FALSE;;;;;;LOV nr 900 af 21/06/2022;;;https://www.retsinformation.dk/eli/lta/2017/120
B;Bekendtgørelse;Bekendtgørelse om Danmarks fiskeriterritorium;;Ministeriet for Fødevarer, Landbrug og Fiskeri;;Statsministeriet, j.nr. 2004-1;386;1985;CM044163;B19850038605;Lovtidende A;;Fremgår af forskriften;19850823;19971001;19981006;19850831;;FALSE;;;;;A19760059730;;;;https://www.retsinformation.dk/eli/lta/1985/386
B;Bekendtgørelse;Bekendtgørelse om erhvervsmæssig konservering af visse dyrearter;;Miljøministeriet;Styrelsen for Vand- og Naturforvaltning;Miljø- og Fødevaremin.,\nNaturstyrelsen, j.nr. 010-00222;843;2016;CK000769;B20160084305;Lovtidende A;;Fremgår af forskriften;20160627;20160629;20160629;20160629;;FALSE;;;;;A20190026529,A20210198629;BEK nr 443 af 10/04/2019;;;https://www.retsinformation.dk/eli/lta/2016/843
B;Bekendtgørelse;Bekendtgørelse om en målrettet lønkompensationsordning på Kulturministeriet og Børne- og Undervisningsministeriets område fra december 2021 til januar 2022 til foreninger, selvejende institutioner og fonde m.v. med primært offentlig finansiering, der er i økonomisk krise som følge af COVID-19;;Kulturministeriet;;Kulturmin., j.nr. 2021-528;196;2022;AK001953;B20220019605;Lovtidende A;;Fremgår af forskriften;20220206;20220208;20220208;20220208;;FALSE;;;;;;;;;https://www.retsinformation.dk/eli/lta/2022/196
B;Bekendtgørelse;Bekendtgørelse om en målrettet lønkompensationsordning fra december 2021 til januar 2022 til virksomheder i økonomisk krise som følge af COVID-19;;Erhvervsministeriet;Erhvervsstyrelsen;Erhvervsmin.,\nErhvervsstyrelsen, j.nr. 2021-31406;76;2022;CQ002053;B20220007605;Lovtidende A;;Fremgår af forskriften;20220107;20220120;20220120;20220120;;FALSE;;;;;A20180151830;BEK nr 685 af 12/05/2022;;;https://www.retsinformation.dk/eli/lta/2022/76
A;Lov;Lov om Miljø- og Fødevareklagenævnet;;Erhvervsministeriet;;Miljø- og Fødevaremin., j.nr. 2016-8494;1715;2016;CK001106;A20160171530;Lovtidende A;;Fremgår af forskriften;20161227;20161228;20161228;20161228;;FALSE;;;;;;LOV nr 338 af 02/04/2019,LOV nr 58 af 28/01/2020,LOV nr 133 af 25/02/2020,LOV nr 784 af 04/05/2021,LOV nr 900 af 21/06/2022;;;https://www.retsinformation.dk/eli/lta/2016/1715
B;Bekendtgørelse;Bekendtgørelse om tilskud til vådområdeprojekter og lavbundsprojekter;;Ministeriet for Fødevarer, Landbrug og Fiskeri;Landbrugsstyrelsen;Ministeriet for Fødevarer, Landbrug og Fiskeri, \nLandbrugsstyrelsen, j.nr. 20-12232-000012;318;2021;DC000128;B20210031805;Lovtidende A;;Fremgår af forskriften;20210301;20210302;20210302;20210302;;FALSE;;;;;A20200011429;;;;https://www.retsinformation.dk/eli/lta/2021/318
B;Bekendtgørelse;Bekendtgørelse om registrering og kontrol af oplysninger om fisk, der landes direkte, og fisk, der importeres;Kontrolbekendtgørelsen;Ministeriet for Fødevarer, Landbrug og Fiskeri;Fiskeristyrelsen;Ministeriet for Fødevarer, Landbrug og Fiskeri, j.nr. 2021-5202 ;1765;2021;DC000318;B20210176505;Lovtidende A;;Fremgår af forskriften;20210903;20210904;20210904;20210904;;FALSE;;;;;A20190026129;;;;https://www.retsinformation.dk/eli/lta/2021/1765
B;Bekendtgørelse;Bekendtgørelse om beskyttelse af søkabler og undersøiske rørledninger (Kabelbekendtgørelsen);;Erhvervsministeriet;Søfartsstyrelsen;Industrimin. Søfartsstyrelsen, Nautisk Kontor, j.nr. 6100-3;939;1992;CM024200;B19920093905;Lovtidende A;;Fremgår af forskriften;19921127;19970924;20070719;19921208;;FALSE;;;;;A20220022129;;;;https://www.retsinformation.dk/eli/lta/1992/939
L;Bekendtgørelse (international);Bekendtgørelse af ILO-konvention af 14. juni 2007 om arbejdsforhold i fiskerisektoren;;Udenrigsministeriet;;Udenrigsmin., j.nr. 2020-10378;1;2021;AS001982;L20210000164;Lovtidende C;;Fremgår af forskriften;20210210;20210211;20210211;20210211;;FALSE;;;;;;;;;https://www.retsinformation.dk/eli/ltc/2021/1
A;Lovbekendtgørelse;Bekendtgørelse af lov om afgift af naturgas og bygas m.v.;Gasafgiftsloven;Skatteministeriet;Skatteforvaltningen;Skattemin., j.nr. 2018-8342;1100;2020;AN014411;A20200110029;Lovtidende A;;Fremgår af forskriften;20200701;20200702;20200702;20200702;;FALSE;;;;;;LOV nr 138 af 25/02/2020,LOV nr 2225 af 29/12/2020,LOV nr 923 af 18/05/2021,LOV nr 1240 af 11/06/2021,LOV nr 2606 af 28/12/2021,LOV nr 832 af 14/06/2022;;;https://www.retsinformation.dk/eli/lta/2020/1100
A;Lovbekendtgørelse;Bekendtgørelse af lov om fremgangsmåden ved ekspropriation vedrørende fast ejendom;;Transportministeriet;;Transportmin., j.nr. 401-28;1161;2008;BL000120;A20080116129;Lovtidende A;;Fremgår af forskriften;20081120;20081210;20081210;20081210;;FALSE;;;;;;LOV nr 1520 af 27/12/2014,LOV nr 1895 af 29/12/2015;;;https://www.retsinformation.dk/eli/lta/2008/1161
A;Ændringslov;Lov om ændring af næringsloven\n(Omførsel);;Erhvervsministeriet;Erhvervs- og Selskabsstyrelsen;Økonomi- og Erhvervsmin., j.nr. 207-101;549;2006;AU002537;A20060054930;Lovtidende A;;Fremgår af forskriften;20060608;20060609;20060609;20060609;;FALSE;;;;;;LOV nr 595 af 14/06/2011;;;https://www.retsinformation.dk/eli/lta/2006/549
L;Bekendtgørelse (international);Bekendtgørelse af protokol af 25. april 2012 til overenskomst af 18. maj 1999 med Storbritannien om den maritime afgrænsning i området mellem Færøerne og Storbritannien;;Udenrigsministeriet;;Udenrigsmin., JTF, j.nr. 46.Færøerne.1.b.;15;2014;AS001493;L20140001564;Lovtidende C;;Fremgår af forskriften;20140902;20140905;20140905;20140905;;FALSE;;;;;;;;;https://www.retsinformation.dk/eli/ltc/2014/15
C;Cirkulære (1 sp);Cirkulære om forretningsorden for bestyrelsen for Grønt Udviklings- og Demonstrationsprogram (GUDP), herunder vedrørende sekretariatsbetjening af bestyrelsen;;Ministeriet for Fødevarer, Landbrug og Fiskeri;FødevareErhverv;Fødevaremin.\nFødevareErhverv, j.nr. 3401-X-09-1355;9383;2011;AH004340;C20110938309;Retsinformation;;Fremgår af forskriften;20110825;20110826;20110826;;;FALSE;;;;;A20170002329;;;;https://www.retsinformation.dk/eli/retsinfo/2011/9383
L;Bekendtgørelse (international);Bekendtgørelse om en under 31. December 1932 mellem Danmark og Sverige afsluttet Konvention angaaende Fiskeriforholdene i de til Danmark og Sverige grænsende Farvande;;Udenrigsministeriet;Fiskeriministeriet og Udenrigsministeriet;Udenrigsmin., j.nr. 63.D.31.;228;1933;AS001489;L19330022864;Lovtidende A;;Fremgår af forskriften;19330621;19330705;19330705;19330705;;FALSE;;;;;;BKI nr 8 af 27/01/1986,BKI nr 38 af 17/08/1956,BKI nr 14 af 02/09/2014;;;https://www.retsinformation.dk/eli/lta/1933/228
B;Bekendtgørelse;Bekendtgørelse om håndbog om dokumentation for opfyldelse af CO2e-fortrængningskrav m.v. (HB 2022);;Klima-, Energi- og Forsyningsministeriet;Energistyrelsen;Klima-, Energi- og Forsyningsmin.,\nEnergistyrelsen, j.nr. 2021-13315;2536;2021;DB000428;B20210253605;Lovtidende A;;Fremgår af forskriften;20211214;20211223;20211223;20211223;;FALSE;;;;;A20210216729;;;;https://www.retsinformation.dk/eli/lta/2021/2536
C;Cirkulære (1 sp);Cirkulære til Landinspektørerne vedrørende Statens Ejendomsret til Arealer i Nissum Fjord m. m.;;Klima-, Energi- og Forsyningsministeriet;Geodatastyrelsen;KMS-202-00122;9000;1947;AL003022;C19470900009;Retsinformation;;Fremgår af forskriften;19470529;20140920;20140920;;;FALSE;Cirkulæret har været gældende siden 1947 og praktiserende landinspektører har siden da iagttaget cirkulæret ved matrikulære ændringer mod Nissum Fjord. Ved en fejl blev cirkulæret ikke optaget i Retsinformation ved dets etablering. Fejlen er berigtiget den 19. september 2014.;;;;A19290014330;;;;https://www.retsinformation.dk/eli/retsinfo/1947/9000
L;Bekendtgørelse (international);Bekendtgørelse af aftale af 29. juni 1992 med Sverige om ændring af konventionen af 31. december 1932 med Sverige angående fiskeriforholdene i de til Danmark og Sverige grænsende farvande for så vidt angår afmærkning af fiskeredskaber;;Udenrigsministeriet;;Udenrigsmin., JTF j.nr. 63.D.31.;14;2014;AS001492;L20140001464;Lovtidende C;;Fremgår af forskriften;20140902;20140904;20140904;20140904;;FALSE;;;;;;;;;https://www.retsinformation.dk/eli/ltc/2014/14
L;Bekendtgørelse (international);Bekendtgørelse af aftale med Norge af 19. december 1966 om traditionelt norsk brislingefiskeri i Kattegat;;Udenrigsministeriet;Fiskeriministeriet;Udenrigsmin. R.H. j.nr. 55.D.52.;62;1967;CM039741;L19670006264;Lovtidende C;;Fremgår af forskriften;19670817;19970925;20000929;19670911;;FALSE;;;;;;;;;https://www.retsinformation.dk/eli/ltc/1967/62
B;Bekendtgørelse;BEKENDTGØRELSE AF AFTALE I henhold til punkt 20 i aftale af 18. oktober 1979 mellem Danmark og Grønland om bistand i skattesager (dobbeltbeskatningsaftalens art. 26);;Skatteministeriet;Statsskattedirektoratet;Skd. 7. 23-4-/ 81;37;1986;CM045238;B19860003705;Lovtidende A;;Fremgår af forskriften;19860120;19970925;19980315;19860214;;FALSE;;;;;A19530007430;;;;https://www.retsinformation.dk/eli/lta/1986/37
B;Bekendtgørelse;Meddelelser fra Søfartsstyrelsen A, arbejdsmiljø i skibe, kapitel A III B(1), fysiske arbejdsmiljøpåvirkninger, 1. januar 2006;;Erhvervsministeriet;Søfartsstyrelsen;Økonomi- og Erhvervsmin.,\nSøfartsstyrelsen;9092;2006;AU002455;B20060909205;Retsinformation;A20020062729;Fremgår af forskriften;20051220;20060303;20070719;;;FALSE;"Meddelser fra Søfartsstyrelsen A består af en kort forskrift og et antal bilag i form af kapitler. Forskriften indeholder en liste over kapitlernes indhold og datering. Meddelelser fra Søfartsstyrelsen A i sin helhed findes ved at foretage følgende søgning : i feltet ""populærtitel"" skrives ""meddelelser a""";;;;A20220022129;;;;https://www.retsinformation.dk/eli/retsinfo/2006/9092
B;Bekendtgørelse;Bekendtgørelse om vurdering af virkningerne på miljøet (VVM), konsekvensvurdering vedrørende Natura 2000-områder og beskyttelse af visse dyre- og plantearter i forbindelse med ændringer eller udvidelser af anlægsprojektet om anlæg af en ny Storstrømsbro og nedrivning af den eksisterende Storstrømsbro;;Transportministeriet;Trafik-, Bygge- og Boligstyrelsen;Transport-, Bygnings- og Boligmin., j.nr. 2016-4327;1105;2017;CX000201;B20170110505;Lovtidende A;;Fremgår af forskriften;20170928;20170930;20170930;20170930;;FALSE;;;;;A20150073730;;;;https://www.retsinformation.dk/eli/lta/2017/1105
B;Ændringsbekendtgørelse;Bekendtgørelse om ændring af bekendtgørelse om tilskud til miljøvenlig drift af vådområder;;Ministeriet for Fødevarer, Landbrug og Fiskeri;FødevareErhverv;Fødevaremin.,\nFødevareErhverv, j.nr. 3690-08-13;894;2008;AH003045;B20080089405;Lovtidende A;;Fremgår af forskriften;20080905;20080909;20080909;20080909;;FALSE;;;;;;;;;https://www.retsinformation.dk/eli/lta/2008/894
B;Bekendtgørelse;Bekendtgørelse om tilskud til rydning af tilgroede arealer og forberedelse til afgræsning 2022;;Ministeriet for Fødevarer, Landbrug og Fiskeri;Landbrugsstyrelsen;Ministeriet for Fødevarer, Landbrug og Fiskeri,\nLandbrugsstyrelsen, j.nr. 22-23326-000008;1239;2022;DC000701;B20220123905;Lovtidende A;;Fremgår af forskriften;20220901;20220903;20220903;20220903;;FALSE;;;;;A20200011429;;;;https://www.retsinformation.dk/eli/lta/2022/1239
L;Bekendtgørelse (international);Bekendtgørelse af protokol af 21. oktober 1986 med Sovjetunionen om præcisering og udvidelse af langtidsprogrammet af 16. juni 1978 for udvidelse af det økonomiske og industrielle samarbejde (* 1);;Udenrigsministeriet;Udenrigsministeriet;Udenrigsmin. j.nr. 74.D.9.a/1.;26;1987;CM029812;L19870002664;Lovtidende C;;Fremgår af forskriften;19870403;19971001;20020821;19870612;;FALSE;(* 1) Der henvises til noten i aktuel base under bekendtgørelsen af overenskomsten af 26. oktober 1992 mellem Danmark og Rusland om økonomisk, industrielt, videnskabeligt og teknisk samarbejde om forholdet mellem Danmark og de øvrige stater, der opstod ved Sovjetunionens opløsning.,Ved opløsningen af Sovjetunionen opstod foruden Rusland følgende nye stater: Armenien, Azerbajdjan, Georgien, Belarus (Hviderusland), Kazakstan, Kirgizistan, Moldova (Moldavien), Tadjikistan, Turkmenistan, Ukraine og Uzbekistan. Ovenstående overenskomst er ophævet i forholdet mellem Danmark og Rusland, jf. Udenrigsministeriets bkg. nr. 60 af 11. december 2000, Lovtidende C. Overenskomsten er ikke nødvendigvis bortfaldet i forholdet mellem Danmark og de øvrige stater.;;;;;BKI nr 60 af 11/12/2000;;;https://www.retsinformation.dk/eli/ltc/1987/26
B;Bekendtgørelse;Bekendtgørelse om basisanalyser;;Miljøministeriet;Styrelsen for Vand- og Naturforvaltning;Miljø- og Fødevaremin.,\nNaturstyrelsen, j.nr. 010-00222;837;2016;CK000736;B20160083705;Lovtidende A;;Fremgår af forskriften;20160627;20160629;20160629;20160629;;FALSE;;;;;A20170011929,A20170012629;;;;https://www.retsinformation.dk/eli/lta/2016/837
B;Bekendtgørelse;Bekendtgørelse om støtteberettigelse, regnskab, revision og kontrol m.v. i forbindelse med udbetaling af tilskud fra Den Europæiske Regionalfond, Den Europæiske Socialfond Plus og Fonden for Retfærdig Omstilling;;Erhvervsministeriet;Erhvervsstyrelsen;Erhvervsmin.,\nErhvervsstyrelsen, j.nr. 2022-3237;285;2022;CQ002121;B20220028505;Lovtidende A;;Fremgår af forskriften;20220301;20220305;20220305;20220305;;FALSE;;;;;A20190016029;;;;https://www.retsinformation.dk/eli/lta/2022/285
A;Ændringslov;Lov om ændring af forskellige love\n(Konsekvensændringer som følge af lov om et indkomstregister);;Skatteministeriet;SKAT;Skattemin., j.nr. 2005-711-0049;404;2006;AN005239;A20060040430;Lovtidende A;;Fremgår af forskriften;20060508;20060509;20070820;20060509;;FALSE;;;;;;;;;https://www.retsinformation.dk/eli/lta/2006/404
A;Lov;Lov om Danmarks tiltrædelse af De europæiske Fællesskaber (Tiltrædelsesloven) Bilag 1 til loven: Akt vedrørende tiltrædelsesvilkårene og tilpasningerne af traktaterne (Tiltrædelsesakten) (* 1);;Udenrigsministeriet;Udenrigsministeriet;Udenrigsmin. J.nr. 108.Dan.a/6;21102;1972;CM031264;A19722110230;Lovtidende A;;Fremgår af forskriften;19721011;19971001;19990128;19721116;;FALSE;(* 1) De af bilagene til loven omfattede traktater og andre akter er af tekniske grunde indlagt i Retsinformation som 80 særskilte dokumenter. En fortegnelse over disse særskilte dokumenter med angivelse af det nummer, hvert enkelt dokument er blevet tildelt i Retsinformation, er indlagt som note 2 til U LOV nr. 447 af 11. oktober 1972 (Tiltrædelsesloven);;;;;;;;https://www.retsinformation.dk/eli/lta/1972/21102
L;Bekendtgørelse (international);Bekendtgørelse af traktat af 15. marts 1984 vedrørende Grønlands udtræden af De europæiske Fællesskaber;;Udenrigsministeriet;Udenrigsministeriet;Udenrigsmin. j.nr. 400.A.8-1-0.;59;1985;CM030379;L19850005964;Lovtidende C;;Fremgår af forskriften;19850905;19971001;20080731;19851126;;FALSE;;;;;;BKI nr 107 af 01/11/1990,BKI nr 25 af 30/09/2008;;;https://www.retsinformation.dk/eli/ltc/1985/59
A;Lov;Lov om Danmarks tiltrædelse af De europæiske Fællesskaber (Tiltrædelsesloven) Bilag 1 til loven: Akt vedrørende tiltrædelsesvilkårene og tilpasningerne af traktaterne (Tiltrædelsesakten) Bilag til Tiltrædelsesakten Bilag IX. Liste omhandlet i    Tiltrædelsesaktens artikel 148 stk. (2) (* 1);;Udenrigsministeriet;Udenrigsministeriet;Udenrigsmin. J.nr. 108.Dan.a/6;21111;1972;CM031273;A19722111130;Lovtidende A;;Fremgår af forskriften;19721011;19971001;19990128;19721116;;FALSE;(* 1) De af bilagene til loven omfattede traktater og andre akter er af tekniske grunde indlagt i Retsinformation som 80 særskilte dokumenter. En fortegnelse over disse særskilte dokumenter med angivelse af det nummer, hvert enkelt dokument er blevet tildelt i Retsinformation, er indlagt som note 2 til U LOV nr. 447 af 11. oktober 1972 (Tiltrædelsesloven);;;;;;;;https://www.retsinformation.dk/eli/lta/1972/21111
B;Bekendtgørelse;Bekendtgørelse om en midlertidig kompensationsordning for freelancere mv. ramt af én eller flere COVID-19-relaterede restriktioner;;Erhvervsministeriet;Erhvervsstyrelsen;Erhvervsmin.,\nErhvervsstyrelsen, j.nr. 2020-17174;1087;2021;CQ001789;B20210108705;Lovtidende A;;Fremgår af forskriften;20210527;20210603;20220402;20210603;;FALSE;;;;;A20180151830,A20220904516;BEK nr 2722 af 16/12/2021,BEK nr 320 af 11/03/2022,BEK nr 617 af 12/05/2022;;;https://www.retsinformation.dk/eli/lta/2021/1087
A;Lovbekendtgørelse;Bekendtgørelse af lov om beskatning af rederivirksomhed (tonnageskatteloven);Tonnageskatteloven;Skatteministeriet;Skatteforvaltningen;Skattemin., j.nr. 2021 - 2537;500;2021;AN014850;A20210050029;Lovtidende A;;Fremgår af forskriften;20210322;20210325;20210325;20210325;;FALSE;;;;;;LOV nr 539 af 06/06/2007;;;https://www.retsinformation.dk/eli/lta/2021/500
B;Bekendtgørelse;Bekendtgørelse om en midlertidig og målrettet lønkompensationsordning på Kulturministeriet og Børne- og Undervisningsministeriets område til foreninger, selvejende institutioner og fonde m.v. med primært offentlig finansiering, der er i økonomisk krise som følge af Coronavirussygdom 2019 (COVID-19);;Kulturministeriet;Kulturministeriet;Kulturmin., j.nr. 20/03567;340;2021;AK001705;B20210034005;Lovtidende A;;Fremgår af forskriften;20210302;20210305;20220412;20210305;;FALSE;;;;;A20220904516;BEK nr 715 af 22/04/2021,BEK nr 972 af 19/05/2021,BEK nr 2375 af 03/12/2021,BEK nr 1231 af 25/08/2022;;;https://www.retsinformation.dk/eli/lta/2021/340
A;Ændringslov;Lov om ændring af lov om forskningsrådgivning m.v. og forskellige andre love og om ophævelse af lov om Højteknologifonden\n(Ændringer som følge af lov om Danmarks Innovationsfond);;Uddannelses- og Forskningsministeriet;;Uddannelses- og Forskningsmin.,\nStyrelsen for Forskning og Innovation, j.nr. 14/000747;310;2014;CE000029;A20140031030;Lovtidende A;;Fremgår af forskriften;20140329;20140330;20170920;20140330;;FALSE;;;;;;;;;https://www.retsinformation.dk/eli/lta/2014/310
A;Lovbekendtgørelse;Bekendtgørelse af lov om vandløb;Vandløbsloven;Miljøministeriet;;Miljø- og Fødevaremin., j.nr. 2019-8697;1217;2019;CK002067;A20190121729;Lovtidende A;;Fremgår af forskriften;20191125;20191128;20191128;20191128;;FALSE;;;;;;LOV nr 2210 af 29/12/2020,LOV nr 126 af 30/01/2021,LOV nr 900 af 21/06/2022;;;https://www.retsinformation.dk/eli/lta/2019/1217
C;Cirkulære (2 sp);Cirkulære om lov nr. 435 af 26. juni 1998 om ændring af forskellige afgiftslove (Ændring af kredittider m.v.);;Skatteministeriet;;Skattemin., j.nr. 5.98-212-12;129;1998;CM047548;C19980012909;Ministerialtidende;;Fremgår af forskriften;19980716;19980803;20001207;19980722;;FALSE;;;;;A19980043530;;;;https://www.retsinformation.dk/eli/mt/1998/129
C;Cirkulæreskrivelse;Skrivelse om gruppevise udflugter m.v. fra kriminalforsorgens institutioner (Til kriminalforsorgsområderne);;Justitsministeriet;Direktoratet for Kriminalforsorgen;Justitsmin.,\nDirektoratet for Kriminalforsorgen, j.nr. 22-61-0129;9760;2022;AA013240;C20220976010;Retsinformation;;Fremgår af forskriften;20220628;20220629;20220629;;;FALSE;;;;;B20220102505;;;;https://www.retsinformation.dk/eli/retsinfo/2022/9760
C;Cirkulære (1 sp);Cirkulære om dispositionsbegrænsninger for 2021;;Finansministeriet;;Finansmin.,\nØkonomistyrelsen, j.nr. 2021 -1503;9963;2021;AE002936;C20210996309;Retsinformation;;Fremgår af forskriften;20211118;20211120;20211120;;;FALSE;;;;;C20200989809;;;;https://www.retsinformation.dk/eli/retsinfo/2021/9963
A;Lov;Lov om Danmarks tiltrædelse af De europæiske Fællesskaber (Tiltrædelsesloven) Bilag 1 til loven: Akt vedrørende tiltrædelsesvilkårene og tilpasningerne af traktaterne (Tiltrædelsesakten) Bilag til Tiltrædelsesakten Bilag IV. Liste over produkter    nævnt i Tiltrædelsesaktens artikel 32 (Commonwealth-produkter der nyder godt af den aftalemæssige præferencemargin i Det forenede Kongerige) (* 1);;Udenrigsministeriet;Udenrigsministeriet;Udenrigsmin. J.nr. 108.Dan.a/6;21106;1972;CM031268;A19722110630;Lovtidende A;;Fremgår af forskriften;19721011;19971001;19990128;19721116;;FALSE;(* 1) De af bilagene til loven omfattede traktater og andre akter er af tekniske grunde indlagt i Retsinformation som 80 særskilte dokumenter. En fortegnelse over disse særskilte dokumenter med angivelse af det nummer, hvert enkelt dokument er blevet tildelt i Retsinformation, er indlagt som note 2 til U LOV nr. 447 af 11. oktober 1972 (Tiltrædelsesloven);;;;;;;;https://www.retsinformation.dk/eli/lta/1972/21106
C;Vejledning;Vejledning om tilskud til oplagring af fiskevarer;;Ministeriet for Fødevarer, Landbrug og Fiskeri;NaturErhvervstyrelsen;Miljø- og Fødevaremin.,\nNaturErhvervstyrelsen, j.nr. 14-8617-000002;11540;2015;CK001171;C20151154060;Retsinformation;;Fremgår af forskriften;20150125;20170126;20170126;;;FALSE;;;;;B20150001905;;;;https://www.retsinformation.dk/eli/retsinfo/2015/11540
C;Cirkulære (2 sp);Vedtægter for Jagt- og Skovbrugsmuseet i Hørsholm;;Miljøministeriet;;Ingen;13015;1946;CM039500;C19461301509;Retsinformation;;Fremgår af forskriften;19460910;19970925;20091217;;;FALSE;;;;;;;;;https://www.retsinformation.dk/eli/retsinfo/1946/13015
B;Bekendtgørelse;Bekendtgørelse om tilskud til braklagte randzoner langs vandløb og søer;;Ministeriet for Fødevarer, Landbrug og Fiskeri;FødevareErhverv;Fødevaremin.,\nFødevareErhverv, j.nr. 3690-09-32;96;2010;AH003723;B20100009605;Lovtidende A;;Fremgår af forskriften;20100128;20100130;20100130;20100130;;FALSE;;;;;A20200011429;BEK nr 77 af 27/01/2012,BEK nr 45 af 22/01/2013,BEK nr 66 af 21/01/2014,BEK nr 1303 af 09/12/2014,BEK nr 88 af 28/01/2015;;;https://www.retsinformation.dk/eli/lta/2010/96
C;Cirkulære (1 sp);"Cirkulære om organisationsaftale for Stewardesser på Havundersøgelsesskibet ""DANA""\n(2005)";;Ministeriet for Fødevarer, Landbrug og Fiskeri;;Ministeriet for Fødevarer, Landbrug og Fiskeri, j.nr. ;9147;2006;AH002304;C20060914709;Retsinformation;;Fremgår af forskriften;20060224;20060327;20060327;;;FALSE;;;;;;;;;https://www.retsinformation.dk/eli/retsinfo/2006/9147
L;Bekendtgørelse (international);Bekendtgørelse af overenskomst af 18. december 1995 med Norge om afgrænsning af kontinentalsoklen i området mellem Grønland og Jan Mayen og om grænsen mellem fiskerizonerne i området;;Udenrigsministeriet;Udenrigsministeriet;Udenrigsmin. JT.2. j.nr. 55.Grønland.1.a.;14;1996;CM040405;L19960001464;Lovtidende C;;Fremgår af forskriften;19960328;19971001;19990205;19960413;;FALSE;;;;;;BKI nr 41 af 12/11/1998;;;https://www.retsinformation.dk/eli/ltc/1996/14
B;Bekendtgørelse;Bekendtgørelse om vurdering af virkningerne på miljøet (VVM), konsekvensvurdering vedrørende Natura 2000-områder og beskyttelse af visse dyre- og plantearter i forbindelse med ændringer eller udvidelser af anlægsprojektet om en fast forbindelse over Femern Bælt med tilhørende landanlæg i Danmark;;Transportministeriet;Trafik-, Bygge- og Boligstyrelsen;Transport-, Bygnings- og Boligmin., j.nr. 2016-4327;1106;2017;CX000202;B20170110605;Lovtidende A;;Fremgår af forskriften;20170928;20170930;20170930;20170930;;FALSE;;;;;A20150057530;;;;https://www.retsinformation.dk/eli/lta/2017/1106
C;Cirkulære (1 sp);Cirkulære om dispositionsbegrænsninger for 2021;;Finansministeriet;Økonomistyrelsen;Finansmin.,\nØkonomistyrelsen, j.nr. 2021-3229;10034;2021;AE002946;C20211003409;Retsinformation;;Fremgår af forskriften;20211201;20211214;20211214;;;FALSE;;;;;;;;;https://www.retsinformation.dk/eli/retsinfo/2021/10034
A;Lovbekendtgørelse;Bekendtgørelse af lov om miljømål m.v. for internationale naturbeskyttelsesområder (Miljømålsloven);Miljømålsloven;Miljøministeriet;Miljøstyrelsen;Miljø- og Fødevaremin.,\nStyrelsen for Vand- og Naturforvaltning, j.nr. 029-00510;119;2017;CK001178;A20170011929;Lovtidende A;;Fremgår af forskriften;20170126;20170201;20200730;20170201;;FALSE;;;;;;LOV nr 900 af 21/06/2022;;;https://www.retsinformation.dk/eli/lta/2017/119
L;Bekendtgørelse (international);Bekendtgørelse af Konvention om Fiskeriet (den europæiske fiskerikonvention) med protokol om den foreløbige anvendelse af konventionen. (* 1);;Udenrigsministeriet;Fiskeriministeriet og Udenrigsministeriet;Udenrigsmin. j.nr.63.B.28.c.;10;1965;CM037751;L19650001064;Lovtidende C;;Fremgår af forskriften;19650127;19970925;20000929;19650713;;FALSE;(* 1) Andre landes tiltrædelse: BEK nr 63 af 18/08/1966 BEK nr 17 af 02/03/1967 BEK nr 94 af 15/10/1971;;;;;BKI nr 89 af 16/09/1965;;;https://www.retsinformation.dk/eli/ltc/1965/10
B;Ændringsbekendtgørelse;Bekendtgørelse om ændring af bekendtgørelse om tilskud til miljøvenlige jordbrugsforanstaltninger;;Ministeriet for Fødevarer, Landbrug og Fiskeri;FødevareErhverv;Fødevaremin.,\nFødevareErhverv, j.nr. 3690-08-13;893;2008;AH003044;B20080089305;Lovtidende A;;Fremgår af forskriften;20080905;20080909;20080909;20080909;;FALSE;;;;;;;;;https://www.retsinformation.dk/eli/lta/2008/893
B;Bekendtgørelse;Bekendtgørelse om tilskud til projekter i udpegede landdistrikter (LAG-områder);;Indenrigs- og Boligministeriet;;Indenrigs- og Boligmin.\n Bolig- og Planstyrelsen,  j.nr. 2021-24744 ;2509;2021;DE000191;B20210250905;Lovtidende A;;Fremgår af forskriften;20211208;20211222;20211222;20211222;;FALSE;;;;;A20200011429;;;;https://www.retsinformation.dk/eli/lta/2021/2509
A;Ændringslov;Lov om ændring af kildeskatteloven, opkrævningsloven, udpantningsloven og forskellige andre love\n(Konsekvensændringer som følge af lov om inddrivelse af gæld til det offentlige);;Skatteministeriet;SKAT;Skattemin., j.nr. 2007-711-0011;1336;2008;AN009487;A20080133630;Lovtidende A;;Fremgår af forskriften;20081219;20081220;20131029;20081220;;FALSE;;;;;;LOV nr 492 af 12/05/2010,LOV nr 471 af 12/06/2009,LOV nr 1537 af 21/12/2010,LOV nr 551 af 18/06/2012,LBK nr 1209 af 28/11/2006,LOV nr 649 af 12/06/2013,LOV nr 1360 af 16/12/2014,LOV nr 1361 af 16/12/2014,LOV nr 1572 af 20/12/2006,LOV nr 104 af 03/02/2016,LOV nr 551 af 29/05/2018,LOV nr 1169 af 08/06/2021;;;https://www.retsinformation.dk/eli/lta/2008/1336
B;Bekendtgørelse;Bekendtgørelse om en midlertidig og målrettet lønkompensationsordning til virksomheder i økonomisk krise som følge af COVID-19;;Erhvervsministeriet;Erhvervsstyrelsen;Erhvervsmin.,\nErhvervsstyrelsen, j.nr. 2021-11185;1579;2021;CQ001860;B20210157905;Lovtidende A;;Fremgår af forskriften;20210627;20210708;20220402;20210708;;FALSE;;;;;A20180151830,A20220904516;BEK nr 1891 af 30/09/2021,BEK nr 2004 af 29/10/2021,BEK nr 2210 af 26/11/2021,BEK nr 2728 af 16/12/2021,BEK nr 686 af 12/05/2022;;;https://www.retsinformation.dk/eli/lta/2021/1579
C;Vejledning;Vejledning til bekendtgørelse om fredning og vildtreservat i Vadehavet;;Miljøministeriet;By- og Landskabsstyrelsen/Søfartsstyrelsen;Miljø- og Energimin., j.nr. SN 1996-0019/VIL-0003;14001;1998;CM046795;C19981400160;Retsinformation;;Fremgår af forskriften;19980217;19980318;20070706;;;FALSE;;;;;A20190026529,A20210198629;;;;https://www.retsinformation.dk/eli/retsinfo/1998/14001
B;Bekendtgørelse;Bekendtgørelse om standardreglement for overholdelse af orden i danske erhvervshavne;;Transportministeriet;Kystdirektoratet;Kystdirektoratet, j.nr. 430-2;1146;2004;AR000884;B20040114605;Lovtidende A;;Fremgår af forskriften;20041125;20041203;20041203;20041203;;FALSE;;;;;A20120045729;;;;https://www.retsinformation.dk/eli/lta/2004/1146
L;Bekendtgørelse (international);Bekendtgørelse af konvention af 1. juni 1967 om ordensregler for fiskeriet i det nordlige Atlanterhav. (* 1);;Udenrigsministeriet;Fiskeriministeriet og Udenrigsministeriet;Udenrigsmin. j.nr. 63.B.1.c.;111;1976;CM037786;L19760011164;Lovtidende C;;Fremgår af forskriften;19761213;19970925;20000929;19770105;;FALSE;(* 1) Andre landes tiltrædelse: BEK nr 62 af 16/08/1978;;;;;;;;https://www.retsinformation.dk/eli/ltc/1976/111
B;Bekendtgørelse;Bekendtgørelse om tilskud til omlægning til økologisk jordbrug;;Ministeriet for Fødevarer, Landbrug og Fiskeri;FødevareErhverv;Fødevaremin.,\nFødevareErhverv, j.nr. 3690-09-26;94;2010;AH003716;B20100009405;Lovtidende A;;Fremgår af forskriften;20100128;20100130;20100130;20100130;;FALSE;;;;;A20200011429;BEK nr 373 af 12/04/2010,BEK nr 90 af 27/01/2012,BEK nr 42 af 22/01/2013,BEK nr 49 af 21/01/2014,BEK nr 1301 af 09/12/2014,BEK nr 86 af 28/01/2015,BEK nr 93 af 28/01/2016;;;https://www.retsinformation.dk/eli/lta/2010/94
B;Bekendtgørelse;Bekendtgørelse om tilskud til investeringer i akvakultur;;Ministeriet for Fødevarer, Landbrug og Fiskeri;;Miljø- og fødevaremin.,\nFiskeristyrelsen j.nr. 20-25060-000020;1485;2020;CK002648;B20200148505;Lovtidende A;;Fremgår af forskriften;20201013;20201015;20201015;20201015;;FALSE;;;;;A20170001929;;;;https://www.retsinformation.dk/eli/lta/2020/1485
C;Vejledning;Vejledning i ansøgning om tilskud til forsøgsfiskeri.;;Ministeriet for Fødevarer, Landbrug og Fiskeri;;Ingen;7005;1982;CM035949;C19820700560;Retsinformation;;Fremgår af forskriften;19821001;19970925;19970925;;;FALSE;;;;;;;;;https://www.retsinformation.dk/eli/retsinfo/1982/7005
B;Bekendtgørelse;Bekendtgørelse om Håndbog om opfyldelse af bæredygtighedskrav og krav til besparelse af drivhusgasemissioner for biomassebrændsler til energiformål (HB 2021);Håndbogsbekendtgørelsen;Klima-, Energi- og Forsyningsministeriet;Energistyrelsen;Klima-, Energi- og Forsyningsmin.,\nEnergistyrelsen, j.nr. 2020-5896;1352;2021;DB000360;B20210135205;Lovtidende A;;Fremgår af forskriften;20210618;20210624;20210624;20210624;;FALSE;;;;;A20210179129;;;;https://www.retsinformation.dk/eli/lta/2021/1352
L;Bekendtgørelse (international);Bekendtgørelse af overenskomst af 2. februar 2007 med Island om den maritime afgrænsning mellem Færøerne og Island;;Udenrigsministeriet;;Udenrigsmin., JTF j.nr. 55.Island.1.;24;2010;AS001153;L20100002464;Lovtidende C;;Fremgår af forskriften;20100316;20100318;20100318;20100318;;FALSE;;;;;;;;;https://www.retsinformation.dk/eli/ltc/2010/24
A;Ændringslov;Lov om ændring af forskellige lovbestemmelser om forældelse af fordringer m.v.\n(Ændringer som følge af en ny lov om forældelse af fordringer, ophævelse af købelovens reklamationsfrister ved visse køb m.v.);;Justitsministeriet;;Justitsmin., j.nr. 2005-705-0012;523;2007;AA003677;A20070052330;Lovtidende A;;Fremgår af forskriften;20070606;20070607;20140923;20070607;;FALSE;;;;;;LOV nr 1262 af 16/12/2009,DSK nr 11223 af 24/04/1995,LOV nr 1360 af 16/12/2014,LOV nr 1361 af 16/12/2014,LOV nr 453 af 09/06/2004;;;https://www.retsinformation.dk/eli/lta/2007/523
C;Cirkulære (1 sp);Cirkulære om kontrol med muslinger m.m. \n(Til fødevareregionerne herunder grænsekontrolstederne);Muslingecirkulæret;Ministeriet for Fødevarer, Landbrug og Fiskeri;Fødevarestyrelsen;Familie- og Forbrugermin.\nFødevarestyrelsen, j.nr. 2005-20-23-01286;9785;2005;BG000313;C20050978509;Retsinformation;;Fremgår af forskriften;20051219;20051219;20051219;;;FALSE;;;;;;;;;https://www.retsinformation.dk/eli/retsinfo/2005/9785
B;Bekendtgørelse;Bekendtgørelse om energiafgift af mineralolieprodukter m.v.;;Skatteministeriet;Skatteministeriet;Skattemin., j.nr. 13-0060386;185;2013;AN011388;B20130018505;Lovtidende A;;Fremgår af forskriften;20130226;20130228;20130403;20130228;;FALSE;;;;;A20200134929,A20220083529;;;;https://www.retsinformation.dk/eli/lta/2013/185
B;Bekendtgørelse;Bekendtgørelse om Meddelelser fra Søfartsstyrelsen A, teknisk forskrift om arbejdsmiljø i skibe;;Erhvervsministeriet;Søfartsstyrelsen;Økonomi- og Erhvervsmin.,\nSøfartsstyrelsen, j.nr. 200915131;1246;2009;AU003814;B20090124605;Lovtidende A;;Fremgår af forskriften;20091211;20091216;20091216;20091216;;FALSE;;;;;A20220022129;BEK nr 817 af 30/06/2011,BEK nr 924 af 03/07/2013,BEK nr 1283 af 11/11/2013,BEK nr 508 af 23/04/2015,BEK nr 810 af 20/06/2017,BEK nr 863 af 22/06/2017,BEK nr 862 af 22/06/2017,BEK nr 892 af 25/06/2018,BEK nr 1370 af 29/11/2018,BEK nr 697 af 04/07/2019,BEK nr 121 af 29/01/2021,BEK nr 1028 af 24/06/2022;;;https://www.retsinformation.dk/eli/lta/2009/1246
C;Vejledning;Vejledning om tilskud til brun bi fra Læsø Vejledning for 2022;Vejledning om tilskud til brun bi fra Læsø 2022;Ministeriet for Fødevarer, Landbrug og Fiskeri;Landbrugsstyrelsen;Ministeriet for Fødevare, Landbrug og Fiskeri, :\Landbrugsstyrelsen, :\ J.nr. 22-00-0000011;9895;2022;DC000683;C20220989560;Retsinformation;;Fremgår af forskriften;20220808;20220809;20220809;;;FALSE;;;;;B20200186305;;;;https://www.retsinformation.dk/eli/retsinfo/2022/9895
A;Lovbekendtgørelse;Bekendtgørelse af lov om kemikalier;Kemikalieloven;Miljøministeriet;Miljøministeriet;Miljømin., j.nr. 2022-2289;244;2022;DD000163;A20220024429;Lovtidende A;;Fremgår af forskriften;20220217;20220223;20220223;20220223;;FALSE;;;;;;LOV nr 574 af 10/05/2022;;;https://www.retsinformation.dk/eli/lta/2022/244
L;Bekendtgørelse (international);Bekendtgørelse af overenskomst af 9. november 1994 om udvikling af økonomisk, industrielt, teknisk og videnskabeligt samarbejde mellem Kongeriget Danmarks regering og Ukraines regering;;Udenrigsministeriet;Udenrigsministeriet;Udenrigsmin., UH.1, j.nr. 74.D.90.a.;37;1995;CM030000;L19950003764;Lovtidende C;;Fremgår af forskriften;19950309;19971001;20020821;19950322;;FALSE;;;;;;;;;https://www.retsinformation.dk/eli/ltc/1995/37
L;Bekendtgørelse (international);Bekendtgørelse af overenskomst af 26. februar 1968 med Polen om bjærgningsarbejder i danske og polske territorialfarvande.;;Udenrigsministeriet;Industriministeriet og Udenrigsministeriet;Udenrigsmin. j.nr.56.D.48.;80;1968;CM024422;L19680008064;Lovtidende C;;Fremgår af forskriften;19680723;19970924;20000929;19680925;;FALSE;;;;;;BKI nr 65 af 28/08/1972;;;https://www.retsinformation.dk/eli/ltc/1968/80
L;Bekendtgørelse (international);Bekendtgørelse af aftale af 27. november 1977 med Sovjetunionen om gensidige fiskerirelationer mellem Færøerne og Sovjetunionen;;Udenrigsministeriet;Landbrugs- og Fiskeriministeriet;Udenrigsmin. ØP.IV. j.nr. 63.Færøerne-Sovjetunionen;87;1978;CM044175;L19780008764;Lovtidende C;;Fremgår af forskriften;19781026;19970925;20020821;19790119;;FALSE;;;;;;BKI nr 60 af 11/12/2000;;;https://www.retsinformation.dk/eli/ltc/1978/87
L;Bekendtgørelse (international);Bekendtgørelse af De Forenede Nationers Havretskonvention af 10. december 1982 tillige med den dertil knyttede aftale af 28. juli 1994 om anvendelse af konventionens kapitel XI;;Udenrigsministeriet;;Udenrigsmin., JTF. j.nr. 119.N.2-22.c.;17;2005;AS000717;L20050001764;Lovtidende C;;Fremgår af forskriften;20050721;20050803;20101208;20050803;;FALSE;;;;;;;;;https://www.retsinformation.dk/eli/ltc/2005/17
C;Vejledning;Ansøgning om støtte under EF-initiativet PESCA vedrørende fiskerisektoren 1994-1999;;Ministeriet for Fødevarer, Landbrug og Fiskeri;;Ingen;13137;1996;CM046587;C19961313760;Retsinformation;;Fremgår af forskriften;19960215;19980315;19980315;;;FALSE;;;;;;;;;https://www.retsinformation.dk/eli/retsinfo/1996/13137
C;Cirkulære (1 sp);Rigsadvokatmeddelelsen, afsnittet: Overtrædelser i forbindelse med fritidssejlads;;Justitsministeriet;Rigsadvokaten;CMS VB 7106;9593;2018;AA010914;C20180959309;Retsinformation;;Fremgår af forskriften;20180516;20180713;20180713;;;FALSE;;;;;;;;;https://www.retsinformation.dk/eli/retsinfo/2018/9593
B;Bekendtgørelse;Bekendtgørelse om en midlertidig kompensationsordning for selvstændige ramt af én eller flere COVID-19-relaterede restriktioner;;Erhvervsministeriet;Erhvervsstyrelsen;Erhvervsmin.,\nErhvervsstyrelsen, j.nr. 2020-17171;1086;2021;CQ001788;B20210108605;Lovtidende A;;Fremgår af forskriften;20210527;20210603;20220402;20210603;;FALSE;;;;;A20180151830,A20220904516;BEK nr 1524 af 28/06/2021,BEK nr 2730 af 16/12/2021,BEK nr 321 af 11/03/2022,BEK nr 614 af 12/05/2022;;;https://www.retsinformation.dk/eli/lta/2021/1086
C;Vejledning;Vejledning om ansøgning om tilskud til fremme af fiskerikontrol via projekter om sporbarhed;;Ministeriet for Fødevarer, Landbrug og Fiskeri;NaturErhvervstyrelsen;Fødevaremin.,\nNaturErhvervstyrelsen, j.nr. 14-8613-000001;9582;2014;AH005295;C20140958260;Retsinformation;;Fremgår af forskriften;20140807;20140808;20140808;;;FALSE;;;;;A20170001929;;;;https://www.retsinformation.dk/eli/retsinfo/2014/9582
C;Cirkulære (1 sp);Cirkulære om ophævelse af Vejledning til fødevareregionerne om økologikontrol;;Ministeriet for Fødevarer, Landbrug og Fiskeri;Fødevarestyrelsen;Fødevaremin.,\nFødevarestyrelsen, j.nr. 2010-20-2301-00395;9084;2010;AH003774;C20100908409;Retsinformation;;Fremgår af forskriften;20100308;20100309;20100309;;;FALSE;;;;;;;;;https://www.retsinformation.dk/eli/retsinfo/2010/9084
B;Bekendtgørelse;Bekendtgørelse om dyrevelfærdsmæssige mindstekrav til hold af slagtekyllinger og rugeægsproduktion til produktion af slagtekyllinger samt om uddannelse ved hold af slagtekyllinger;;Ministeriet for Fødevarer, Landbrug og Fiskeri;Fødevarestyrelsen;Ministeriet for Fødevarer, Landbrug og Fiskeri,\nFødevarestyrelsen, j.nr. 2020-15-31-00183;1747;2020;DC000012;B20200174705;Lovtidende A;;Fremgår af forskriften;20201130;20201202;20201202;20201202;;FALSE;;;;;A20210159729;;;;https://www.retsinformation.dk/eli/lta/2020/1747
B;Bekendtgørelse;Bekendtgørelse om tilskud til fastholdelse af vådområder;;Ministeriet for Fødevarer, Landbrug og Fiskeri;FødevareErhverv;Fødevaremin.,\nFødevareErhverv, j.nr. 3690-10-43;1019;2010;AH003981;B20100101905;Lovtidende A;;Fremgår af forskriften;20100826;20100828;20100828;20100828;;FALSE;;;;;A20200011429;BEK nr 76 af 27/01/2012,BEK nr 376 af 26/04/2012,BEK nr 1169 af 11/12/2012,BEK nr 54 af 21/01/2014,BEK nr 1305 af 09/12/2014,BEK nr 90 af 28/01/2015;;;https://www.retsinformation.dk/eli/lta/2010/1019
C;Cirkulæreskrivelse;Cirkulæreskrivelse om meddelelse om midlertidigt ophør med drift af selvstændig virksomhedsudøvelse;;Beskæftigelsesministeriet;Direktoratet for Arbejdsløshedsforsikringen;Arbejdsmin.,\nDir. for Arbejdsløshedsfors., j.nr. 97-25-0003;60264;1998;AB000602;C19986026410;Retsinformation;;Fremgår af forskriften;19980109;20000526;20070820;;;FALSE;DfA-meddelelse nr. 1/98 af 9. januar 1998. (Samlemeddelelse).,Hermed ophæves DfA-meddelelse nr. 27/91 og nr. 27/93.;;;;A20220023429;;;;https://www.retsinformation.dk/eli/retsinfo/1998/60264
C;Cirkulære (1 sp);Cirkulære om begrænsning af dispositionsadgangen vedrørende bevillinger på finansloven for 2015;;Finansministeriet;;Finansmin., j.nr. 15/01313;9317;2015;AE002186;C20150931709;Retsinformation;;Fremgår af forskriften;20150511;20150514;20150514;;;FALSE;;;;;;;;;https://www.retsinformation.dk/eli/retsinfo/2015/9317
L;Bekendtgørelse (international);Bekendtgørelse af overenskomst af 21. september 1993 om udvikling af økonomisk, industrielt og teknisk samarbejde mellem Kongeriget Danmarks regering og Rumæniens regering;;Udenrigsministeriet;Udenrigsministeriet;Udenrigsmin. UH.1. j.nr. 74.D.12 a/1.;88;1994;CM030789;L19940008864;Lovtidende C;;Fremgår af forskriften;19940915;19971001;20040812;19940928;;FALSE;;;;;;;;;https://www.retsinformation.dk/eli/ltc/1994/88
B;Bekendtgørelse;Bekendtgørelse om miljøbetinget tilskud;;Ministeriet for Fødevarer, Landbrug og Fiskeri;FødevareErhverv;Fødevaremin.,\nFødevareErhverv, j.nr. 3690-09-26;95;2010;AH003717;B20100009505;Lovtidende A;;Fremgår af forskriften;20100128;20100130;20100130;20100130;;FALSE;;;;;A20200011429;BEK nr 374 af 12/04/2010,BEK nr 1291 af 23/11/2010,BEK nr 92 af 27/01/2012,BEK nr 46 af 22/01/2013,BEK nr 52 af 21/01/2014,BEK nr 1300 af 09/12/2014,BEK nr 85 af 28/01/2015,BEK nr 92 af 28/01/2016;;;https://www.retsinformation.dk/eli/lta/2010/95
A;Lov;Lov om Færøernes Hjemmestyre (* 1);;Statsministeriet;;Ingen;137;1948;CM004513;A19480013730;Lovtidende A;;Fremgår af forskriften;19480323;19970925;20050624;19480331;;FALSE;;;;;;LOV nr 578 af 24/06/2005,LOV nr 579 af 24/06/2005;;;https://www.retsinformation.dk/eli/lta/1948/137
C;Vejledning;Vejledning om konsekvensvurdering af lovforslag i forhold til FN s verdensmål for bæredygtig udvikling;;Finansministeriet;;Finansmin., j.nr.;9409;2021;AE002890;C20210940960;Retsinformation;;Fremgår af forskriften;20210603;20210604;20210604;;;FALSE;;;;;;;;;https://www.retsinformation.dk/eli/retsinfo/2021/9409
C;Vejledning;Vejledning om udlægning af telekabler og visse rørledninger på søterritoriet;Rørvejledningen;Transportministeriet;Kystinspektoratet;Trafikmin.,\nKystdir., j.nr. 450-1;163;2001;AR000466;C20010016360;Ministerialtidende;;Fremgår af forskriften;20010917;20010919;20200716;20010919;;FALSE;;;;;;;;;https://www.retsinformation.dk/eli/mt/2001/163
B;Bekendtgørelse;Bekendtgørelse om tilskud til investeringer på fiskerihavne og landingssteder;;Ministeriet for Fødevarer, Landbrug og Fiskeri;Fiskeristyrelsen;Miljø- og Fødevaremin.,\nFiskeristyrelsen, j.nr. 19-12280-000008;837;2019;CK002128;B20190083705;Lovtidende A;;Fremgår af forskriften;20190820;20190821;20190821;20190821;;FALSE;;;;;A20170001929;;;;https://www.retsinformation.dk/eli/lta/2019/837
A;Lovbekendtgørelse;Bekendtgørelse af lov om hegn;Hegnsloven;Ministeriet for Fødevarer, Landbrug og Fiskeri;Landbrugsstyrelsen;Miljø- og Fødevaremin.,\nLandbrugsstyrelsen, j.nr. 18-1517-000004;363;2019;CK002033;A20190036329;Lovtidende A;;Fremgår af forskriften;20190405;20190409;20190409;20190409;;FALSE;;;;;;;;;https://www.retsinformation.dk/eli/lta/2019/363
L;Bekendtgørelse (international);Bekendtgørelse af overenskomst af 30. juli 1992 med Letland om udvikling af økonomisk, industrielt og teknisk samarbejde;;Udenrigsministeriet;Udenrigsministeriet;Udenrigsmin. N.6. j.nr. 74.D.87.;106;1992;CM031001;L19920010664;Lovtidende C;;Fremgår af forskriften;19921015;19971001;20040812;19921028;;FALSE;;;;;;;;;https://www.retsinformation.dk/eli/ltc/1992/106
L;Bekendtgørelse (international);Bekendtgørelse af overenskomst af 31. juli 1992 med Litauen om udvikling af økonomisk, industrielt og teknisk samarbejde;;Udenrigsministeriet;Udenrigsministeriet;Udenrigsmin. N.6. j.nr. 74.D.88.a.;107;1992;CM031012;L19920010764;Lovtidende C;;Fremgår af forskriften;19921015;19971001;20040812;19921028;;FALSE;;;;;;;;;https://www.retsinformation.dk/eli/ltc/1992/107
A;Ændringslov;Lov om ændring af lov om Udbetaling Danmark og forskellige andre love (Overførsel af opgaver fra Statens Administrations Finansservicecenter m.fl. til Udbetaling Danmark m.v.);;Beskæftigelsesministeriet;Styrelsen for Arbejdsmarked og Rekruttering;Beskæftigelsesmin.,\nStyrelsen for Arbejdsmarked og Rekruttering, j.nr. 15/16739;628;2016;BE006838;A20160062830;Lovtidende A;;Fremgår af forskriften;20160608;20160609;20160817;20160609;;FALSE;;;;;;LOV nr 342 af 22/03/2022;;;https://www.retsinformation.dk/eli/lta/2016/628
L;Bekendtgørelse (international);Bekendtgørelse af overenskomst af 28. juli 1992 med Estland om udvikling af økonomisk, industrielt og teknisk samarbejde;;Udenrigsministeriet;Udenrigsministeriet;Udenrigsmin. N.6. j.nr. 74.D.86.;102;1992;CM030958;L19920010264;Lovtidende C;;Fremgår af forskriften;19921008;19971001;20040812;19921021;;FALSE;;;;;;;;;https://www.retsinformation.dk/eli/ltc/1992/102
C;Vejledning;Vejledning til ansøgere om tilskud til investeringer vedrørende modernisering af fiskefartøjer.;;Ministeriet for Fødevarer, Landbrug og Fiskeri;;Ingen;13112;1997;CM046586;C19971311260;Retsinformation;;Fremgår af forskriften;19970215;19980315;20180220;;;FALSE;Vejledningen er bortfaldet, idet bekendtgørelse nr. 175 af 1. marts 1997 er ophævet.;;;;A20170003529;;;;https://www.retsinformation.dk/eli/retsinfo/1997/13112
L;Bekendtgørelse (international);Bekendtgørelse af overenskomst af 13. oktober 1976 mellem Danmark og Den tyske demokratiske Republik om udførelse af bjærgningsarbejder i de to landes indre og ydre territorialfarvande.;;Udenrigsministeriet;Industriministeriet og Udenrigsministeriet;Udenrigsmin. j.nr.56.D.53.;33;1977;CM024342;L19770003364;Lovtidende C;;Fremgår af forskriften;19770415;19970924;20000929;19770609;;FALSE;;;;;;;;;https://www.retsinformation.dk/eli/ltc/1977/33
A;Ændringslov;Lov om ændring af lov om arbejdsskadesikring og lov om retssikkerhed og administration på det sociale område\n(Opfølgning af anbefalinger fra arbejdsskadeudvalgene m.v.);;Beskæftigelsesministeriet;;Beskæftigelsesmin.,\nArbejdsskadestyrelsen, j.nr. 06-7010-635;496;2007;BE002463;A20070049630;Lovtidende A;;Fremgår af forskriften;20070606;20070607;20070906;20070607;;FALSE;;;;;;;;;https://www.retsinformation.dk/eli/lta/2007/496
C;Cirkulære (2 sp);Cirkulære om dispositionsbegrænsning vedr. Barselsfonden for 2010\n(Til samtlige ministerier mv.);;Skatteministeriet;;Finansmin., j.nr. 10/00474;43;2010;AE001636;C20100004309;Ministerialtidende;;Fremgår af forskriften;20100612;20100623;20140527;20100623;;FALSE;;;;;A20090000230;;;;https://www.retsinformation.dk/eli/mt/2010/43
A;Ændringslov;Lov om ændring af lov om naturgasforsyning, lov om fremme af vedvarende energi og forskellige andre love (Indpasning af gas fra vedvarende energikilder, udbud af pristillæg for opgraderet biogas og andre gasser fra vedvarende energikilder, udbud af støtte til produktion af brændstoffer eller andre produkter fra elektricitet (power-to-x), justering af den økonomiske regulering af gasdistributionsselskaber og reglerne for gasdetailmarkedet og sidestillelse af regioner med kommuner i forhold til egenproduktion af elektricitet ved selskabsudskillelse m.v.);;Klima-, Energi- og Forsyningsministeriet;Energistyrelsen;Klima-, Energi- og Forsyningsmin.,\nEnergistyrelsen, j.nr.2020-366;923;2021;DB000324;A20210092330;Lovtidende A;;Fremgår af forskriften;20210518;20210519;20210915;20210519;;FALSE;;;;;;;;;https://www.retsinformation.dk/eli/lta/2021/923
L;Bekendtgørelse (international);Bekendtgørelse af aftale af 3. februar 1982 med Costa Rica om økonomisk og industrielt samarbejde;;Udenrigsministeriet;Udenrigsministeriet;Udenrigsmin. j.nr. 74.D.53.;59;1987;CM030380;L19870005964;Lovtidende C;;Fremgår af forskriften;19870824;19971001;20040812;19871023;;FALSE;;;;;;;;;https://www.retsinformation.dk/eli/ltc/1987/59
C;Cirkulære (1 sp);Vedtægt for Kongeriget Danmarks Fiskeribank;;Ministeriet for Fødevarer, Landbrug og Fiskeri;;Fødevaremin., j.nr. 1997-242-0002;9759;1999;AH000277;C19990975909;Retsinformation;;Fremgår af forskriften;19990518;19990618;20020517;;;FALSE;;;;;A20170003229;;;;https://www.retsinformation.dk/eli/retsinfo/1999/9759
C;Cirkulære (1 sp);Cirkulære om organisationsaftale for jordbrugsteknologer/jordbrugsteknikere i staten samt forsøgsteknikere ved Aarhus Universitet;;Skatteministeriet;Medarbejder- og Kompetencestyrelsen;Skatteministeriet, Medarbejder- og Kompetencestyrelsen, J.nr. 2021-1330;9979;2021;AN015282;C20210997909;Retsinformation;;Fremgår af forskriften;20211130;20211201;20211201;;;FALSE;Udsendt som Medst.nr. 048-21;;;;;;;;https://www.retsinformation.dk/eli/retsinfo/2021/9979
C;Cirkulæreskrivelse;Cirkulæreskrivelse om optagning af afskåret grøde i forbindelse med vandløbsvedligeholdelse (Til samtlige kommunalbestyrelser og amtsråd);;Miljøministeriet;Miljøstyrelsen;M 86-24631-25;14011;1987;CM008012;C19871401110;Retsinformation;;Fremgår af forskriften;19870611;19970925;20070709;;;FALSE;;;;;A20190121729;;;;https://www.retsinformation.dk/eli/retsinfo/1987/14011
L;Bekendtgørelse (international);Bekendtgørelse af valgfri protokol af 29. april 1958 vedrørende tvungen bilæggelse af tvister angående fortolkningen eller anvendelsen af konventionerne af 29. april 1958 om retsordenen på havet.;;Udenrigsministeriet;Udenrigsministeriet;Udenrigsmin. j.nr. 119.N.2/3.a/1.c.;53;1969;CM030266;L19690005364;Lovtidende C;;Fremgår af forskriften;19690514;19971001;20040812;19690918;;FALSE;;;;;;;;;https://www.retsinformation.dk/eli/ltc/1969/53
C;Vejledning;Vejledning om dyretilskud til bevaringsværdige dyr af gamle danske husdyrracer Vejledning for 2022;;Ministeriet for Fødevarer, Landbrug og Fiskeri;Landbrugsstyrelsen;Ministeriet for Fødevarer, Landbrug og Fiskeri :\ Landbrugsstyrelsen, J.rn. 15095521;9656;2022;DC000623;C20220965660;Retsinformation;;Fremgår af forskriften;20220622;20220623;20220709;;;FALSE;;;;;B20170003005;;;;https://www.retsinformation.dk/eli/retsinfo/2022/9656
L;Bekendtgørelse (international);Bekendtgørelse af overenskomst af 20. maj 1994 om udvikling af økonomisk, industrielt og teknisk samarbejde mellem Kongeriget Danmarks regering og Republikken Bulgariens regering;;Udenrigsministeriet;Udenrigsministeriet;Udenrigsmin., UH.I. j.nr. 74.D.13.a/1.;32;1995;CM029919;L19950003264;Lovtidende C;;Fremgår af forskriften;19950309;19971001;20040812;19950322;;FALSE;;;;;;;;;https://www.retsinformation.dk/eli/ltc/1995/32
L;Bekendtgørelse (international);Bekendtgørelse af overenskomst af 26. oktober 1992 med Den Russiske Føderation om udvikling af økonomisk, industrielt, videnskabeligt og teknisk samarbejde (* 1);;Udenrigsministeriet;Udenrigsministeriet;Udenrigsmin. N.6. j.nr. 74.D.9.a/1.;14;1993;CM029613;L19930001464;Lovtidende C;;Fremgår af forskriften;19930318;19971001;20020716;19930331;;FALSE;Armenien, Azerbajdzhan, Georgien, Hviderusland (Belarus), Kazakhstan, Kirgizstan, Moldavien (Moldova), Tadzhikistan, Turkmenistan, Ukraine og Uzbekistan.,Ved opløsningen af Sovjetunionen opstod foruden Rusland følgende nye stater:,(* 1) De i bekendtgørelsens sidste del opregnede aftaler er hermed formelt ophævet i forholdet mellem Danmark og Rusland. De er ikke nødvendigvis dermed bortfaldet i forholdet mellem Danmark og de øvrige nye stater efter Sovjetunionens opløsning. Den fortsatte gyldighed, eventuelt i ændret stand, eller bortfald i forholdet mellem Danmark og de andre nye stater vil blive søgt afklaret mellem Danmark og disse lande, når særligt behov opstår. Dette er for Belarus' (Hviderusland) vedkommende sket ved bek. nr. 38 af 09/03/1995 og for Ukraines vedkommende ved bek. nr. 37 af 09/03/1995, Lovtidende C.;;;;;;;;https://www.retsinformation.dk/eli/ltc/1993/14
L;Bekendtgørelse (international);Bekendtgørelse om en mellem Danmark og Tyskland afsluttet Traktat angaaende Ordning af de som Følge af Overgangen til Danmark af Suveræniteten over Nordslesvig opståede Spørgsmål. (* 1), (* 2), (* 3), (* 4), (* 5);;Udenrigsministeriet;Udenrigsministeriet;Udenrigsmin. j.nr. 7.B.72.;252;1922;CM029371;L19220025264;Lovtidende A;;Fremgår af forskriften;19220608;19971001;19990127;19220621;;FALSE;(* 1) Overenskomst nr. 91 i Traktaten angaaende fælles Fiskeri i Flensborg Fjord er ændret, se rubrikken 'Senere ændringer'.,(* 5) Denne overenskomst administreres af Fiskeriministeriet.,(* 4) Denne Overenskomst administreres af Trafikministeriet,(* 3) Denne overenskomst administreres af Trafikministeriet,(* 2) Denne Overenskomst administreres af Trafikministeriet;;;;;BKI nr 10 af 15/02/1960;;;https://www.retsinformation.dk/eli/lta/1922/252
C;Cirkulære (2 sp);Cirkulære om begrænsning af dispositionsadgangen vedrørende bevillinger på finansloven for 2010;;Finansministeriet;;Finansmin., j.nr. 10/02316;41;2010;AE001630;C20100004109;Ministerialtidende;;Fremgår af forskriften;20100610;20100615;20140527;20100615;;FALSE;;;;;A20090000230;;;;https://www.retsinformation.dk/eli/mt/2010/41
C;Cirkulære (2 sp);Cirkulære om akutjob i staten;;Skatteministeriet;Moderniseringsstyrelsen;Finansministeriet, Moderniseringsstyrelsen, j.nr. 12-340-39;9556;2012;AE001897;C20120955609;Retsinformation;;Fremgår af forskriften;20121114;20121115;20121115;;;FALSE;Udsendt som Modst.nr. 035-12;;;;;;;;https://www.retsinformation.dk/eli/retsinfo/2012/9556
C;Vejledning;Vejledning om inddæmning og opfyldning på søterritoriet;;Miljøministeriet;Kystinspektoratet;Trafikmin.,\nKystdirektoratet, j.nr. 440-2-17;6;2002;AR000515;C20020000660;Ministerialtidende;;Fremgår af forskriften;20020123;20020130;20080821;20020130;;FALSE;Vejledningen har i perioden 18. maj - 21. august 2008 ved en fejl været historisk markeret i Retsinformation. ;;;;B20130058005,A20200070529;;;;https://www.retsinformation.dk/eli/mt/2002/6
C;Cirkulæreskrivelse;Cirkulæreskrivelse om tidsplan for aflevering af arkiveringsversioner af data i statslige myndigheders it-systemer 2021-2022;;Kulturministeriet;;Kulturmin.,\nRigsarkivet, j.nr. 20/17159;10001;2020;AK001664;C20201000110;Retsinformation;;Fremgår af forskriften;20201210;20201218;20201218;;;FALSE;;;;;B20030059105;;;;https://www.retsinformation.dk/eli/retsinfo/2020/10001
C;Vejledning;Håndbog om tilladelsesprocesserne for projekter af fælles interesse for den transeuropæiske energiinfrastruktur;;Klima-, Energi- og Forsyningsministeriet;Energistyrelsen;2016-6720;9066;2017;CI000255;C20170906660;Retsinformation;;Fremgår af forskriften;20170130;20170207;20170207;;;FALSE;;;;;;;;;https://www.retsinformation.dk/eli/retsinfo/2017/9066
C;Vejledning;Vejledning til virksomheder om kønsopdelt lønstatistik;;Beskæftigelsesministeriet;Beskæftigelsesministeriet;Beskæftigelsesmin., j.nr. 6620-0004;10563;2006;BE002984;C20061056360;Retsinformation;;Fremgår af forskriften;20061212;20080626;20080626;;;FALSE;;;;;A20190015629;;;;https://www.retsinformation.dk/eli/retsinfo/2006/10563
C;Cirkulære (2 sp);Cirkulære om indberetningspligt for danske statsskibe;;Forsvarsministeriet;;Forsvarsmin., j.nr. 04-0725-6;87;2004;AG000212;C20040008709;Ministerialtidende;;Fremgår af forskriften;20041008;20041028;20041028;20041014;;FALSE;;;;;;;;;https://www.retsinformation.dk/eli/mt/2004/87
A;Lovbekendtgørelse;Bekendtgørelse af lov om miljøvurdering af planer og programmer og af konkrete projekter (VVM);Miljøvurderingsloven;Miljøministeriet;Miljøministeriet;Miljømin., j.nr. 2021-1000;1976;2021;DD000120;A20210197629;Lovtidende A;;Fremgår af forskriften;20211027;20211029;20211029;20211029;;FALSE;;;;;;LOV nr 900 af 21/06/2022;;;https://www.retsinformation.dk/eli/lta/2021/1976
L;Bekendtgørelse (international);Bekendtgørelse af konvention af 15. februar 1972 til forhindring af havforurening ved dumpning fra skibe og luftfartøjer. (* 1) (* 2);;Udenrigsministeriet;Miljøministeriet og Udenrigsministeriet;Udenrigsmin. j.nr.82.B.83;35;1974;CM007670;L19740003564;Lovtidende C;;Fremgår af forskriften;19740403;19970925;20000929;19740912;;FALSE;(* 2) Andre landes tiltrædelse : BEK nr 67 af 18/08/1976 BEK nr 3 af 12/01/1978 BEK nr 83 af 29/06/1979 BEK nr 54 af 25/05/1982,(* 1) Konventionens udvidelse til at omfatte Færøerne BEK nr 109 af 26/11/1976;;;;;;;;https://www.retsinformation.dk/eli/ltc/1974/35
C;Cirkulære (1 sp);Vejledning i udarbejdelse af ansøgning om tilskud til projekter i Østeuropa 1996;;Ministeriet for Fødevarer, Landbrug og Fiskeri;;Ingen;13510;1996;CM042899;C19961351009;Retsinformation;;Fremgår af forskriften;19960715;19970925;19970925;;;FALSE;;;;;;;;;https://www.retsinformation.dk/eli/retsinfo/1996/13510
A;Lovbekendtgørelse;Bekendtgørelse af lov om vandsektorens organisering og økonomiske forhold (vandsektorloven);Vandsektorloven;Klima-, Energi- og Forsyningsministeriet;Energistyrelsen;Klima-, Energi- og Forsyningsmin.,\nEnergistyrelsen, j.nr. 2021-11646;1693;2021;DB000369;A20210169329;Lovtidende A;;Fremgår af forskriften;20210816;20210819;20210819;20210819;;FALSE;;;;;;LOV nr 132 af 16/02/2016;;;https://www.retsinformation.dk/eli/lta/2021/1693
B;Bekendtgørelse;Bekendtgørelse om tilskud til fastholdelse og pleje af vådområder;;Ministeriet for Fødevarer, Landbrug og Fiskeri;Direktoratet for FødevareErhverv;Fødevaremin.,\nDirektoratet for FødevareErhverv, j.nr. 3017-07-1;605;2007;AH002612;B20070060505;Lovtidende A;;Fremgår af forskriften;20070614;20070622;20070622;20070622;;FALSE;;;;;A20200011429;BEK nr 171 af 10/03/2008,BEK nr 889 af 05/09/2008,BEK nr 84 af 04/02/2009,BEK nr 93 af 27/01/2012,BEK nr 91 af 29/01/2013,BEK nr 1041 af 26/08/2013,BEK nr 62 af 21/01/2014,BEK nr 72 af 28/01/2015;;;https://www.retsinformation.dk/eli/lta/2007/605
L;Bekendtgørelse (international);Bekendtgørelse af aftale af 29. marts 1993 mellem Danmark, Finland, Island, Norge og Sverige om samarbejde vedrørende bekæmpelse af forurening af havet med olie eller andre skadelige stoffer;;Udenrigsministeriet;Udenrigsministeriet;Udenrigsmin. StN.1. j.nr. 39.Q.9.;42;1998;AS000021;L19980004264;Lovtidende C;;Fremgår af forskriften;19981112;19981125;20010403;19981125;;FALSE;;;;;;;;;https://www.retsinformation.dk/eli/ltc/1998/42
A;Lovbekendtgørelse;Bekendtgørelse af lov om energiafgift af mineralolieprodukter m.v.;Mineralolieafgiftsloven;Skatteministeriet;Skatteforvaltningen;Skattemin., j.nr. 2019-1717;1349;2020;AN014233;A20200134929;Lovtidende A;;Fremgår af forskriften;20200901;20200915;20200915;20200915;;FALSE;;;;;;LOV nr 1728 af 27/12/2018,LOV nr 138 af 25/02/2020,LOV nr 2225 af 29/12/2020,LOV nr 1240 af 11/06/2021,LOV nr 2606 af 28/12/2021,LOV nr 832 af 14/06/2022;;;https://www.retsinformation.dk/eli/lta/2020/1349
A;Lovbekendtgørelse;Bekendtgørelse af lov om naturbeskyttelse;Naturbeskyttelsesloven;Miljøministeriet;Miljøministeriet;Miljømin., j.nr. 2021-14512;1986;2021;DD000116;A20210198629;Lovtidende A;;Fremgår af forskriften;20211027;20211030;20211030;20211030;;FALSE;;;;;;LOV nr 1057 af 30/06/2020,LOV nr 900 af 21/06/2022;;;https://www.retsinformation.dk/eli/lta/2021/1986
L;Bekendtgørelse (international);Bekendtgørelse af konvention af 29. december 1972 om forhindring af havforurening ved dumpning af affald og andre stoffer (* 1) (* 2);;Udenrigsministeriet;Miljøministeriet og Udenrigsministeriet;Udenrigsmin. j.nr. 82. B.89.c.;15;1976;CM008417;L19760001564;Lovtidende C;;Fremgår af forskriften;19760206;19970925;20000929;19760408;;FALSE;(* 2) Konventionens udvidelse til at omfatte Færøerne. BEK nr 110 af 26/11/1976 BEK nr 115 af 20/10/1994,(* 1) Andre landes tiltrædelse: BEK nr 37 af 27/05/1977 BEK nr 84 af 20/10/1978 BEK nr 32 af 25/04/1980 BEK nr 118 af 01/12/1981 BEK nr 17 af 22/02/1985 BEK nr 1 af 03/01/1989;;;;;BKI nr 35 af 05/05/1980,BKI nr 48 af 21/04/1982,BKI nr 105 af 15/10/1992;;L20000001264;https://www.retsinformation.dk/eli/ltc/1976/15
C;Vejledning;"Fiskerikontrol, Myndighed ) Vejledning om tilskud til Fiskerikontrol, Myndighed )    2015";;Ministeriet for Fødevarer, Landbrug og Fiskeri;NaturErhvervstyrelsen;Miljø- og Fødevaremin.,\nNaturErhvervstyrelsen, j.nr.;11541;2015;CK001172;C20151154160;Retsinformation;;Fremgår af forskriften;20151009;20170126;20170126;;;FALSE;;;;;A20140136130;;;;https://www.retsinformation.dk/eli/retsinfo/2015/11541
B;Bekendtgørelse;Bekendtgørelse af Reglement for driften af Københavns Frihavn;;Transportministeriet;;Dep. 3. ktf. j.nr. 84 C 07-20-13.c;189;1985;CM008687;B19850018905;Lovtidende A;;Fremgår af forskriften;19850506;19971001;19971001;19850522;;FALSE;;;;;A19600014130;;;;https://www.retsinformation.dk/eli/lta/1985/189
C;Vejledning;Vejledning om tilskud til Fiskerikontrol, Myndighed 2015;;Ministeriet for Fødevarer, Landbrug og Fiskeri;NaturErhvervstyrelsen;Miljø- og Fødevaremin.,\n NaturErhvervstyrelsen, j.nr. 15-8612-000003;11026;2015;CK000208;C20151102660;Retsinformation;;Fremgår af forskriften;20151116;20151117;20151117;;;FALSE;;;;;;;;;https://www.retsinformation.dk/eli/retsinfo/2015/11026
A;Ændringslov;Lov om ændring af patentloven, varemærkeloven, lov om brugsmodeller m.v., lov om mønstre og lov om plantenyheder;;Erhvervsministeriet;Patent- og Varemærkestyrelsen;Erhvervsmin., j.nr. 95-340-55;412;2000;AD000679;A20000041230;Lovtidende A;;Fremgår af forskriften;20000531;20000602;20070102;20000602;;FALSE;;;;;;LOV nr 1259 af 20/12/2000,LOV nr 1431 af 21/12/2005;;;https://www.retsinformation.dk/eli/lta/2000/412
L;Bekendtgørelse (international);Bekendtgørelse af overenskomst af 20. maj 1982 med Den demokratiske Folkerepublik Algeriet om økonomisk, industrielt, videnskabeligt og teknisk samarbejde;;Udenrigsministeriet;Udenrigsministeriet;Udenrigsmin. j. nr. 74.D.25/a.;102;1982;CM030952;L19820010264;Lovtidende C;;Fremgår af forskriften;19821005;19971001;20040812;19821217;;FALSE;;;;;;;;;https://www.retsinformation.dk/eli/ltc/1982/102
L;Bekendtgørelse (international);Bekendtgørelse af aftale af 7. januar 1975 med Sverige om uændret fortsættelse af de gensidige fiskerirettigheder ud for Danmarks og Sveriges kyster.;;Udenrigsministeriet;Fiskeriministeriet og Udenrigsministeriet;Udenrigsministeriet, j.nr. 55.Sve.1.;31;1975;CM037759;L19750003164;Lovtidende C;;Fremgår af forskriften;19750214;19970925;20000929;19750530;;FALSE;;;;;;;;;https://www.retsinformation.dk/eli/ltc/1975/31
C;Cirkulære (2 sp);Cirkulære om ophævelse af cirkulære om dyrlægeloven m.m.;;Ministeriet for Fødevarer, Landbrug og Fiskeri;Veterinær- og Fødevaredirektoratet;Fødevaremin.,\nVeterinær- og Fødevaredir., j.nr. JK 352-51-1/95;164;1998;AH000058;C19980016409;Ministerialtidende;;Fremgår af forskriften;19980929;19981022;20061005;19981022;;FALSE;;;;;B20040061805;;;;https://www.retsinformation.dk/eli/mt/1998/164
A;Lov;Lov om indgåelse af dobbeltbeskatningsoverenskomst mellem de nordiske lande;;Skatteministeriet;;Skattemin., j.nr. 10.95-611-73;190;1997;CM043404;A19970019030;Lovtidende A;;Fremgår af forskriften;19970312;19970925;20010627;19970313;;FALSE;;;;;;LOV nr 861 af 30/11/1999,LOV nr 486 af 07/06/2001,LOV nr 428 af 28/04/2010;;;https://www.retsinformation.dk/eli/lta/1997/190
L;Bekendtgørelse (international);Bekendtgørelse af overenskomst af 5. september 1988 med Kuwait om økonomisk, industrielt, videnskabeligt og teknisk samarbejde;;Udenrigsministeriet;;Udenrigsmin. H. III. j. nr. 74.D 27.a/1.;50;1989;CM030214;L19890005064;Lovtidende C;;Fremgår af forskriften;19890501;19971001;20040812;19890511;;FALSE;;;;;;;;;https://www.retsinformation.dk/eli/ltc/1989/50
A;Ændringslov;Lov om ændring af forskellige skattelove (Konsekvensændringer som følge af afskrivningsloven samt ændringer af ejendomsavancebeskatningsloven m.m.);;Skatteministeriet;;Skattemin., j.nr. 14.98-411-42;434;1998;CM047377;A19980043430;Lovtidende A;;Fremgår af forskriften;19980626;19980629;20140902;19980627;;FALSE;1) Den korrigerede tekst er indlagt efter omtryk af Lovtidende A, hæfte nr. 93, den 24.07.1998. ;;;;;;;;https://www.retsinformation.dk/eli/lta/1998/434
L;Bekendtgørelse (international);Bekendtgørelse om genanvendelse af dansk-tyske overenskomster.;;Udenrigsministeriet;Udenrigsministeriet;Udenrigsmin. R.I. j.nr.140-E-4-a/1;40;1960;CM030043;L19600004064;Lovtidende C;;Fremgår af forskriften;19600630;19971001;20121121;19600926;;FALSE;;;;;;;;;https://www.retsinformation.dk/eli/ltc/1960/40
B;Bekendtgørelse;Bekendtgørelse om affald;Affaldsbekendtgørelsen;Miljøministeriet;Miljøministeriet;Miljømin., j.nr. 2021-1352;2512;2021;DD000142;B20210251205;Lovtidende A;;Fremgår af forskriften;20211210;20211222;20211222;20211222;;FALSE;;;;;A20220010029;;;;https://www.retsinformation.dk/eli/lta/2021/2512
L;Bekendtgørelse (international);Bekendtgørelse af konvention om Den kontinentale Sokkel. (* 1) (* 2);;Udenrigsministeriet;Udenrigsministeriet;119.N.2/3a/1c.;16;1963;CM029631;L19630001664;Lovtidende C;;Fremgår af forskriften;19630705;19971001;20040812;19630826;;FALSE;;;;;;;;;https://www.retsinformation.dk/eli/ltc/1963/16
A;Lov;Lov om Danmarks tiltrædelse af De europæiske Fællesskaber (Tiltrædelsesloven) Bilag 1 til loven: Akt vedrørende tiltrædelsesvilkårene og tilpasningerne af traktaterne (Tiltrædelsesakten) Bilag til Tiltrædelsesakten Bilag II. Den i    Tiltrædelsesaktens artikel 30 nævnte liste (* 1);;Udenrigsministeriet;Udenrigsministeriet;Udenrigsmin. J.nr. 108.Dan.a/6;21104;1972;CM031266;A19722110430;Lovtidende A;;Fremgår af forskriften;19721011;19971001;19990128;19721116;;FALSE;(* 1) De af bilagene til loven omfattede traktater og andre akter er af tekniske grunde indlagt i Retsinformation som 80 særskilte dokumenter. En fortegnelse over disse særskilte dokumenter med angivelse af det nummer, hvert enkelt dokument er blevet tildelt i Retsinformation, er indlagt som note 2 til U LOV nr. 447 af 11. oktober 1972 (Tiltrædelsesloven);;;;;;;;https://www.retsinformation.dk/eli/lta/1972/21104
B;Bekendtgørelse;Bekendtgørelse om Meddelelser fra Søfartsstyrelsen F, teknisk forskrift om mindre erhvervsfartøjers bygning og udstyr m.v.;;Erhvervsministeriet;Søfartsstyrelsen;Økonomi- og Erhvervsmin.,\nSøfartsstyrelsen, j.nr. 201009473;1460;2010;AU004245;B20100146005;Lovtidende A;;Fremgår af forskriften;20101214;20101218;20101218;20101218;;FALSE;;;;;B20080088203,A20220022129;BEK nr 921 af 03/07/2013;;;https://www.retsinformation.dk/eli/lta/2010/1460
L;Bekendtgørelse (international);Bekendtgørelse om en i Washington den 2. december 1946 afsluttet international konvention angående regulering af hvalfangst med tilhørende slutprotokol. (* 1) (IWC) (Hvalfangstkommissionen).;;Udenrigsministeriet;;Ingen;45;1950;CM004481;L19500004564;Lovtidende C;;Fremgår af forskriften;19500413;19970925;20000929;19500830;;FALSE;BEK nr 58 af 12/08/1970,BEK nr 70 af 13/08/1969,BEK nr 12 af 24/02/1966,(* 1) Andre landes opsigelse:;;;;;BKI nr 12 af 24/02/1966,BKI nr 49 af 30/09/1959,BKI nr 58 af 12/08/1970,BKI nr 70 af 13/08/1969;;;https://www.retsinformation.dk/eli/ltc/1950/45
A;Lovbekendtgørelse;Bekendtgørelse af lov om sikkerhed til søs;;Erhvervsministeriet;Søfartsstyrelsen;Erhvervsmin.,\nSøfartsstyrelsen, j.nr. 2021107250;221;2022;CQ001870;A20220022129;Lovtidende A;;Fremgår af forskriften;20220211;20220215;20220215;20220215;;FALSE;;;;;;;;;https://www.retsinformation.dk/eli/lta/2022/221
L;Bekendtgørelse (international);Bekendtgørelse af overenskomst af 9. november 1984 vedrørende afgrænsning af kontinentalsoklen og fiskerizonerne mellem Danmark og Sverige.;;Udenrigsministeriet;Udenrigsministeriet;Udenrigsmin. j.nr. 46.D.27.;7;1986;CM029495;L19860000764;Lovtidende C;;Fremgår af forskriften;19860127;19971001;20040812;19860829;;FALSE;;;;;;;;;https://www.retsinformation.dk/eli/ltc/1986/7
A;Lovbekendtgørelse;Bekendtgørelse af lov om aktindsigt i miljøoplysninger;Miljøoplysningsloven;Miljøministeriet;Miljøstyrelsen;Miljø- og Fødevaremin.,\n Miljøstyrelsen, j.nr. MST-105-00010;980;2017;CK001394;A20170098029;Lovtidende A;;Fremgår af forskriften;20170816;20170818;20220509;20170818;;FALSE;;;;;;;;;https://www.retsinformation.dk/eli/lta/2017/980
B;Bekendtgørelse;Bekendtgørelse om kildeskat;Kildeskattebekendtgørelsen;Skatteministeriet;Skatteforvaltningen;Skattemin., j.nr. 2020-5239;2104;2021;AN015262;B20210210405;Lovtidende A;;Fremgår af forskriften;20211123;20211126;20211126;20211126;;FALSE;;;;;A20210082429,A20220000629,A20220083529;BEK nr 1084 af 23/06/2022;;;https://www.retsinformation.dk/eli/lta/2021/2104
C;Cirkulære (2 sp);Cirkulære om bevaring og kassation samt aflevering af statslige myndigheders arkivalier i årene 2006-2010\n(Statens Arkivers aktivitetsplan);;Kulturministeriet;Statens Arkiver;Kulturmin.,\nRigsarkivet, j.nr. 2006-003-00022;8;2006;AK000448;C20060000809;Ministerialtidende;;Fremgår af forskriften;20060119;20060127;20070903;20060127;;FALSE;;;;;A20160120129;;;;https://www.retsinformation.dk/eli/mt/2006/8
C;Vejledning;Importørvejledning;;Ministeriet for Fødevarer, Landbrug og Fiskeri;EF-Direktoratet;Fødevaremin., EU-Direktoratet, j.nr. 0617-8-99;9455;1998;AH000261;C19990945560;Retsinformation;;Fremgår af forskriften;19980601;19990505;20070102;;;FALSE;;;;;A20200011529;;;;https://www.retsinformation.dk/eli/retsinfo/1998/9455
L;Bekendtgørelse (international);Bekendtgørelse af aftale af 9. december 1976 med Marokko om økonomisk og teknisk samarbejde.;;Udenrigsministeriet;Udenrigsministeriet;Udenrigsmin. j.nr. 74.D.24;17;1977;CM029645;L19770001764;Lovtidende C;;Fremgår af forskriften;19770209;19971001;20040812;19770406;;FALSE;;;;;;;;;https://www.retsinformation.dk/eli/ltc/1977/17
C;Vejledning;Vejledning om støtte til unge nyetablerede landbrugere 2021;;Ministeriet for Fødevarer, Landbrug og Fiskeri;Landbrugsstyrelsen;Ministeriet for Fødevarer, Landbrug og Fiskeri,\n Landbrugsstyrelsen, j. nr. 20-1320-000001;9765;2021;DC000338;C20210976560;Retsinformation;;Fremgår af forskriften;20210101;20211006;20211006;;;FALSE;;;;;A20200011529;;;;https://www.retsinformation.dk/eli/retsinfo/2021/9765
L;Bekendtgørelse (international);Bekjendtgjørelse om en mellem Kongeriget Danmark og det østerrig-ungarske Monarki afsluttet Handels- og Skibsfartskonvention. (* 1);;Udenrigsministeriet;Industriministeriet;Udenrigsmin. j.nr. 400.E.9/Ungarn.;102;1887;CM023322;L18870010264;Lovtidende A;;Fremgår af forskriften;18870623;19970924;20021014;18870701;;FALSE;(* 1) Ved EF-rådsbeslutning, senest af 27/04/1987, bemyndiges Danmark til at videreføre aftalen indtil 31/12/1988.;;;;;;;;https://www.retsinformation.dk/eli/lta/1887/102
L;Bekendtgørelse (international);Bekendtgørelse af overenskomst af 12. oktober 1978 med Irak om industrielt, videnskabeligt, økonomisk og teknisk samarbejde;;Udenrigsministeriet;Udenrigsministeriet;Udenrigsmin. j.nr. 74.D.39.a.;58;1979;CM030358;L19790005864;Lovtidende C;;Fremgår af forskriften;19790410;19971001;20040812;19790718;;FALSE;;;;;;;;;https://www.retsinformation.dk/eli/ltc/1979/58
A;Tekstanmærkning;Tekstanmærkninger til finansloven for finansåret 2021;;Finansministeriet;;Finansmin.,\nØkonomistyrelsen j.nr. 2021-945 ;9032;2021;AE002851;A20210903216;Retsinformation;;Fremgår af forskriften;20210101;20210123;20210205;;;FALSE;;;;;;;;;https://www.retsinformation.dk/eli/retsinfo/2021/9032
B;Bekendtgørelse;Bekendtgørelse om tilskud til pleje af græs- og naturarealer;;Ministeriet for Fødevarer, Landbrug og Fiskeri;FødevareErhverv;Fødevaremin.,\nFødevareErhverv, j.nr. 3690-10-50;59;2011;AH004132;B20110005905;Lovtidende A;;Fremgår af forskriften;20110127;20110129;20110129;20110129;;FALSE;;;;;A20200011429;BEK nr 79 af 27/01/2012,BEK nr 1171 af 11/12/2012,BEK nr 60 af 21/01/2014,BEK nr 327 af 31/03/2014,BEK nr 74 af 28/01/2015;;;https://www.retsinformation.dk/eli/lta/2011/59
C;Cirkulære (2 sp);Cirkulære om ophævelse af forskellige cirkulærer om destruktionsanstalter, foder m.v.;;Ministeriet for Fødevarer, Landbrug og Fiskeri;;Fødevaremin.,\nVeterinær- og Fødevaredir., j.nr. 01. kt. 10-626-0/98;190;1998;AH000125;C19980019009;Ministerialtidende;;Fremgår af forskriften;19981123;19981210;19981210;19981210;;FALSE;;;;;;;;;https://www.retsinformation.dk/eli/mt/1998/190
B;Bekendtgørelse;Bekendtgørelse om økologiske fødevarer og økologisk akvakultur m.v.;;Ministeriet for Fødevarer, Landbrug og Fiskeri;Fødevarestyrelsen;Ministeriet for Fødevarer, Landbrug og Fiskeri,\nFødevarestyrelsen, j.nr. 2021-29-31-00253;2168;2021;DC000371;B20210216805;Lovtidende A;;Fremgår af forskriften;20211123;20211130;20211130;20211130;;FALSE;;;;;A20220120329;;;;https://www.retsinformation.dk/eli/lta/2021/2168
L;Bekendtgørelse (international);Handels- og Skibsfartstraktat mellem Danmark og Finland, med dertil hørende Tillægs- og Slutprotokol. Helsingfors, 3. August 1923.;;Udenrigsministeriet;Udenrigsministeriet;Ingen;499;1923;CM031362;L19230049964;Lovtidende A;;Fremgår af forskriften;19230803;19971001;20020909;19231231;;FALSE;"(* 7) Finlands Førfattningssamling 1921, Nr. 187, pag. 533.,(* 6) Finlands Førfattningssamling 1920, Nr. 148, pag. 449.,(* 5) Sveriges Traktater XII, pag. 372; Lewenhaupt: Recueil II, pag. 356.,(* 4) Bkg. Nr. 2 af 2. Januar 1914 (Lovtid. A, pag. 3).,(* 3) Bkg. Nr. 147 af 11. November 1899 (Lovtid. A, pag. 479.,(* 2) Bkg. Nr. 150 af 22. September 1871 (Lovtid., pag. 453); Danske Traktater efter 1800, Bd. II, Pag. 314.,(* 1) Traktaten er bekendtgjort som nr. 22 i 'Danmarks Traktater', årgang 1923.";;;;;;;;https://www.retsinformation.dk/eli/lta/1923/499
C;Cirkulæreskrivelse;Cirkulæreskrivelse om kontrollen med udførsel af levende svin (Til Rigspolitichefen samt Politimestrene i Gråsten og Tønder);;Ministeriet for Fødevarer, Landbrug og Fiskeri;;Pol.ktr. 1997-965-0850;11510;1997;CM046776;C19971151010;Retsinformation;;Fremgår af forskriften;19971125;19980315;20061005;;;FALSE;;;;;A20220000929;;;;https://www.retsinformation.dk/eli/retsinfo/1997/11510
B;Bekendtgørelse;Bekendtgørelse om vurdering af virkning på miljøet (VVM) af projekter vedrørende erhvervshavne og Københavns Havn samt om administration af internationale naturbeskyttelsesområder og beskyttelse af visse arter for så vidt angår anlæg og udvidelse af havne;;Transportministeriet;;Transportmin., \n Trafikstyrelsen, j.nr. TS6040201-00007;517;2021;DG000030;B20210051705;Lovtidende A;;Fremgår af forskriften;20210324;20210327;20210327;20210327;;FALSE;;;;;A20070055130,A20120045729;;;;https://www.retsinformation.dk/eli/lta/2021/517
B;Bekendtgørelse;Bekendtgørelse om krydsoverensstemmelse for kalenderåret 2021;;Ministeriet for Fødevarer, Landbrug og Fiskeri;;Ministeriet for Fødevarer, Landbrug og Fiskeri,\nLandbrugsstyrelsen,  j.nr. 20-1210-000006;1861;2020;DC000036;B20200186105;Lovtidende A;;Fremgår af forskriften;20201207;20201210;20201210;20201210;;FALSE;;;;;A20200011429,A20200011529;BEK nr 1283 af 14/06/2021,BEK nr 1721 af 25/08/2021;;;https://www.retsinformation.dk/eli/lta/2020/1861
C;Vejledning;Vejledning om betalingsrettigheder og national reserve 2021;;Ministeriet for Fødevarer, Landbrug og Fiskeri;Landbrugsstyrelsen;Ministeriet for Fødevarer, Landbrug og Fiskeri,\n Landbrugsstyrelsen, j. nr. 20-1320-000001;9774;2021;DC000341;C20210977460;Retsinformation;;Fremgår af forskriften;20210401;20211006;20211006;;;FALSE;;;;;;;;;https://www.retsinformation.dk/eli/retsinfo/2021/9774
C;Cirkulæreskrivelse;Cirkulæreskrivelse om strafansvar for juridiske personer (Til samtlige ministerier);;Justitsministeriet;;1996-730-0346;11272;1996;CM043336;C19961127210;Retsinformation;;Fremgår af forskriften;19960628;19970925;19970925;;;FALSE;(* 1) Bilagene er udeladt her.;;;;;;;;https://www.retsinformation.dk/eli/retsinfo/1996/11272
A;Tekstanmærkning;Tekstanmærkninger til finansloven for finansåret 2022;;Finansministeriet;;Finansmin.,\nØkonomistyrelsen, j.nr. 2022-364;9045;2022;AE002955;A20220904516;Retsinformation;;Fremgår af forskriften;20220114;20220115;20220115;;;FALSE;;;;;;;;;https://www.retsinformation.dk/eli/retsinfo/2022/9045
A;Lovbekendtgørelse;Bekendtgørelse af lov om skove;Skovloven;Miljøministeriet;Miljø- og Fødevareministeriet;Miljø- og Fødevaremin., j.nr. 2019-3751;315;2019;CK002024;A20190031529;Lovtidende A;;Fremgår af forskriften;20190328;20190330;20190330;20190330;;FALSE;;;;;;LOV nr 126 af 30/01/2021,LOV nr 1177 af 08/06/2021,LOV nr 900 af 21/06/2022;;;https://www.retsinformation.dk/eli/lta/2019/315
B;Ikrafttræd. bekendtgørelse;Bekendtgørelse om ikrafttræden af § 3 og § 8 i lov om aflivning af og midlertidigt forbud mod hold af mink;;Ministeriet for Fødevarer, Landbrug og Fiskeri;Fødevarestyrelsen;Ministeriet for Fødevare, Landbrug og Fiskeri,\nFødevarestyrelsen, j.nr. 2021-24-31-00219 ;44;2021;DC000099;B20210004405;Lovtidende A;;Fremgår af forskriften;20210115;20210119;20210119;20210119;;FALSE;;;;A20200218530;A20220001029;;;;https://www.retsinformation.dk/eli/lta/2021/44
C;Vejledning;Vejledning om præstegårdsbrug m.v.;;Kirkeministeriet;;Kirkemin., dokid.: 266097;41;2006;AJ000232;C20060004160;Ministerialtidende;;Fremgår af forskriften;20060516;20060517;20070625;20060517;;FALSE;;;;;A20200009529;;;;https://www.retsinformation.dk/eli/mt/2006/41
C;Vejledning;Vejledning om kontraktpligtige non-food afgrøder, opkøbere og forarbejdere, for høsten 1999;;Ministeriet for Fødevarer, Landbrug og Fiskeri;EU-Direktoratet;Fødevaremin.,\nEU-direktoratet, j.nr. 6122-23-98;9345;1998;AH000234;C19990934560;Retsinformation;;Fremgår af forskriften;19980701;19990421;20070102;;;FALSE;;;;;B19970065205,A20200011529;;;;https://www.retsinformation.dk/eli/retsinfo/1998/9345
C;Vejledning;Vejledning til lov om landbrugsejendomme;;Ministeriet for Fødevarer, Landbrug og Fiskeri;;Ministeriet for Fødevarer, Landbrug og Fiskeri,\nLandbrugsstyrelsen, j.nr. 22-640-000110;9702;2022;DC000629;C20220970260;Retsinformation;;Fremgår af forskriften;20220623;20220624;20220624;;;FALSE;;;;;B20130031605,B20140142605,B20170123605,A20200010329,A20200011629,B20220056105;;;;https://www.retsinformation.dk/eli/retsinfo/2022/9702
L;Bekendtgørelse (international);Bekendtgørelse af ILO-konvention nr. 155 af 22. juni 1981 om sikkerhed og sundhed på arbejdspladsen og arbejdsmiljø (* 1);;Udenrigsministeriet;Arbejdsministeriet;Udenrigsmin. StF.1. j.nr. 85.B.11.c.;3;1996;CM029251;L19960000364;Lovtidende C;;Fremgår af forskriften;19960201;19970924;20010726;19960214;;FALSE;(* 1) 'Andre landes senere tiltrædelse af konventionen fremgår af ILO's liste, der udgives årligt pr. 31. december. Oplysninger fra listen kan indhentes bl.a. fra Arbejdsministeriet eller Udenrigsministeriet, der begge vil kunne undersøge tiltrædelser i det løbende år.';;;;;;;;https://www.retsinformation.dk/eli/ltc/1996/3
C;Vejledning;Vejledning om udbetaling af tilskud vedrørende: Forarbejdning og afsætning Akvakultur Modernisering af fiskefartøjer Havnefaciliteter;;Ministeriet for Fødevarer, Landbrug og Fiskeri;;Ingen;13047;1997;CM046582;C19971304760;Retsinformation;;Fremgår af forskriften;19970115;19980315;20070102;;;FALSE;;;;;A20170003529;;;;https://www.retsinformation.dk/eli/retsinfo/1997/13047
L;Bekendtgørelse (international);Bekendtgørelse af overenskomst af 9. oktober 1965 med Sovjetunionen om udførelse af bjergningsarbejder i danske og sovjetiske farvande.;;Udenrigsministeriet;Industriministeriet og Udenrigsministeriet;Udenrigsmin. j.nr. 56.D.43.a.;111;1965;CM024457;L19650011164;Lovtidende C;;Fremgår af forskriften;19651111;19970924;20020821;19660309;;FALSE;;;;;;BKI nr 60 af 11/12/2000,BKI nr 1 af 06/01/1977;;;https://www.retsinformation.dk/eli/ltc/1965/111
C;Cirkulære (2 sp);Cirkulære for Grønland om undersøgelse ved indførsel af fiskevarer og levende muslinger m.m. med særlige restriktioner;;Ministeriet for Fødevarer, Landbrug og Fiskeri;Fødevarestyrelsen;Fødevarestyrelsen, j.nr. 2014-30-32-00009;9438;2014;AH005271;C20140943809;Retsinformation;;Fremgår af forskriften;20140626;20140628;20140628;;;FALSE;;;;;B20140038505;;;;https://www.retsinformation.dk/eli/retsinfo/2014/9438
B;Bekendtgørelse;Bekendtgørelse om oprettelse og drift af lokale aktionsgrupper under hav- og fiskeriudviklingsprogrammet og under landdistriktsprogrammet for perioden 2014-2020;Driftsbekendtgørelse for lag og flag;Indenrigs- og Boligministeriet;Erhvervsstyrelsen;Erhvervs- og Vækstmin.,\nErhvervsstyrelsen, j.nr. 2015-2314;1835;2015;BP001518;B20150183505;Lovtidende A;;Fremgår af forskriften;20151222;20151224;20210420;20151224;;FALSE;;;;;B20150181105,A20170001929,A20200014529,A20200011429;BEK nr 1415 af 21/11/2017,BEK nr 734 af 26/05/2020;;;https://www.retsinformation.dk/eli/lta/2015/1835
C;Vejledning;Vejledning til ansøgning om tilskud til innovative projekter vedrørende forarbejdning og afsætning af fisk, fiskerivarer og akvakulturprodukter;;Ministeriet for Fødevarer, Landbrug og Fiskeri;NaturErhvervstyrelsen;Fødevaremin.,\nNaturErhvervstyrelsen, j.nr. 14-000-000002;9041;2014;AH005133;C20140904160;Retsinformation;;Fremgår af forskriften;20140129;20140130;20140130;;;FALSE;;;;;A20170001929;;;;https://www.retsinformation.dk/eli/retsinfo/2014/9041
L;Bekendtgørelse (international);Bekendtgørelse af aftale af 17. marts 1992 om beskyttelse af små hvaler i Østersøen og Nordsøen;;Udenrigsministeriet;Miljøministeriet;Udenrigsmin. Miljø. j.nr. 46.B.66.c.;110;1994;CM008488;L19940011064;Lovtidende C;;Fremgår af forskriften;19941020;19970925;20000929;19941102;;FALSE;;;;;;BKI nr 27 af 30/09/2008;;;https://www.retsinformation.dk/eli/ltc/1994/110
L;Bekendtgørelse (international);Bekendtgørelse af overenskomst af 20. november 1974 med Den polske Folkerepublik om økonomisk, industrielt, videnskabeligt og teknisk samarbejde.;;Udenrigsministeriet;Udenrigsministeriet;Udenrigsmin. j.nr. 74.D.8.a/1.;76;1975;CM030618;L19750007664;Lovtidende C;;Fremgår af forskriften;19750711;19971001;20040812;19750815;;FALSE;;;;;;;;;https://www.retsinformation.dk/eli/ltc/1975/76
C;Cirkulære (1 sp);Cirkulære vedrørende Understøttelse, Sygehjælp og Ulykkesforsikring for de i Statsskovene beskæftigede Skovløbere og Skovarbejdere.;;Miljøministeriet;By- og Landskabsstyrelsen/Søfartsstyrelsen;Landbrugsministeriet;14000;1940;CM007939;C19401400009;Retsinformation;;Fremgår af forskriften;19400712;19970925;20051207;;;FALSE;;;;;A20170051029;;;;https://www.retsinformation.dk/eli/retsinfo/1940/14000
B;Bekendtgørelse;Bekendtgørelse om tilskud til vådområdeprojekter og lavbundsprojekter 2022;;Ministeriet for Fødevarer, Landbrug og Fiskeri;Landbrugsstyrelsen;Ministeriet for Fødevarer, Landbrug og Fiskeri, \nLandbrugsstyrelsen, jr.nr. 21-2712-000003;236;2022;DC000517;B20220023605;Lovtidende A;;Fremgår af forskriften;20220215;20220217;20220217;20220217;;FALSE;;;;;A20200011429;;;;https://www.retsinformation.dk/eli/lta/2022/236
B;Bekendtgørelse;Bekendtgørelse om tilskud til producentorganisationer mv. under markedsordningen for frugt og grønt;;Ministeriet for Fødevarer, Landbrug og Fiskeri;Landbrugsstyrelsen;Ministeriet for Fødevarer, Landbrug og Fiskeri,\nLandbrugsstyrelsen, j.nr. 21-2225-000003;1098;2021;DC000240;B20210109805;Lovtidende A;;Fremgår af forskriften;20210601;20210603;20210603;20210603;;FALSE;;;;;A20200011529;;;;https://www.retsinformation.dk/eli/lta/2021/1098
C;Vejledning;Vejledning til ansøgning om tilskud til projekter i fiskerihavne og på landingssteder;;Ministeriet for Fødevarer, Landbrug og Fiskeri;NaturErhvervstyrelsen;Fødevaremin.,\nNaturErhvervstyrelsen, j.nr. 14-8059-000002;9059;2014;AH005139;C20140905960;Retsinformation;;Fremgår af forskriften;20140205;20140206;20140206;;;FALSE;;;;;A20170001929;;;;https://www.retsinformation.dk/eli/retsinfo/2014/9059
C;Vejledning;Vejledning til ansøgere om tilskud til investeringer vedrørende forarbejdning og afsætning af fiskerivarer og akvakulturprodukter.;;Ministeriet for Fødevarer, Landbrug og Fiskeri;;Ingen;13110;1997;CM046584;C19971311060;Retsinformation;;Fremgår af forskriften;19970215;19980315;20180220;;;FALSE;Vejledningen er bortfaldet, idet bekendtgørelse nr. 1135 af 13. december 1996 er ophævet.;;;;A20170003529;;;;https://www.retsinformation.dk/eli/retsinfo/1997/13110
C;Vejledning;Administrationsinstruks for produktions- og promilleafgiftsfonde inden for landbrug og gartneri.;;Ministeriet for Fødevarer, Landbrug og Fiskeri;Strukturdirektoratet;Fødevaremin., j.nr. 93S-743-00097;14;1999;AH000179;C19990001460;Ministerialtidende;;Fremgår af forskriften;19990301;19990311;20070102;19990311;;FALSE;Administrationsinstruks for produktions- og promilleafgiftsfonde inden for landbrug og gartneri af 16. maj 1991 ophæves.;;;;A20200011529;;;;https://www.retsinformation.dk/eli/mt/1999/14
C;Vejledning;Vejledning om matrikulære afgifter og gebyrer m.v.;;Klima-, Energi- og Forsyningsministeriet;Kort- og Matrikelstyrelsen;Miljømin.,\nKort- og Matrikelstyrelsen, j.nr. 112-014/2002;133;2002;AL000880;C20020013360;Ministerialtidende;;Fremgår af forskriften;20021204;20021206;20041229;20021206;;FALSE;;;;;A20130120929,A20180076929;;;;https://www.retsinformation.dk/eli/mt/2002/133
B;Ikrafttræd. bekendtgørelse;Bekendtgørelse om ikrafttræden af Fiskeriloven;;Ministeriet for Fødevarer, Landbrug og Fiskeri;;Fødevaremin., j.nr.: 1999-1180-34;864;1999;AH000451;B19990086405;Lovtidende A;;Fremgår af forskriften;19991202;19991203;20180206;19991203;;FALSE;;;;A19990028130;A19960048230,A20190026129;BEK nr 769 af 09/07/2004;;;https://www.retsinformation.dk/eli/lta/1999/864
C;Vejledning;Vejledning om forhåndsgodkendelse af indretning af fødevarevirksomheder;Forhåndsgodkendelsesvejledningen;Ministeriet for Fødevarer, Landbrug og Fiskeri;Fødevarestyrelsen;Miljø- og Fødevaremin.\nFødevarestyrelsen, j.nr. 2015-28-33-00079;9686;2016;CK000880;C20160968660;Retsinformation;;Fremgår af forskriften;20160630;20160701;20160701;;;FALSE;;;;;B20160053605;;;;https://www.retsinformation.dk/eli/retsinfo/2016/9686
A;Lovbekendtgørelse;Bekendtgørelse af lov om apoteksvirksomhed;Apotekerloven;Sundhedsministeriet;;Sundheds- og Ældremin., j.nr. 1803454;801;2018;CN000719;A20180080129;Lovtidende A;;Fremgår af forskriften;20180612;20180621;20180629;20180621;;FALSE;;;;;;LOV nr 1555 af 18/12/2018,LOV nr 1554 af 18/12/2018,LOV nr 2070 af 21/12/2020,LOV nr 2393 af 14/12/2021,LOV nr 908 af 21/06/2022;;;https://www.retsinformation.dk/eli/lta/2018/801
L;Bekendtgørelse (international);Bekendtgørelse af Locarno-arrangement af 8. oktober 1968 vedrørende oprettelse af en international klassifikation af industrielle mønstre og modeller. (* 2);;Udenrigsministeriet;Industriministeriet;Udenrigsmin. j.nr.67.B.33.c;71;1971;CM026114;L19710007164;Lovtidende C;;Fremgår af forskriften;19710809;19970924;20010403;19710928;;FALSE;T BEK nr 137 af 10/10/1996,T BEK nr 106 af 20/10/1994,T BEK nr 99 af 14/10/1993,(* 2) Andre landes tiltrædelse: BEK nr. 22 af 06/02/1992,BEK nr 144 af 04/12/1997,BEK nr 137 af 10/10/1996,BEK nr 106 af 20/10/1994,BEK nr 99 af 14/10/1993,BEK nr. 22 af 06/02/1992,(* 2) Andre landes tiltrædelse:;;;;;;;L19990003664;https://www.retsinformation.dk/eli/ltc/1971/71
C;Vejledning;Vejledning om fravigelsesprocessen ved vurdering af kystbeskyttelsesprojekters påvirkninger af Natura 2000-områder og bilag IV-arter;;Miljøministeriet;Kystdirektoratet;Miljømin., Kystdirektoratet, j.nr. 21/14993;10023;2021;DD000145;C20211002360;Retsinformation;;Fremgår af forskriften;20211208;20211214;20211214;;;FALSE;;;;;B20200065405;;;;https://www.retsinformation.dk/eli/retsinfo/2021/10023
C;Vejledning;Vejledning om landzoneadministration Planlovens §§ 34-38;Landzonevejledningen;Indenrigs- og Boligministeriet;Erhvervsstyrelsen;Erhvervsmin.,\nErhvervsstyrelsen, j.nr. 2018-1177;10076;2019;CQ000964;C20191007660;Retsinformation;;Fremgår af forskriften;20180605;20191128;20191128;;;FALSE;;;;;A20200115729;;;;https://www.retsinformation.dk/eli/retsinfo/2019/10076
C;Vejledning;Erhvervsudviklingsordningen ) Vejledning om tilskud til projekter om videnoverførsel 2016;;Ministeriet for Fødevarer, Landbrug og Fiskeri;NaturErhvervstyrelsen;Miljø- og Fødevaremin.,\nNaturErhvervstyrelsen, j.nr. 16-8624-000007 ;10138;2016;CK000996;C20161013860;Retsinformation;;Fremgår af forskriften;20161111;20161112;20161112;;;FALSE;;;;;B20160100605;;;;https://www.retsinformation.dk/eli/retsinfo/2016/10138
B;Ikrafttræd. bekendtgørelse;Bekendtgørelse om ikrafttræden af økologilov;;Ministeriet for Fødevarer, Landbrug og Fiskeri;Fødevareministeriet;Fødevaremin,\nPlantedirektoratet, j.nr. 08-6021-000002;1103;2008;AH003089;B20080110305;Lovtidende A;;Fremgår af forskriften;20081117;20081125;20081125;20081125;;FALSE;;;;A20080046330;A20220120329;;;;https://www.retsinformation.dk/eli/lta/2008/1103
C;Vejledning;Vejledning i ansøgning om tilladelse til at foretage udforskning af naturforekomster på søterritoriet og på kontinentalsoklen;;Klima-, Energi- og Forsyningsministeriet;;Handelsmin. j.nr. 2.afd. 822-1-79;18;1979;CM008300;C19790001860;Ministerialtidende;;Fremgår af forskriften;19790131;19970925;20070709;19790321;;FALSE;;;;;A20170012429,A20180118929,A20220010029;;;;https://www.retsinformation.dk/eli/mt/1979/18
B;Ikrafttræd. bekendtgørelse;Bekendtgørelse om ikrafttræden af lov om gødning og jordforbedringsmidler m.v.;;Ministeriet for Fødevarer, Landbrug og Fiskeri;Plantedirektoratet;Fødevaremin., j.nr. 13147;854;2008;AH003024;B20080085405;Lovtidende A;;Fremgår af forskriften;20080827;20080829;20080829;20080829;;FALSE;;;;A20070031830;A20170001629;;;;https://www.retsinformation.dk/eli/lta/2008/854
C;Cirkulære (1 sp);Rigsadvokatmeddelelsen, afsnittet: Dyrevelfærd;;Justitsministeriet;Rigsadvokaten;CMS VB 8598;9750;2021;AA012648;C20210975009;Retsinformation;;Fremgår af forskriften;20210702;20211002;20211002;;;FALSE;;;;;;;;;https://www.retsinformation.dk/eli/retsinfo/2021/9750
B;Bekendtgørelse;Bekendtgørelse om tilskud til investeringer på økologiske bedrifter;;Ministeriet for Fødevarer, Landbrug og Fiskeri;Ministeriet for Fødevarer, Landbrug og Fiskeri;Ministeriet for Fødevarer, Landbug og Fiskeri,\nLandbrugsstyrelsen, j.nr. 21-23333-000009;1226;2021;DC000257;B20210122605;Lovtidende A;;Fremgår af forskriften;20210609;20210611;20210611;20210611;;FALSE;;;;;A20200011429;;;;https://www.retsinformation.dk/eli/lta/2021/1226
L;Bekendtgørelse (international);Bekendtgørelse af ILO-konventionen af 1976 om minimumsnormer i handelsskibe (* 2);;Udenrigsministeriet;Industriministeriet;Udenrigsmin. j. nr. 85.B.110.;96;1982;CM026140;L19820009664;Lovtidende C;;Fremgår af forskriften;19820923;19970924;20040819;19821123;;FALSE;(* 2) 'Andre landes senere tiltrædelse af konventionen fremgår af ILO's liste, der udgives årligt pr. 31. december. Oplysninger fra listen kan indhentes bl.a. fra Arbejdsministeriet eller Udenrigsministeriet, der begge vil kunne undersøge tiltrædelser i det løbende år.';;;;;BKI nr 23 af 05/08/2004,BKI nr 16 af 09/09/2013;;;https://www.retsinformation.dk/eli/ltc/1982/96
C;Vejledning;Vejledning om godkendelse af rådgivere og alternative udbydere af hygiejneuddannelsen på certifikatniveau   gældende for sager om påbudt rådgivning og uddannelse;;Ministeriet for Fødevarer, Landbrug og Fiskeri;;Fødevaremin.,\nFødevarestyrelsen j.nr.: 2008-20-23-02376;9044;2008;AH002803;C20080904460;Retsinformation;;Fremgår af forskriften;20080229;20080301;20080301;;;FALSE;;;;;B20080012205,B20140113905,B20150142505;;;;https://www.retsinformation.dk/eli/retsinfo/2008/9044
L;Bekendtgørelse (international);Bekendtgørelse af ILO-konvention af 1966 om opholdsrum i fiskefartøjer (* 1);;Udenrigsministeriet;Industriministeriet;Udenrigsmin. j.nr. 85.B.82.c.;88;1979;CM026130;L19790008864;Lovtidende C;;Fremgår af forskriften;19790717;19970924;20010726;19791010;;FALSE;(* 1) 'Andre landes senere tiltrædelse af konventionen fremgår af ILO's liste, der udgives årligt pr. 31. december. Oplysninger fra listen kan indhentes bl.a. fra Arbejdsministeriet eller Udenrigsministeriet, der begge vil kunne undersøge tiltrædelser i det løbende år.';;;;;;;;https://www.retsinformation.dk/eli/ltc/1979/88
C;Cirkulære (1 sp);Vejledning om indholdet i kurser i økologisk jordbrugsproduktion i forbindelse med opnåelse af forhøjet yj-tilskud;;Ministeriet for Fødevarer, Landbrug og Fiskeri;;Ingen;13304;1996;CM042370;C19961330409;Retsinformation;;Fremgår af forskriften;19960412;19970925;20060713;;;FALSE;;;;;A20140114429;;;;https://www.retsinformation.dk/eli/retsinfo/1996/13304
B;Ikrafttræd. bekendtgørelse;Bekendtgørelse om ikrafttræden af lov om ændring af lov om landbrugsejendomme;;Ministeriet for Fødevarer, Landbrug og Fiskeri;;Fødevaremin.,\nDirektoratet for FødevareErhverv, j. nr. 3101-X-06-3292;1139;2006;AH002429;B20060113905;Lovtidende A;;Fremgår af forskriften;20061123;20061124;20070129;20061124;;FALSE;;;;A20060053330;A20200011629;;;;https://www.retsinformation.dk/eli/lta/2006/1139
A;Lovbekendtgørelse;Bekendtgørelse af lov om søfarendes ansættelsesforhold m.v.;;Erhvervsministeriet;Søfartsstyrelsen;Erhvervsmin.,\nSøfartsstyrelsen, j.nr. 2018038808;1662;2018;CQ000615;A20180166229;Lovtidende A;;Fremgår af forskriften;20181217;20181222;20181222;20181222;;FALSE;;;;;;LOV nr 251 af 30/03/2011;;;https://www.retsinformation.dk/eli/lta/2018/1662
B;Ikrafttræd. bekendtgørelse;Bekendtgørelse om ikrafttræden af dele af lov om hold af dyr;;Ministeriet for Fødevarer, Landbrug og Fiskeri;Ministeriet for Fødevarer, Landbrug og Fiskeri;Fødevaremin. Sagsnr.: 5885;1107;2005;AH002199;B20050110705;Lovtidende A;;Fremgår af forskriften;20051121;20051124;20061005;20051124;;FALSE;;;;A20040043230;A20220000929;;;;https://www.retsinformation.dk/eli/lta/2005/1107
B;Ikrafttræd. bekendtgørelse;Bekendtgørelse om ikrafttræden af dele af lov om ændring af lov om støtte til udvikling af landdistrikterne (landdistriktsstøtteloven);;Ministeriet for Fødevarer, Landbrug og Fiskeri;;Fødevaremin., j.nr. 2053;1179;2005;AH002216;B20050117905;Lovtidende A;;Fremgår af forskriften;20051207;20051214;20061109;20051214;;FALSE;Lovtidende A 2005, hæfte 181, er omtrykt den 14. december 2005 på grund af en håndteringsfejl, der alene havde betydning for den trykte udgave af bekendtgørelsen. ;;;A20050040530;A20050040530;;;;https://www.retsinformation.dk/eli/lta/2005/1179
B;Ikrafttræd. bekendtgørelse;Bekendtgørelse om ikrafttræden af dele af lov om dyrkning m.v. af genetisk modificerede afgrøder;;Ministeriet for Fødevarer, Landbrug og Fiskeri;;Fødevaremin., j.nr. 2005-4321;1178;2005;AH002101;B20050117805;Lovtidende A;;Fremgår af forskriften;20051207;20051210;20070731;20051210;;FALSE;;;;A20040043630;A20170002829;;;;https://www.retsinformation.dk/eli/lta/2005/1178
C;Vejledning;Vejledning om slagtepræmie 2021;;Ministeriet for Fødevarer, Landbrug og Fiskeri;Landbrugsstyrelsen;Ministeriet for Fødevarer, Landbrug og Fiskeri,\n Landbrugsstyrelsen j. nr. 20-1320-000001;9760;2021;DC000337;C20210976060;Retsinformation;;Fremgår af forskriften;20211001;20211006;20211006;;;FALSE;;;;;;;;;https://www.retsinformation.dk/eli/retsinfo/2021/9760
B;Ikrafttræd. bekendtgørelse;Bekendtgørelse om ikrafttræden af dele af lov om dyrkning m.v. af genetisk modificerede afgrøder;;Ministeriet for Fødevarer, Landbrug og Fiskeri;;Føedevaremin., j.nr. 2005-4321;224;2005;AH002098;B20050022405;Lovtidende A;;Fremgår af forskriften;20050331;20050402;20070731;20050402;;FALSE;;;;A20040043630;A20170002829;;;;https://www.retsinformation.dk/eli/lta/2005/224
A;Lov;Lov om Omsætning til det metriske System af Maal- og Vægtangivelser efter de hidtil gældende Systemer i bestaande Love m.m.*);;Erhvervsministeriet;Erhvervsfremme Styrelsen;Ingen;153;1912;CM025386;A19120015330;Lovtidende A;;Fremgår af forskriften;19120608;19970924;20011130;19120624;;FALSE;;;;;;;;;https://www.retsinformation.dk/eli/lta/1912/153
L;Bekendtgørelse (international);Bekendtgørelse af ILO-konvention af 1969 om læge- og hospitalsbehandling samt dagpenge under sygdom (* 1) (* 2);;Udenrigsministeriet;Socialministeriet;Udenrigsmin. j.nr. 85.B.86.c.;85;1979;CM013356;L19790008564;Lovtidende C;;Fremgår af forskriften;19790705;19971001;20010726;19791019;;FALSE;(* 2) 'Andre landes senere tiltrædelse af konventionen fremgår af ILO's liste, der udgives årligt pr. 31. december. Oplysninger fra listen kan indhentes bl.a. fra Arbejdsministeriet eller Udenrigsministeriet, der begge vil kunne undersøge tiltrædelser i det løbende år.',(* 1) Andre landes tiltrædelse og eventuelle forbehold: BEK nr. 43 af 20/04/1983;;;;;;;;https://www.retsinformation.dk/eli/ltc/1979/85
C;Cirkulæreskrivelse;Cirkulæreskrivelse om samarbejdet mellem toldmyndighederne og produktsikkerhedsmyndighederne i henhold til Rådets forordning om kontrol med, at produkter indført fra tredjelande overholder produktsikkerhedsreglerne.;Toldcirkulæret;Erhvervsministeriet;Sikkerhedsstyrelsen;Økonomi- og Erhevrvsmin., Sikkerhedsstyrelsen, j.nr. 644-31-00001;9553;2007;AU002943;C20070955310;Retsinformation;;Fremgår af forskriften;20070712;20070713;20070713;;;FALSE;;;;;;;;;https://www.retsinformation.dk/eli/retsinfo/2007/9553
B;Ikrafttræd. bekendtgørelse;Bekendtgørelse om delvis ikrafttræden af lov om ændring af lov om sygdomme og infektioner hos dyr m.m.;;Ministeriet for Fødevarer, Landbrug og Fiskeri;Ministeriet for Fødevarer, Landbrug og Fiskeri;Fødevaremin., 6. kontor, j.nr. 2003-4131-0037;993;2003;AH001673;B20030099305;Lovtidende A;;Fremgår af forskriften;20031205;20031210;20061005;20031210;;FALSE;;;;A20020096630;A20020096630;;;;https://www.retsinformation.dk/eli/lta/2003/993
B;Bekendtgørelse;Bekendtgørelse om kvalifikationskrav til søfarende og fiskere og om sønærings- og kvalifikationsbeviser;;Erhvervsministeriet;Søfartsstyrelsen;Erhvervs- og Vækstmin.,\nSøfartsstyrelsen, j.nr. 2014024171;1145;2015;BP001403;B20150114505;Lovtidende A;;Fremgår af forskriften;20150929;20150930;20150930;20150930;;FALSE;;;;;A20140007429;BEK nr 1600 af 14/12/2016,BEK nr 1307 af 04/12/2019,BEK nr 942 af 17/06/2020;;;https://www.retsinformation.dk/eli/lta/2015/1145
B;Ikrafttræd. bekendtgørelse;Bekendtgørelse om delvis ikrafttræden af lov om dyrlæger og om delvis ophævelse af lov om dyrlægegerning m.v.;;Ministeriet for Fødevarer, Landbrug og Fiskeri;;Fødevaremin., j. nr. 2003-4121-0008;618;2004;AH001825;B20040061805;Lovtidende A;;Fremgår af forskriften;20040622;20040624;20080723;20040624;;FALSE;;;;A20040043330;A20200152329;LOV nr 433 af 09/06/2004;;;https://www.retsinformation.dk/eli/lta/2004/618
B;Ikrafttræd. bekendtgørelse;Bekendtgørelse om ophævelse af lov om udførsel og indførsel af levende dyr m.v., lov om husdyravl, lov om opdræt af visse dyrearter og lov for Grønland om udførsel og indførsel af levende dyr og animalske produkter;;Ministeriet for Fødevarer, Landbrug og Fiskeri;;Fødevaremin., j. nr. 2003-4121-0007;629;2004;AH001883;B20040062905;Lovtidende A;;Fremgår af forskriften;20040622;20040702;20070418;20040702;;FALSE;;;;;A20220000929;;;;https://www.retsinformation.dk/eli/lta/2004/629
B;Ikrafttræd. bekendtgørelse;Bekendtgørelse om delvis ikrafttræden af lov om ændring af lov om sygdomme og infektioner hos dyr m.m.;;Ministeriet for Fødevarer, Landbrug og Fiskeri;;Fødevaremin., 6. kontor, j.nr. 2002-4241-0006;30;2003;AH001414;B20030003005;Lovtidende A;;Fremgår af forskriften;20030114;20030118;20061005;20030118;;FALSE;;;;A20020096630;A20220000929;;;;https://www.retsinformation.dk/eli/lta/2003/30
C;Cirkulæreskrivelse;Cirkulæreskrivelse nr. 16 om redegørelsen for regionplanens forudsætninger med hensyn til den fremtidige udvikling i befolkning, beskæftigelse og byggeri i henhold til § 8 i lov om lands- og regionplanlægning og § 2, stk. 5, i lov om    regionplanlægning i hovedstadsområdet.;;Indenrigs- og Boligministeriet;;P 300-6;50952;1979;CM007998;C19795095210;Retsinformation;;Fremgår af forskriften;19790629;19970925;20070717;;;FALSE;;;;;A19820073629,A20200115729;;;;https://www.retsinformation.dk/eli/retsinfo/1979/50952
C;Cirkulære (1 sp);Målingscirkulære. Til personer m.fl. der af statens skibstilsyn er bemyndiget til at udføre måling af og udstede målebrev for lystfartøjer (* 2);;Erhvervsministeriet;Søfartsstyrelsen;Ingen;60281;1985;CM024742;C19856028109;Retsinformation;;Fremgår af forskriften;19850319;19970924;20040211;;;FALSE;(* 2) Målingscirkulære nr. 3. Vedrører lystfartøjer under 24 m i længde.;;;;A20030117330;;;;https://www.retsinformation.dk/eli/retsinfo/1985/60281
C;Vejledning;Erhvervsudviklingsordningen ) Vejledning om tilskud til udviklingsprojekter 2016;;Ministeriet for Fødevarer, Landbrug og Fiskeri;NaturErhvervstyrelsen;Miljø- og Fødevaremin.,\nNaturErhvervstyrelsen, j.nr. 16-8624-000007 ;10139;2016;CK000997;C20161013960;Retsinformation;;Fremgår af forskriften;20161111;20161112;20161112;;;FALSE;;;;;B20160100605;;;;https://www.retsinformation.dk/eli/retsinfo/2016/10139
B;Ikrafttræd. bekendtgørelse;Bekendtgørelse om ikrafttræden af lov om ændring af fiskeriloven og ophævelse af lov om ferskvandsfiskeri;;Ministeriet for Fødevarer, Landbrug og Fiskeri;Fødevareministeriet;Fødevaremin., j. nr. 1998-1180-0034;542;2002;AH001209;B20020054205;Lovtidende A;;Fremgår af forskriften;20020702;20020704;20070102;20020704;;FALSE;;;;A20020036930;A20020036930,A20190026129;;;;https://www.retsinformation.dk/eli/lta/2002/542
B;Ikrafttræd. bekendtgørelse;Bekendtgørelse om ikrafttræden af dele af lov om støtte til udvikling af landdistrikterne (landdistriktsstøtteloven);;Ministeriet for Fødevarer, Landbrug og Fiskeri;Ministeriet for Fødevarer, Landbrug og Fiskeri;Fødevaremin., 2. afd., 2. kt., j.nr. 2001-2120/s0-0018;987;2001;AH001048;B20010098705;Lovtidende A;;Fremgår af forskriften;20011203;20011204;20061109;20011204;;FALSE;;;;A20000033830;A20170003429;;;;https://www.retsinformation.dk/eli/lta/2001/987
B;Ikrafttræd. bekendtgørelse;Bekendtgørelse om ikrafttræden af lov om ændring af lov om administration af Det Europæiske Fællesskabs forordninger om markedsordninger for landbrugsvarer m.v.;;Ministeriet for Fødevarer, Landbrug og Fiskeri;Departementet;Fødevaremin., j.nr. 2000-0840/F1-0006;963;2001;AH001040;B20010096305;Lovtidende A;;Fremgår af forskriften;20011106;20011107;20040617;20011107;;FALSE;;;;A20010033430;A20010033430;;;;https://www.retsinformation.dk/eli/lta/2001/963
B;Ikrafttræd. bekendtgørelse;Bekendtgørelse om ikrafttræden af dele af lov om støtte til udvikling af landdistrikterne;;Ministeriet for Fødevarer, Landbrug og Fiskeri;;Fødevaremin., 2. afd., 2. kt., j.nr. 1999-2120/s0-0005;940;2001;AH001007;B20010094005;Lovtidende A;;Fremgår af forskriften;20011031;20011102;20061109;20011102;;FALSE;;;;A20000033830;A20170003429;;;;https://www.retsinformation.dk/eli/lta/2001/940
B;Ikrafttræd. bekendtgørelse;Bekendtgørelse om ikrafttræden af lov om ændring af lov om Kongeriget Danmarks Fiskeribank;;Ministeriet for Fødevarer, Landbrug og Fiskeri;;Fødevaremin., j.nr. 2000-216-31;14;2001;AH000778;B20010001405;Lovtidende A;;Fremgår af forskriften;20010117;20010119;20010220;20010119;;FALSE;;;;A20000042230;A20170003229;;;;https://www.retsinformation.dk/eli/lta/2001/14
B;Ikrafttræd. bekendtgørelse;Bekendtgørelse om ikrafttræden af dele af lov om støtte til udvikling af landdistrikterne;;Ministeriet for Fødevarer, Landbrug og Fiskeri;Departementet;Fødevaremin., 2. afd., 2. kt., j.nr. 2001-2120/s0-0016;840;2001;AH001002;B20010084005;Lovtidende A;;Fremgår af forskriften;20010921;20010925;20061109;20010925;;FALSE;;;;A20000033830;A20170003429;;;;https://www.retsinformation.dk/eli/lta/2001/840
B;Ikrafttræd. bekendtgørelse;Bekendtgørelse om ikrafttræden af dele af lov om ændring af lov om strukturforanstaltninger vedrørende fiskerisektoren;;Ministeriet for Fødevarer, Landbrug og Fiskeri;;Fødevaremin., j.nr. 2000-216-29;1063;2000;AH000776;B20000106305;Lovtidende A;;Fremgår af forskriften;20001205;20001208;20070102;20001208;;FALSE;;;;A20000042030;A20170003529;;;;https://www.retsinformation.dk/eli/lta/2000/1063
L;Bekendtgørelse (international);Bekendtgørelse af Overenskomst af 23. september 1996 mellem de nordiske lande til undgåelse af dobbeltbeskatning for så vidt angår indkomst- og formueskatter;;Skatteministeriet;;Skattemin., j.nr. 10.95-611-73;92;1997;CM044935;L19970009264;Lovtidende C;;Fremgår af forskriften;19970625;19970925;19990420;19970710;;FALSE;;;;;;BKI nr 4 af 14/01/2009,BKI nr 3 af 31/03/2020;;;https://www.retsinformation.dk/eli/ltc/1997/92
C;Vejledning;Vandløbsrestaurering. Vejledning om tilskud til kommunale projekter vedrørende vandløbsrestaurering   1. ansøgningsrunde 2016;;Ministeriet for Fødevarer, Landbrug og Fiskeri;NaturErhvervstyrelsen;Miljø- og Fødevaremin.,\nNaturerhvervstyrelsen, j.nr. 16-8150-000009 ;9163;2016;CK000584;C20160916360;Retsinformation;;Fremgår af forskriften;20160309;20160310;20160310;;;FALSE;;;;;B20150166505;;;;https://www.retsinformation.dk/eli/retsinfo/2016/9163
B;Ikrafttræd. bekendtgørelse;Bekendtgørelse om ikrafttræden af dele af lov om støtte til udvikling af landdistrikterne (landdistriktsstøtteloven);;Ministeriet for Fødevarer, Landbrug og Fiskeri;;Fødevaremin., 2.afd., 2.kt., j.nr. 2000-2120/s0-0009;593;2000;AH000655;B20000059305;Lovtidende A;;Fremgår af forskriften;20000626;20000627;20061109;20000627;;FALSE;;;;A20000033830;A20170003429;;;;https://www.retsinformation.dk/eli/lta/2000/593
C;Vejledning;Vejledning om kontraktpligtige non-food afgrøder, producenter, for høsten 1999;;Ministeriet for Fødevarer, Landbrug og Fiskeri;EU-Direktoratet;Fødevaremin.,\nEU-direktoratet, j.nr. 6122-23-98;9357;1998;AH000243;C19990935760;Retsinformation;;Fremgår af forskriften;19980701;19990422;20070102;;;FALSE;;;;;A20200011529;;;;https://www.retsinformation.dk/eli/retsinfo/1998/9357
B;Ikrafttræd. bekendtgørelse;Bekendtgørelse om ikrafttræden af dele af lov om støtte til udvikling af landdistrikterne;;Ministeriet for Fødevarer, Landbrug og Fiskeri;;Fødevaremin., 2.afd., 2. kt., j.nr. 2000-2120/s0-0011;965;2000;AH000738;B20000096505;Lovtidende A;;Fremgår af forskriften;20001027;20001031;20061109;20001031;;FALSE;;;;A20000033830;A20170003429;;;;https://www.retsinformation.dk/eli/lta/2000/965
C;Skrivelse;Skrivelse om Fartøjskvoteandele   FKA   oprydningsrunde   bytte   årlige fangstmængder;;Skatteministeriet;SKAT;Skattemin.,\nSKAT, j.nr. 08-080217;9361;2008;AN009214;C20080936154;Retsinformation;;Fremgår af forskriften;20080613;20080717;20080717;;;FALSE;;;;;A20210024229,A20210173529;;;;https://www.retsinformation.dk/eli/retsinfo/2008/9361
B;Ikrafttræd. bekendtgørelse;Bekendtgørelse om ikrafttræden af lov om ændring af lov om administration af Det Europæiske Fællesskabs forordninger om markedsordninger for landbrugsvarer m.v.;;Ministeriet for Fødevarer, Landbrug og Fiskeri;;Fødevaremin., j.nr. 1997-311-0001;506;1999;AH000293;B19990050605;Lovtidende A;;Fremgår af forskriften;19990623;19990625;20001108;19990625;;FALSE;;;;A19990034930;A19990034930;;;;https://www.retsinformation.dk/eli/lta/1999/506
C;Cirkulære (1 sp);Cirkulære om aftale mellem Finansministeriet og Statstjenestemændenes Centralorganisation II om individuel omklassificering af tjenestemandsstillinger m.v., pr. 1. april 1988 (* 1);;Skatteministeriet;Administrations- og Personaledepartementet, 4 kontor;4.kt. 1988-4115/720-001-16;6386;1988;CM015412;C19880638609;Retsinformation;;Fremgår af forskriften;19880520;19970925;20040624;;;FALSE;(* 1) Udsendt som tillæg LP.nr. 55/88;;;;A20170051129;;;;https://www.retsinformation.dk/eli/retsinfo/1988/6386
B;Ikrafttræd. bekendtgørelse;Bekendtgørelse om ikrafttræden af dele af lov om fødevarer m.v. (fødevareloven);;Ministeriet for Fødevarer, Landbrug og Fiskeri;Fødevareministeriet;Fødevaremin., 1. afd., 2. kt., j.nr. 1997-4123-0002;445;1999;AH000286;B19990044505;Lovtidende A;;Fremgår af forskriften;19990609;19990615;20061211;19990615;;FALSE;;;;A19980047130;A20220000829;;;;https://www.retsinformation.dk/eli/lta/1999/445
C;Vejledning;Vejledning om påbud om rådgivning og uddannelse;;Ministeriet for Fødevarer, Landbrug og Fiskeri;;Fødevaremin.,\nFødevarestyrelsen j.nr.: 2008-20-23-023;9043;2008;AH002809;C20080904360;Retsinformation;;Fremgår af forskriften;20080229;20080301;20080301;;;FALSE;;;;;B20080012205;;;;https://www.retsinformation.dk/eli/retsinfo/2008/9043
L;Bekendtgørelse (international);Bekendtgørelse af ILO-konvention nr. 169 af 28. juni 1989 vedrørende oprindelige folk og stammefolk i selvstændige stater;;Udenrigsministeriet;;Udenrigsmin., JT.1. j.nr. 85.B.125.;97;1997;CM045613;L19970009764;Lovtidende C;;Fremgår af forskriften;19971009;19980316;20010726;19971022;;FALSE;;;;;;;;;https://www.retsinformation.dk/eli/ltc/1997/97
L;Bekendtgørelse (international);Bekendtgørelse om Den europæiske Bosættelseskonvention med tilhørende protokol (* 1);;Udenrigsministeriet;Udenrigsministeriet;5. E. 34. f/11.c.;22;1961;CM029727;L19610002264;Lovtidende C;;Fremgår af forskriften;19610527;19971001;19990127;19610822;;FALSE;U BEK nr 72 af 08/08/1996,U BEK nr 114 af 01/12/1981,U BEK nr 27 af 14/03/1972,U BEK nr 57 af 15/08/1967,(* 1) Andre landes tiltrædelse:;;;;;;;;https://www.retsinformation.dk/eli/ltc/1961/22
C;Vejledning;Vejledning om tilskud til 20-årig fastholdelse af vådområder, naturlige vandstandsforhold og lavbundsområder 2021;;Ministeriet for Fødevarer, Landbrug og Fiskeri;;Landbrugsstyrelsen, j. nr. 20-13233-000009;9980;2021;DC000407;C20210998060;Retsinformation;;Fremgår af forskriften;20211130;20211201;20211201;;;FALSE;;;;;;;;;https://www.retsinformation.dk/eli/retsinfo/2021/9980
C;Vejledning;Vejledning fra By- og Landskabsstyrelsen Dumpning af optaget havbundsmateriale   klapning;;Miljøministeriet;Miljøcentre;Miljømin., By- og Landskabsstyrelsen, j. nr. BLS-400-00016;9702;2008;AL001885;C20080970260;Retsinformation;;Fremgår af forskriften;20081020;20081023;20081122;;;FALSE;;;;;A20190116529;;;;https://www.retsinformation.dk/eli/retsinfo/2008/9702
B;Ændringsbekendtgørelse;Bekendtgørelse om ændring af bekendtgørelse om bevaring og kassation af digitalt skabte data og dokumenter fra kommunerne;;Kulturministeriet;;Kulturmin.,\nRigsarkivet, j.nr. 18/00595;1469;2020;AK001593;B20200146905;Lovtidende A;;Fremgår af forskriften;20200928;20201013;20201013;20201013;;FALSE;;;;;;;;;https://www.retsinformation.dk/eli/lta/2020/1469
C;Skrivelse;Skrivelse om indberetning af de minimis-støtte inden for landbrugs- og fiskerisektoren, jf.  bekendtgørelse om tilskud til virksomheder, der indgår uddannelsesaftale med voksne (bek. nr. 250 af 15. april 2008)\n(Til jobcentre, kommuner, drifts- og beskæftigelsesregioner);;Beskæftigelsesministeriet;Arbejdsmarkedsstyrelsen (AMS);Beskæftigelsesmin., Arbejdsmarkedsstyrelsen, j.nr. 2008-0002787;9705;2008;BE003066;C20080970554;Retsinformation;;Fremgår af forskriften;20081009;20081028;20100506;;;FALSE;;;;;A20100043130;;;;https://www.retsinformation.dk/eli/retsinfo/2008/9705
A;Lovbekendtgørelse;Bekendtgørelse af lov om afgift af stenkul, brunkul og koks m.v.;Kulafgiftsloven;Skatteministeriet;Skatteforvaltningen;Skattemin., j.nr. 2018-7372;1099;2020;AN014232;A20200109929;Lovtidende A;;Fremgår af forskriften;20200701;20200702;20200702;20200702;;FALSE;;;;;;LOV nr 1728 af 27/12/2018,LOV nr 138 af 25/02/2020,LOV nr 2225 af 29/12/2020,LOV nr 1240 af 11/06/2021,LOV nr 2606 af 28/12/2021,LOV nr 832 af 14/06/2022;;;https://www.retsinformation.dk/eli/lta/2020/1099
C;Vejledning;Vejledning om opbevaring m.m. af døde produktionsdyr;;Ministeriet for Fødevarer, Landbrug og Fiskeri;Fødevarestyrelsen;2009-20-713-00003;9196;2011;AH004275;C20110919660;Retsinformation;;Fremgår af forskriften;20110606;20110607;20110607;;;FALSE;;;;;B20110055805;;;;https://www.retsinformation.dk/eli/retsinfo/2011/9196
C;Cirkulære (1 sp);Cirkulære om arealudlæg til placering af specialdepoter for flyveaske og afsvovlingsprodukter fra kraftværker (Til samtlige amtsråd og Hovedstadsrådet);;Erhvervsministeriet;Planstyrelsen;Miljømin. Dep. 5.kt. j.nr. D.84-3100-2;145;1988;CM007900;C19880014509;Ministerialtidende;;Fremgår af forskriften;19881110;19970925;20220517;19890117;;FALSE;;;;;A19840025130,A20220010029;;;;https://www.retsinformation.dk/eli/mt/1988/145
C;Skrivelse;Skattemæssig behandling af tonnage og motorkraft;;Skatteministeriet;SKAT;Skattemin.,\nSKAT, j.nr. 06-114536;9811;2006;AN005565;C20060981154;Retsinformation;;Fremgår af forskriften;20061005;20061005;20061005;;;FALSE;;;;;A20210024229;;;;https://www.retsinformation.dk/eli/retsinfo/2006/9811
A;Ændringslov;Lov om ændring af forskellige lovbestemmelser om obligatorisk digital kommunikation m.v.\n(Obligatorisk digital kommunikation og tilpasninger som følge af ressortoverførsel m.v.);;Klima-, Energi- og Forsyningsministeriet;Erhvervs- og Vækstministeriet;Erhvervs- og Vækstmin., j.nr. 12/07085;1231;2012;BP000329;A20120123130;Lovtidende A;;Fremgår af forskriften;20121218;20121219;20121219;20121219;;FALSE;;;;;;LOV nr 1386 af 23/12/2012,LOV nr 164 af 26/02/2014,LOV nr 401 af 28/04/2014,LOV nr 526 af 28/05/2014,LOV nr 712 af 25/06/2014,BEK nr 1386 af 10/12/2014,LOV nr 524 af 29/04/2015,LOV nr 525 af 29/04/2015,LOV nr 740 af 01/06/2015,LOV nr 740 af 01/06/2015,BEK nr 291 af 17/03/2016,LOV nr 552 af 07/05/2019,LOV nr 700 af 24/05/2022;;;https://www.retsinformation.dk/eli/lta/2012/1231
C;Vejledning;Vurdering af vandforekomsters tilstand;;Miljøministeriet;Skov- og Naturstyrelsen og miljøcentre;Miljømin., Miljøstyrelsen, j.nr. 2014-0020;9804;2005;AL001346;C20050980460;Retsinformation;;Fremgår af forskriften;20051027;20060321;20150213;;;FALSE;Vejledningen er offentliggjort på Miljøstyrelsens hjemmeside www.mst.dk som vejledning nr. 1 fra 2006.;;Vejledningen er offentliggjort på Miljøstyrelsens hjemmeside www.mst.dk som vejledning nr. 1 fra 2006.;;A20170011929;;;;https://www.retsinformation.dk/eli/retsinfo/2005/9804
C;Cirkulære (1 sp);Rigsadvokatmeddelelsen, afsnittet: Præjudiciel forelæggelse for EU-Domstolen;;Justitsministeriet;Rigsadvokaten;CMS VB 4952;10585;2014;AA010917;C20141058509;Retsinformation;;Fremgår af forskriften;20141125;20180714;20180714;;;FALSE;;;;;;;;;https://www.retsinformation.dk/eli/retsinfo/2014/10585
B;Anordning;Anordning om Frednings- og Ordensbestemmelser for Fiskeriet i de til Kongerigerne Danmark og Sverige grænsende Farvande.;;Ministeriet for Fødevarer, Landbrug og Fiskeri;;Ingen;230;1933;CM038800;B19330023003;Lovtidende A;;Fremgår af forskriften;19330629;19980706;20091218;19330705;;FALSE;;;;;A20190026129;BEK nr 253 af 03/08/1933;;;https://www.retsinformation.dk/eli/lta/1933/230
L;Bekendtgørelse (international);Bekendtgørelse af frihandelsaftale af 28. august 1992 mellem Danmark/Færøerne og Norge;;Udenrigsministeriet;Udenrigsministeriet;Udenrigsmin., N.5. j.nr. 64.Færøerne/Norge;62;1997;CM044118;L19970006264;Lovtidende C;;Fremgår af forskriften;19970501;19971001;19981026;19970514;;FALSE;;;;;;;;;https://www.retsinformation.dk/eli/ltc/1997/62
L;Bekendtgørelse (international);Bekendtgørelse af protokollen af 7. november 1996 til konventionen om forhindring af havforurening ved dumpning af affald og andre stoffer;;Udenrigsministeriet;Miljøministeriet og Udenrigsministeriet;Udenrigsmin., JTF j.nr. 82.B.89.c.;1;2014;AS001457;L20140000164;Lovtidende C;;Fremgår af forskriften;20140107;20140109;20140109;20140109;;FALSE;;;;;;;;;https://www.retsinformation.dk/eli/ltc/2014/1
A;Lovbekendtgørelse;Bekendtgørelse af lov om råstoffer;Råstofloven;Miljøministeriet;Miljøstyrelsen;Miljø- og Fødevaremin.,\nStyrelsen for Vand- og Naturforvaltning, j.nr. 029-00510;124;2017;CK001183;A20170012429;Lovtidende A;;Fremgår af forskriften;20170126;20170201;20200918;20170201;;FALSE;;;;;;LOV nr 427 af 18/05/2016,LOV nr 720 af 08/06/2018,LOV nr 126 af 30/01/2021,LOV nr 900 af 21/06/2022;;;https://www.retsinformation.dk/eli/lta/2017/124
C;Vejledning;Særlige levesteder for bilag IV-arter Vejledning om tilskud til etablering af særlige levesteder for bilag IV-arter 2015/2016;;Ministeriet for Fødevarer, Landbrug og Fiskeri;NaturErhvervstyrelsen;Miljø- og Fødevaremin.,\nNaturErhvervstyrelsen, j.nr. 15-8161-000001;10982;2015;CK000172;C20151098260;Retsinformation;;Fremgår af forskriften;20151104;20151105;20151105;;;FALSE;;;;;B20150120805;;;;https://www.retsinformation.dk/eli/retsinfo/2015/10982
B;Bekendtgørelse;Forretningsorden for Folketinget;Folketingets forretningsorden;Folketinget;;xx;9458;2021;AX026322;B20210945805;Retsinformation;;Fremgår af forskriften;20210617;20210618;20210624;;;FALSE;"I medfør af grundlovens § 48 fastsætter Folketinget selv sin forretningsorden. Folketingets forretningsorden er en folketingsbeslutning. Forretningsordenen er vedtaget den 17. december 1953 og siden ændret ved en række yderligere folketingsbeslutninger. Denne udgave af forretningsordenen er en sammenskrivning af den oprindelige forretningsorden fra 1953 og senere ændringer, og er ajourført til og med folketingsbeslutning nr. B 287 af 13. april 2021. Af systemtekniske årsager er denne sammenskrevne udgave af Folketingets forretningsorden indlagt i Retsinformations regelbase som en bekendtgørelse, ligesom den alene af systemtekniske årsager er indlagt med en underskriftsdato. De enkelte folketingsbeslutninger, som har indebåret ændringer af forretningsordenen, siden folketingsåret 1985-86 kan findes i databasen ""Beslutningsforslag med tilh. betænkninger og beretninger"". Her vil man ligeledes kunne finde eventuelt senere folketingsbeslutninger, der ændrer Folketingets forretningsorden i forhold til ovenstående tekst. ";;;;A19530016930;;;;https://www.retsinformation.dk/eli/retsinfo/2021/9458
L;Bekendtgørelse (international);Bekendtgørelse om Danmarks Ratifikation af den mellem Danmark, det britiske Rige, de amerikanske Forenede Stater, Frankrig, Italien, Japan, Norge, Nederlandene og Sverige den 9. Februar 1920 i Paris undertegnede Traktat angaaende Spitzbergen;;Udenrigsministeriet;;JT.2.6.G.11.h.;240;1925;CM029370;L19250024064;Lovtidende A;;Fremgår af forskriften;19250905;19971001;20010403;19250914;;FALSE;;;;;;;;L19990001564;https://www.retsinformation.dk/eli/lta/1925/240
B;Bekendtgørelse;Bekendtgørelse om efterforskning og indvinding af råstoffer fra søterritoriet og kontinentalsoklen;Råstofbekendtgørelsen;Miljøministeriet;;Miljø- og Fødevaremin., j.nr. 2018-13518;1680;2018;CK001924;B20180168005;Lovtidende A;;Fremgår af forskriften;20181217;20181222;20181222;20181222;;FALSE;;;;;A20170012429,A20210197629;;;;https://www.retsinformation.dk/eli/lta/2018/1680
A;Ændringslov;Lov om ændring af en række love som følge af skatteforvaltningsloven\n(Konsekvensændringer som følge af kommunalreformen m.v.);;Skatteministeriet;Told- & Skattestyrelsen;Skattemin., j.nr. 2005-711-47;428;2005;AN004655;A20050042830;Lovtidende A;;Fremgår af forskriften;20050606;20050607;20070906;20050607;;FALSE;;;;;;LOV nr 1415 af 21/12/2005,LOV nr 515 af 07/06/2006,LOV nr 1386 af 23/12/2012,LOV nr 848 af 01/07/2010,LOV nr 1431 af 05/12/2018;;;https://www.retsinformation.dk/eli/lta/2005/428
L;Bekendtgørelse (international);Bekendtgørelse af aftale af 31. august 2005 med Island om etablering af et fælles økonomisk område;;Udenrigsministeriet;;Udenrigsmin., NEA, j.nr. 64.Færøerne.Island.;13;2013;AS001407;L20130001364;Lovtidende C;;Fremgår af forskriften;20130829;20130831;20130831;20130831;;FALSE;;;;;;;;;https://www.retsinformation.dk/eli/ltc/2013/13
C;Vejledning;Vejledning om reglerne om jordressourcens anvendelse til dyrkning og natur;;Ministeriet for Fødevarer, Landbrug og Fiskeri;Plantedirektoratet;Fødevaremin.,\nPlantedirektoratet, j.nr. 461-16;10576;2006;AH003428;C20061057660;Retsinformation;;Fremgår af forskriften;20060220;20090907;20090907;;;FALSE;;;Vejledningen er blevet offentliggjort på Plantedirektoratets hjemmeside 24. februar 2006.;;A20200010329;;;;https://www.retsinformation.dk/eli/retsinfo/2006/10576
L;Bekendtgørelse (international);Bekendtgørelse af international konvention af 29. november 1969 om indgriben på det åbne hav i tilfælde af olieforureningsulykker. (* 1);;Udenrigsministeriet;Miljøministeriet og Udenrigsministeriet;Udenrigsmin. j.nr. 56.B.21/1.c.;66;1975;CM008438;L19750006664;Lovtidende C;;Fremgår af forskriften;19750627;19970925;20000929;19750815;;FALSE;BEK nr 103 af 31/08/1995,BEK nr 134 af 05/12/1991,BEK nr 37 af 25/05/1984,BEK nr 67 af 09/07/1981,BEK nr 51 af 30/03/1979,BEK nr 95 af 04/10/1976,(* 1) Andre landes tiltrædelse:;;;;;;;L19990004464;https://www.retsinformation.dk/eli/ltc/1975/66
C;Vejledning;Vejledning om hundelovens forbudsordning, regler om skambid mv.;;Ministeriet for Fødevarer, Landbrug og Fiskeri;Fødevarestyrelsen;Miljø- og Fødevaremin.,\n Fødevarestyrelsen, j. nr. 2015-15-39-00209;9956;2016;CK000937;C20160995660;Retsinformation;;Fremgår af forskriften;20160923;20160924;20160924;;;FALSE;;;;;A20210032929;;;;https://www.retsinformation.dk/eli/retsinfo/2016/9956
B;Bekendtgørelse;Bekendtgørelse om CO2e-fortrængningskrav og bæredygtighed m.v.;;Klima-, Energi- og Forsyningsministeriet;Energistyrelsen;Klima-, Energi- og Forsyningsmin.,\nEnergistyrelsen, j.nr. 2021-13315;2520;2021;DB000427;B20210252005;Lovtidende A;;Fremgår af forskriften;20211214;20211222;20211222;20211222;;FALSE;;;;;A20210216729;;;;https://www.retsinformation.dk/eli/lta/2021/2520
A;Lovbekendtgørelse;Bekendtgørelse af lov om arbejdsmiljø;Arbejdsmiljøloven;Beskæftigelsesministeriet;Arbejdstilsynet;Beskæftigelsesmin.,\n Arbejdstilsynet, j.nr. 20215000937;2062;2021;BE009101;A20210206229;Lovtidende A;;Fremgår af forskriften;20211116;20211118;20211118;20211118;;FALSE;;;;;;LOV nr 2588 af 28/12/2021,LOV nr 566 af 10/05/2022,LOV nr 893 af 21/06/2022;;;https://www.retsinformation.dk/eli/lta/2021/2062
A;Lovbekendtgørelse;Bekendtgørelse af lov om Udbetaling Danmark;;Beskæftigelsesministeriet;Styrelsen for Arbejdsmarked og Rekruttering;Beskæftigelsesmin.,\nStyrelsen for Arbejdsmarked og Rekruttering, j.nr. 21/01527;240;2021;BE008774;A20210024029;Lovtidende A;;Fremgår af forskriften;20210212;20210224;20210224;20210224;;FALSE;;;;;;LOV nr 452 af 20/04/2022;;;https://www.retsinformation.dk/eli/lta/2021/240
C;Vejledning;Vejledning om ekskursioner, lejrskoler og skolerejser mv. i folkeskolen.;;Børne- og Undervisningsministeriet;Uddannelsesstyrelsen;Undervisningsmin., j.nr. 1998-252/097-544;12;1999;AT000091;C19990001260;Ministerialtidende;;Fremgår af forskriften;19990223;19990311;20070906;19990311;;FALSE;;;;;A20210188729;;;;https://www.retsinformation.dk/eli/mt/1999/12
L;Bekendtgørelse (international);Bekendtgørelse af ændret udformning af tillægget til den europæiske konvention af 19. december 1954 om international klassifikation af patenter på opfindelser;;Udenrigsministeriet;Industriministeriet;Udenrigsmin. j.nr. 67.B.26.c.;31;1964;CM024340;L19640003164;Lovtidende C;;Fremgår af forskriften;19640724;19970924;20000929;19641023;;FALSE;;;;;;;;;https://www.retsinformation.dk/eli/ltc/1964/31
L;Bekendtgørelse (international);Bekendtgørelse af en europæisk konvention om international klassifikation af patenter på opfindelser;;Udenrigsministeriet;Industriministeriet;Ingen;8;1958;CM024303;L19580000864;Lovtidende C;;Fremgår af forskriften;19580214;19970924;20000929;19580228;;FALSE;;;;;;BKI nr 31 af 24/07/1964,BKI nr 47 af 11/04/1975;;;https://www.retsinformation.dk/eli/ltc/1958/8
C;Skrivelse;Skrivelse om ikrafttræden af bestemmelser om aktivering og revalidering i lov om aktiv socialpolitik mv. (Til Kommunalbestyrelsen m.fl.);;Beskæftigelsesministeriet;;Socialministeriet, 5. kt., j.nr. 5010-1122;98;1998;CM047344;C19980009854;Ministerialtidende;;Fremgår af forskriften;19980623;19980626;20051031;19980626;;FALSE;(* 2) Meddelelse fra Kommissionen om de minimis-støtteordninger udelades her.,(* 1) Bekendtgørelsen udelades her.;;;;A20210024129;;;;https://www.retsinformation.dk/eli/mt/1998/98
A;Lovbekendtgørelse;Bekendtgørelse af lov om husdyrbrug og anvendelse af gødning m.v.;Husdyrbrugloven;Miljøministeriet;Miljø- og Fødevareministeriet;Miljø- og Fødevaremin., j.nr. 2019-5516;520;2019;CK002056;A20190052029;Lovtidende A;;Fremgår af forskriften;20190501;20190503;20190503;20190503;;FALSE;;;;;;LOV nr 2192 af 29/12/2020,LOV nr 126 af 30/01/2021,LOV nr 415 af 05/04/2022;;;https://www.retsinformation.dk/eli/lta/2019/520
L;Bekendtgørelse (international);Bekendtgørelse af ILO-konvention af 23. februar 2006 om søfarendes arbejdsforhold, MLC;;Udenrigsministeriet;;Udenrigsmin., UGS j.nr. 85.C.3.a.3.;16;2013;AS001411;L20130001664;Lovtidende C;;Fremgår af forskriften;20130909;20130911;20131001;20130911;;FALSE;;;;;;;;;https://www.retsinformation.dk/eli/ltc/2013/16
L;Bekendtgørelse (international);Bekendtgørelse af ILO-konvention nr. 133 af 30. oktober 1970 om skibsmandskabets opholdsrum om bord (supplerende bestemmelser);;Udenrigsministeriet;;Udenrigsmin. FNU j.nr. 85.B.92.c.;19;2004;AS000651;L20040001964;Lovtidende C;;Fremgår af forskriften;20040805;20040819;20040819;20040818;;FALSE;;;;;;BKI nr 16 af 09/09/2013;;;https://www.retsinformation.dk/eli/ltc/2004/19
A;Lovbekendtgørelse;Bekendtgørelse af lov om vandforsyning m.v.;Vandforsyningsloven;Miljøministeriet;Miljøstyrelsen og Miljøministeriets miljøcentre;Miljømin., j.nr. 2022 - 5003;602;2022;DD000186;A20220060229;Lovtidende A;;Fremgår af forskriften;20220510;20220513;20220513;20220513;;FALSE;;;;;;LOV nr 900 af 21/06/2022;;;https://www.retsinformation.dk/eli/lta/2022/602
L;Bekendtgørelse (international);Bekendtgørelse om en under 5. November 1937 i København undertegnet Venskabs-, Handels- og Skibsfartstraktat mellem Danmark og Siam med dertil hørende Slutprotokol og Noteveksling.;;Udenrigsministeriet;Industriministeriet;Udenrigsmin. j.nr. 400.E.11/Thailand;10;1938;CM024307;L19380001064;Lovtidende C;;Fremgår af forskriften;19380324;19970924;20000929;19380517;;FALSE;;;;;;;;;https://www.retsinformation.dk/eli/ltc/1938/10
C;Cirkulæreskrivelse;Orientering om betydningen af Lissabon-Traktatens ikrafttræden den 1. december 2009 i forhold til benævnelse af traktatgrundlaget, EU-institutionerne, ændringer i nummereringen af artikelbestemmelserne samt udformningen af noten i love og bekendtgørelser, der gennemfører EU-retsakter.;;Justitsministeriet;;Justitsmin., Sagsnr. 2009-615/16-0003;10234;2009;AA005822;C20091023410;Retsinformation;;Fremgår af forskriften;20091201;20101207;20110323;;;FALSE;;;;;A19720044730;;;;https://www.retsinformation.dk/eli/retsinfo/2009/10234
A;Lovbekendtgørelse;Bekendtgørelse af lov om miljøbeskyttelse;Miljøbeskyttelsesloven;Miljøministeriet;Miljøministeriet;Miljømin., j.nr. 2021-4386;100;2022;DD000149;A20220010029;Lovtidende A;;Fremgår af forskriften;20220119;20220126;20220126;20220126;;FALSE;;;;;;LOV nr 807 af 09/06/2020,LOV nr 45 af 23/01/2018,LOV nr 373 af 28/03/2022,LOV nr 374 af 28/03/2022,LOV nr 575 af 10/05/2022,LOV nr 900 af 21/06/2022,LOV nr 898 af 21/06/2022;;;https://www.retsinformation.dk/eli/lta/2022/100
L;Bekendtgørelse (international);Bekendtgørelse om Danmarks ratifikation af den af den Internationale Arbejdskonference i Geneve i året 1952 vedtagne konvention om minimumsnormer for social tryghed (* 1);;Udenrigsministeriet;Socialministeriet;Socialmin. j.nr. 85.B.59.;1;1958;CM013299;L19580000164;Lovtidende C;;Fremgår af forskriften;19580102;19971001;20010726;19580110;;FALSE;(* 1) 'Andre landes senere tiltrædelse af konventionen fremgår af ILO's liste, der udgives årligt pr. 31. december. Oplysninger fra listen kan indhentes bl.a. fra Arbejdsministeriet eller Udenrigsministeriet, der begge vil kunne undersøge tiltrædelser i det løbende år.';;;;;BKI nr 32 af 19/05/1960;;;https://www.retsinformation.dk/eli/ltc/1958/1
L;Bekendtgørelse (international);Bekendtgørelse af konvention af 23. juni 1979 om beskyttelse af migrerende arter af vilde dyr (* 1);;Udenrigsministeriet;Miljøministeriet;Udenrigsmin. j. nr. 46.B.66.c.;84;1986;CM008457;L19860008464;Lovtidende C;;Fremgår af forskriften;19860915;19970925;20000929;19870204;;FALSE;BEK nr 88 af 13/09/1990,Andre landes tiltrædelse:;;;;;BKI nr 88 af 13/09/1990,BKI nr 98 af 20/10/1994;;;https://www.retsinformation.dk/eli/ltc/1986/84
L;Bekendtgørelse (international);Bekendtgørelse af statutterne for De forenede Nationers levnedsmiddel- og landbrugsorganisation (FAO);;Udenrigsministeriet;Landbrugsministeriet og Udenrigsministeriet;Udenrigsmin. 75.B.15.b.;51;1973;CM037766;L19730005164;Lovtidende C;;Fremgår af forskriften;19730530;19970925;20000929;19730920;;FALSE;;;;;;BKI nr 22 af 04/02/1975,BKI nr 40 af 20/03/1981,BKI nr 61 af 17/08/1976;;;https://www.retsinformation.dk/eli/ltc/1973/51
L;Bekendtgørelse (international);Bekendtgørelse angaaende en under 22. Marts 1924 i Warschau afsluttet Handels- og Skibsfartstraktat mellem Danmark og Polen med dertil hørende Slutprotokol og Tillægsprotokol vedrørende Traktatens Gyldighed for Fristaden Danzig. (* 1);;Udenrigsministeriet;Industriministeriet;Udenrigsmin. j.nr. 400.E.9/Polen.;220;1924;CM023467;L19240022064;Lovtidende A;;Fremgår af forskriften;19240814;19970924;20021014;19240821;;FALSE;(* 1) Ved EF-rådsbeslutning, senest af 27/04/1987, er Danmark bemyndiget til at videreføre aftalen indtil 31/12/1988.;;;;;;;;https://www.retsinformation.dk/eli/lta/1924/220
L;Bekendtgørelse (international);Bekendtgørelse af konvention af 29. april 1958 om det ydre territorialfarvand og den tilstødende zone. (* 13) (* 14);;Udenrigsministeriet;Udenrigsministeriet;Udenrigsmin. j.nr. 119.N.2/3.a/1.c.;50;1969;CM030207;L19690005064;Lovtidende C;;Fremgår af forskriften;19690514;19971001;19990127;19690918;;FALSE;(* 13) Andre landes tiltrædelse : BEK nr 45 af 20/07/1972 BEK nr 57 af 23/05/1975,(* 14) Se vedrørende tvungen bilæggelse af tvister angående fortolkningen eller anvendelsen af konventionerne af 29. april 1958 om retsordenen på havet, BEK nr. 53 af 14/05/1969.;;;;;;;;https://www.retsinformation.dk/eli/ltc/1969/50
C;Vejledning;Vejledning om tilskud til skov med biodiversitetsformål 2022;;Ministeriet for Fødevarer, Landbrug og Fiskeri;Landbrugsstyrelsen;21-13233-000003;9326;2022;DC000537;C20220932660;Retsinformation;;Fremgår af forskriften;20220325;20220326;20220430;;;FALSE;;;;;B20220030905;;;;https://www.retsinformation.dk/eli/retsinfo/2022/9326
C;Ændr.cirkulære (2 sp);Cirkulære om ændring af afskrivningsloven (skibe);;Skatteministeriet;;Skd. 530-1003-362;55;1985;CM020836;C19850005509;Ministerialtidende;;Fremgår af forskriften;19850529;19970925;20030114;19850812;;FALSE;;;;;;CIR nr 172 af 20/09/2001,CIR nr 15 af 22/01/1990;;;https://www.retsinformation.dk/eli/mt/1985/55
A;Ændringslov;Lov om ændring af lov om Danmarks tiltrædelse af De Europæiske Fællesskaber og Den Europæiske Union\n(Danmarks ratifikation af Lissabontraktaten);;Udenrigsministeriet;;Udenrigsmin., j.nr. 400.A.2-10-2007;321;2008;AS000983;A20080032130;Lovtidende A;;Fremgår af forskriften;20080430;20080501;20080501;20080501;;FALSE;;;;;;;;;https://www.retsinformation.dk/eli/lta/2008/321
C;Skrivelse;Skrivelse om Momsmæssig vurdering af betalingsrettigheder, sukkerroeleveringsrettigheder, handyrpræmier, konsulentordningen og vikarordningen;;Skatteministeriet;;Skattemin.,\nSKAT, j.nr. 08-044271;9204;2008;AN006692;C20080920454;Retsinformation;;Fremgår af forskriften;20080522;20080605;20080605;;;FALSE;;;;;A20190102129;;;;https://www.retsinformation.dk/eli/retsinfo/2008/9204
C;Vejledning;Vejledning om de nye regler i kolonihaveloven;;Indenrigs- og Boligministeriet;Naturstyrelsen;Miljøministeriet, Naturstyrelsen J.nr. NST-100-00079;9961;2014;AL003058;C20140996160;Retsinformation;;Fremgår af forskriften;20141126;20141127;20141127;;;FALSE;;;;;A20070079029;;;;https://www.retsinformation.dk/eli/retsinfo/2014/9961
C;Skrivelse;Havneydelser - fast ejendom - leveringssted - styresignal;;Skatteministeriet;SKAT;17-1132682;10357;2017;AN013264;C20171035754;Retsinformation;;Fremgår af forskriften;20171127;20180112;20180112;;;FALSE;;;;;;;;;https://www.retsinformation.dk/eli/retsinfo/2017/10357
C;Vejledning;Almindelig jordfordeling, Vejledning;;Ministeriet for Fødevarer, Landbrug og Fiskeri;;Ingen;13841;1996;CM043314;C19961384160;Retsinformation;;Fremgår af forskriften;19961015;19970925;20070206;;;FALSE;;;;;A20170003129;;;;https://www.retsinformation.dk/eli/retsinfo/1996/13841
C;Vejledning;Vejledning om administrative forskrifter;;Justitsministeriet;;Justitsmin., j.nr. 2018-7700-0052;9594;2021;AA012544;C20210959460;Retsinformation;;Fremgår af forskriften;20210709;20210710;20210923;;;FALSE;;;;;;;;;https://www.retsinformation.dk/eli/retsinfo/2021/9594
B;Bekendtgørelse;Bekendtgørelse om forebyggelse og håndtering af introduktion og spredning af invasive ikkehjemmehørende arter på EU-listen og om en national liste med handelsforbud m.v. over for invasive arter;;Ministeriet for Fødevarer, Landbrug og Fiskeri;Miljø- og Fødevareministeriet;Miljø- og Fødevaremin., j.nr. 2018-4650;1285;2018;CK001847;B20180128505;Lovtidende A;;Fremgår af forskriften;20181112;20181120;20181120;20181120;;FALSE;;;;;A20210198629;;;;https://www.retsinformation.dk/eli/lta/2018/1285
L;Bekendtgørelse (international);Bekendtgørelse af konvention af 29. april 1958 om det åbne hav (* 12) (* 13);;Udenrigsministeriet;Udenrigsministeriet;Udenrigsmin. j.nr. 119.N.2/3.a/1.c.;51;1969;CM030227;L19690005164;Lovtidende C;;Fremgår af forskriften;19690514;19971001;19990127;19690918;;FALSE;(* 13) Se vedrørende tvungen bilæggelse af tvister angående fortolkningen eller anvendelsen af konventionerne af 29. april 1958 om retsordenen på havet, BEK nr. 53 af 14/05/1969.,(* 12) Andre landes tiltrædelse : BEK nr 90 af 23/10/1972 BEK nr 56 af 23/05/1975;;;;;;;;https://www.retsinformation.dk/eli/ltc/1969/51
C;Vejledning;Vejledning om kriminalforsorgens tilsyn med prøveløsladte, betinget dømte m.v. (tilsynsvejledningen);;Justitsministeriet;Direktoratet for Kriminalforsorgen;Justitsmin.,\nDirektoratet for Kriminalforsorgen, j. nr. 22-61-0065 ;9749;2022;AA013205;C20220974960;Retsinformation;;Fremgår af forskriften;20220628;20220629;20220629;;;FALSE;;;;;B20220102005,C20220974809;;;;https://www.retsinformation.dk/eli/retsinfo/2022/9749
C;Vejledning;Vejledning om autorisation og registrering af fødevarevirksomheder m.v. (Autorisationsvejledningen);Autorisationsvejledningen;Ministeriet for Fødevarer, Landbrug og Fiskeri;Fødevarestyrelsen;Miljø- og Fødevaremin. \nFødevarestyrelsen, j.nr. 2021-28-33-00198;9297;2022;DC000534;C20220929760;Retsinformation;;Fremgår af forskriften;20220321;20220322;20220322;;;FALSE;;;;;B20210224705;;;;https://www.retsinformation.dk/eli/retsinfo/2022/9297
C;Vejledning;Vejledning om grøn støtte 2021;;Ministeriet for Fødevarer, Landbrug og Fiskeri;Landbrugsstyrelsen;Ministeriet for Fødevarer, Landbrug og Fiskeri,\n Landbrugsstyrelsen, j. nr. 20-1320-000001;9772;2021;DC000339;C20210977260;Retsinformation;;Fremgår af forskriften;20210401;20211006;20211006;;;FALSE;;;;;;;;;https://www.retsinformation.dk/eli/retsinfo/2021/9772
L;Bekendtgørelse (international);Bekendtgørelse af aftale af 15. august 1996 om beskyttelse af afrikansk-eurasiske migrerende vandfugle;;Udenrigsministeriet;;Udenrigsministeriet\nMiljøsekretariatet, j.nr. 46.B.66.c.;18;2002;AS000451;L20020001864;Lovtidende C;;Fremgår af forskriften;20020718;20020731;20020731;20020731;;FALSE;;;;;;;;;https://www.retsinformation.dk/eli/ltc/2002/18
C;Vejledning;Vejledning om miljøordninger og miljøvenlige jordbrugsforanstaltninger 2021;;Ministeriet for Fødevarer, Landbrug og Fiskeri;;Landbrugsstyrelsen, j. nr. 21-13233-000005;9984;2021;DC000414;C20210998460;Retsinformation;;Fremgår af forskriften;20211130;20211201;20211201;;;FALSE;;;;;;;;;https://www.retsinformation.dk/eli/retsinfo/2021/9984
B;Ændringsanordning;Anordning om ændring af anordning om fiskeriterritoriet ved Færøerne;;Ministeriet for Fødevarer, Landbrug og Fiskeri;;Udenrigsministeriet, JTF j.nr. 55.Færøerne.1.a.;888;2009;AS001087;B20090088803;Lovtidende A;;Fremgår af forskriften;20090917;20090922;20090922;20090922;;FALSE;;;;;;;;;https://www.retsinformation.dk/eli/lta/2009/888
L;Bekendtgørelse (international);Bekendtgørelse af konvention af 19. september 1979 om beskyttelse af Europas vilde dyr og planter samt naturlige levesteder;Bern-konventionen;Udenrigsministeriet;Miljøministeriet og Udenrigsministeriet;Udenrigsmin. j. nr. 38.I.61.c.;83;1986;CM008456;L19860008364;Lovtidende C;;Fremgår af forskriften;19860915;19970925;20060321;19870204;;FALSE;(* 5) Undtagen Lagopus (Rype) nord for breddegraden 58 grader N.,(* 4) Hvis de anvendes ved massefangst eller ihjelslagning, eller ikke-selektiv fangst eller ihjelslagning.,(* 3) Undtagen ved hvalfangst.,(* 2) De latinske betegnelser er suppleret med danske navne i det omfang sådanne findes.,(* 1) De latinske betegnelser er suppleret med danske navne i det omfang sådanne findes, samt angivelse af slægtskab til danske arter.;;;;;BKI nr 2 af 26/01/2006,BKI nr 89 af 13/09/1990,BKI nr 97 af 20/10/1994;;;https://www.retsinformation.dk/eli/ltc/1986/83
C;Vejledning;Vejledning om tilskud til målrettet kvælstofregulering 2021;;Ministeriet for Fødevarer, Landbrug og Fiskeri;;Landbrugsstyrelsen, j. nr. 20-130-000002;9983;2021;DC000411;C20210998360;Retsinformation;;Fremgår af forskriften;20211130;20211201;20211201;;;FALSE;;;;;;;;;https://www.retsinformation.dk/eli/retsinfo/2021/9983
A;Lovbekendtgørelse;Bekendtgørelse af lov om arbejdsskadesikring;;Beskæftigelsesministeriet;Arbejdstilsynet;Beskæftigelsesmin.,\n Arbejdstilsynet, j.nr. 20225000666;1186;2022;BE009363;A20220118629;Lovtidende A;;Fremgår af forskriften;20220819;20220823;20220823;20220823;;FALSE;;;;;;;;;https://www.retsinformation.dk/eli/lta/2022/1186
L;Bekendtgørelse (international);Bekendtgørelse om Danmarks ratifikation af den af den internationale arbejdskonference under dens 32. møde i Geneve den 18. juni 1949 vedtagne konvention angående skibsmandskabets opholdsrum om bord (revideret 1949). (* 1);;Udenrigsministeriet;Industriministeriet;Udenrigsmin. j.nr. 85.B.54.;8;1953;CM026073;L19530000864;Lovtidende C;;Fremgår af forskriften;19530128;19970924;20040819;19530304;;FALSE;(* 1) 'Andre landes senere tiltrædelse af konventionen fremgår af ILO's liste, der udgives årligt pr. 31. december. Oplysninger fra listen kan indhentes bl.a. fra Arbejdsministeriet eller Udenrigsministeriet, der begge vil kunne undersøge tiltrædelser i det løbende år.';;;;;BKI nr 19 af 05/08/2004,BKI nr 16 af 09/09/2013;;;https://www.retsinformation.dk/eli/ltc/1953/8
B;Bekendtgørelse;Bekendtgørelse om muslinger m.m.;Muslingebekendtgørelsen;Ministeriet for Fødevarer, Landbrug og Fiskeri;Fødevarestyrelsen;Ministeriet for Fødevarer, Landbrug og Fiskeri,\nFødevarestyrelsen, j.nr. 2022-28.30-00100;787;2022;DC000560;B20220078705;Lovtidende A;;Fremgår af forskriften;20220530;20220604;20220604;20220604;;FALSE;;;;;A20220000829;;;;https://www.retsinformation.dk/eli/lta/2022/787
C;Vejledning;Vejledning om skelforretninger;;Klima-, Energi- og Forsyningsministeriet;;Miljømin.\nKort- og Matrikelstyrelsen, j.nr. 112-001/2003;61;2003;AL000979;C20030006160;Ministerialtidende;;Fremgår af forskriften;20030612;20030624;20060220;20030624;;FALSE;;;;;A20180076929,B20190038505;;;;https://www.retsinformation.dk/eli/mt/2003/61
C;Skrivelse;Skrivelse om EU-Kommissionens godkendelse af ordningerne om jobtræning og individuel jobtræning hos private arbejdsgivere, jf. § 16, stk. 2, nr. 2 og 3 i lov om en aktiv socialpolitik;;Beskæftigelsesministeriet;;Socialministeriet, 5. kt., j.nr. 50136-1312;11013;1999;AO000587;C19991101354;Retsinformation;;Fremgår af forskriften;19991215;19991215;20051031;;;FALSE;;;;;A20210024129;;;;https://www.retsinformation.dk/eli/retsinfo/1999/11013
C;Vejledning;VEJLEDNING OM OPSTILLING AF ÆNDRINGSFORSLAG, DER SKAL STILLES TIL FREMSATTE LOV- OG BESLUTNINGSFORSLAG;;Folketinget;;x;10383;2005;AX012524;C20051038360;Retsinformation;;Fremgår af forskriften;20050801;20100826;20100826;;;FALSE;;;;;;;;;https://www.retsinformation.dk/eli/retsinfo/2005/10383
C;Vejledning;Vejledning om voksenlærlingeordningen;;Beskæftigelsesministeriet;Styrelsen for Arbejdsmarked og Rekruttering;Beskæftigelsesmin.\n Styrelsen for Arbejdsmarked og Rekruttering, J.nr. 19/17247;9018;2020;BE008301;C20200901860;Retsinformation;;Fremgår af forskriften;20200115;20200116;20200116;;;FALSE;;;;;B20210263605,A20220070129;;;;https://www.retsinformation.dk/eli/retsinfo/2020/9018
C;Skrivelse;Praksisændring vedrørende udenlandske lærlinge og praktikanter samt præciseringer vedrørende udenlandske studerende - styresignal;;Skatteministeriet;Skatteforvaltningen;18-0702087;9231;2019;AN013811;C20190923154;Retsinformation;;Fremgår af forskriften;20190221;20190322;20190322;;;FALSE;;;;;A20210082429,A20210173529;;;;https://www.retsinformation.dk/eli/retsinfo/2019/9231
C;Vejledning;Jordfordeling med 5-10 ejendomme, Vejledning;;Ministeriet for Fødevarer, Landbrug og Fiskeri;;Ingen;13842;1996;CM043315;C19961384260;Retsinformation;;Fremgår af forskriften;19961015;19970925;20070206;;;FALSE;;;;;A20170003129;;;;https://www.retsinformation.dk/eli/retsinfo/1996/13842
C;Skrivelse;Mineralolieafgift mv. - godtgørelse - sejlads - fartøjer til ral- og sandsugning - praksisændring   styresignal;;Skatteministeriet;SKAT;Skattemin.\nSKAT J.nr. 19-162165;10248;2009;AN010882;C20091024854;Retsinformation;;Fremgår af forskriften;20091002;20111018;20111018;;;FALSE;;;;;;;;;https://www.retsinformation.dk/eli/retsinfo/2009/10248
C;Vejledning;Vejledning om godkendelse af ferskvandsdambrug;;Miljøministeriet;Miljøstyrelsen og kommunerne;Miljømin.,\nMiljøstyrelsen, j.nr. MST-1259-00006;9076;2008;AL001780;C20080907660;Retsinformation;;Fremgår af forskriften;20080326;20080328;20080328;;;FALSE;"Populærtitel: Dambrugsvejledningen.&#x0D;
Vejledningen er Vejledning nr. 3/2008 fra Miljøstyrelsen. &#x0D;
Vejledningen er et supplement til Miljøstyrelsens vejledning nr. 3/1993 om godkendelse af listevirksomheder (godkendelsesvejledningen).";;;;A20220010029;;;;https://www.retsinformation.dk/eli/retsinfo/2008/9076
C;Skrivelse;Dispensation vedrørende mindstemål for gule ål fanget i Ringkøbing, Stadil og Nissum fjorde.;;Ministeriet for Fødevarer, Landbrug og Fiskeri;;Fisk. 54 C. 2/7,34;7000;1954;CM035930;C19540700054;Retsinformation;;Fremgår af forskriften;19540215;19970925;20070102;;;FALSE;;;;;A20190026129;;;;https://www.retsinformation.dk/eli/retsinfo/1954/7000
C;Vejledning;Vejledning til regnskabsindberetning for kreditinstitutter og fondsmæglerselskaber m.fl.;;Erhvervsministeriet;Finanstilsynet;Erhvervs- og Vækstmin.\nFinanstilsynet, j.nr. 123-0017;9677;2016;BP001710;C20160967760;Retsinformation;;Fremgår af forskriften;20160629;20160630;20160630;;;FALSE;;;;;A20220040629;;;;https://www.retsinformation.dk/eli/retsinfo/2016/9677
A;Lovbekendtgørelse;Bekendtgørelse af lov om forurenet jord;Jordforureningsloven;Miljøministeriet;Miljøstyrelsen;Miljø- og Fødevaremin.,\nMiljøstyrelsen, j.nr. 020-00217;282;2017;CK001245;A20170028229;Lovtidende A;;Fremgår af forskriften;20170327;20170329;20170329;20170329;;FALSE;;;;;;LOV nr 278 af 17/04/2018,LOV nr 126 af 30/01/2021,LOV nr 900 af 21/06/2022;;;https://www.retsinformation.dk/eli/lta/2017/282
C;Vejledning;Vejledning om ryg- og hoftesygdomme;;Beskæftigelsesministeriet;Arbejdsskadestyrelsen;Beskæftigelsesmin.,\Arbejdsskadestyrelsen, j.nr. 2015-0001367;10536;2015;BE006460;C20151053660;Retsinformation;;Fremgår af forskriften;20150201;20150918;20150918;;;FALSE;;;;;A20220118629;;;;https://www.retsinformation.dk/eli/retsinfo/2015/10536
L;Bekendtgørelse (international);Bekendtgørelse af Overenskomst af 30. maj 1991 mellem Kongeriget Danmark og Republikken Tyrkiet til undgåelse af dobbeltbeskatning og forhindring af skatteunddragelse for så vidt angår indkomstskatter;;Skatteministeriet;;Skattemin., j.nr. 92-611-27;129;1993;CM023077;L19930012964;Lovtidende C;;Fremgår af forskriften;19931214;19970925;20040812;19931229;;FALSE;;;;;;;;;https://www.retsinformation.dk/eli/ltc/1993/129
C;Skrivelse;Skrivelse om visse ændringer i arbejdsskadeforsikringsloven (Til de forsikringsselskaber og -forbund m.fl. der er godkendt til tegning af forsikringer efter arbejdsskadeforsikringsloven);;Beskæftigelsesministeriet;;Sikringsstyrelsens j.nr. 86-402-3;19197;1987;CM012981;C19871919754;Retsinformation;;Fremgår af forskriften;19870327;19971001;20060316;;;FALSE;;;;;A20220118629;;;;https://www.retsinformation.dk/eli/retsinfo/1987/19197
L;Bekendtgørelse (international);Bekendtgørelse af protokol af 21. maj 2003 om strategisk miljøvurdering til konventionen af 25. februar 1991 om vurdering af virkningerne på miljøet på tværs af landegrænserne;;Udenrigsministeriet;;Udenrigsmin., JTFM j.nr. 2016-36459;13;2017;AS001698;L20170001364;Lovtidende C;;Fremgår af forskriften;20170810;20170812;20170812;20170812;;FALSE;;;;;;;;;https://www.retsinformation.dk/eli/ltc/2017/13
L;Bekendtgørelse (international);Bekendtgørelse af Konvention af 5. juni 1992 om den biologiske mangfoldighed (Biodiversitetskonventionen);;Udenrigsministeriet;Udenrigsministeriet og Skov- og Naturstyrelsen;Udenrigsmin. MILJØsekretariatet j.nr. 46.B.88.;142;1996;CM042411;L19960014264;Lovtidende C;;Fremgår af forskriften;19961121;19971001;20040113;19961204;;FALSE;;;;;;BKI nr 38 af 11/12/2003;;;https://www.retsinformation.dk/eli/ltc/1996/142
C;Cirkulære (1 sp);Rigsadvokatmeddelelsen, afsnittet: Sanktionspåstande i våbensager;;Justitsministeriet;Rigsadvokaten;CMS VB 8881;9131;2022;AA012935;C20220913109;Retsinformation;;Fremgår af forskriften;20220101;20220222;20220222;;;FALSE;;;;;;;;;https://www.retsinformation.dk/eli/retsinfo/2022/9131
L;Bekendtgørelse (international);Bekendtgørelse af frihandelsaftale af 6. august 1992 mellem Danmark/Færøerne og Island;;Udenrigsministeriet;Udenrigsministeriet;Udenrigsmin. N.5. j.nr. 64. Færøerne/Island;61;1997;CM044174;L19970006164;Lovtidende C;;Fremgår af forskriften;19970501;19971001;19981026;19970514;;FALSE;;;;;;BKI nr 13 af 29/08/2013;;;https://www.retsinformation.dk/eli/ltc/1997/61
C;Vejledning;Habitatvejledningen. Vejledning til bekendtgørelse nr. 1595 af 6. december 2018 om udpegning og administration af internationale naturbeskyttelsesområder samt beskyttelse af visse arter.;Habitatvejledningen;Miljøministeriet;;Miljøministeriet.,\n Miljøstyrelsen,  j.nr. MST-2020 - 30353;9925;2020;DD000018;C20200992560;Retsinformation;;Fremgår af forskriften;20201111;20201215;20201215;;;FALSE;;;;;B20210209105;;;;https://www.retsinformation.dk/eli/retsinfo/2020/9925
L;Bekendtgørelse (international);Bekendtgørelse af europæiske kodeks for social sikring af 16. april 1964 med tilhørende protokol af samme dato. (* 1);;Udenrigsministeriet;Socialministeriet;Udenrigsmin. j.nr. 38.K.1.c/11;111;1974;CM013368;L19740011164;Lovtidende C;;Fremgår af forskriften;19741008;19971001;20000930;19750109;;FALSE;R BEK nr 94 af 12/09/1996,U BEK nr 60 af 12/08/1993,(* 1) Andre landes tiltrædelse og eventuelle forbehold BEK nr 07 af 24/01/1978 BEK nr 31 af 09/03/1981;;;;;;;;https://www.retsinformation.dk/eli/ltc/1974/111
C;Vejledning;Bygge- og Boligstyrelsens vejledning om kommunalbestyrelsens lovgennemgang i byggesager (Vejledningen vedrører såvel bygningsreglement 1995 som bygningsreglement for småhuse 1985);;Indenrigs- og Boligministeriet;;Boligmin., Bygge- og Boligstyr., 4. kt. j.nr. 722-19-89 og 722-63-90;130;1995;CM014474;C19950013060;Ministerialtidende;;Fremgår af forskriften;19950731;19970924;20040617;19950810;;FALSE;;;;;A20160117829;;;;https://www.retsinformation.dk/eli/mt/1995/130
C;Vejledning;Vejledning om ændring af vandløbslovens § 69 om bræmmer;;Miljøministeriet;Miljøstyrelsen;Miljø- og Energimin., Miljøstyrelsen, j. nr. ;60252;1992;AL000116;C19986025260;Retsinformation;;Fremgår af forskriften;19920901;19981209;20070709;;;FALSE;Nr. 10;;;;A20190121729;;;;https://www.retsinformation.dk/eli/retsinfo/1992/60252
B;Ændringsanordning;Anordning om ændring af anordning om fiskeriterritoriet ved Færøerne;;Ministeriet for Fødevarer, Landbrug og Fiskeri;;Udenrigsmin., JT.2., j.nr. 46.Færøerne.1.b.;615;1999;AS000203;B19990061503;Lovtidende A;;Fremgår af forskriften;19990722;19990724;20050803;19990724;;FALSE;;;;;;;;;https://www.retsinformation.dk/eli/lta/1999/615
B;Bekendtgørelse;Bekendtgørelse om international transport af letfordærvelige fødevarer;ATP-bekendtgørelsen;Ministeriet for Fødevarer, Landbrug og Fiskeri;Fødevarestyrelsen;Ministeriet for Fødevarer, Landbrug og Fiskeri,\nFødevarestyrelsen, j.nr. 2022-28-31-00360;813;2022;DC000606;B20220081305;Lovtidende A;;Fremgår af forskriften;20220603;20220608;20220608;20220608;;FALSE;;;;;A20220000829;;;;https://www.retsinformation.dk/eli/lta/2022/813
B;Bekendtgørelse;Bekendtgørelse om merværdiafgift (momsbekendtgørelsen);Momsbekendtgørelsen;Skatteministeriet;Skatteforvaltningen;Skattemin., j.nr. 2021-2392;2246;2021;AN015265;B20210224605;Lovtidende A;;Fremgår af forskriften;20211130;20211203;20211208;20211203;;FALSE;;Bekendtgørelse nr. 2246 af 30. november 2021 om merværdiafgift (momsbekendtgørelsen) er den 7. december 2021 omtrykt på grund af en datofejl i § 138, stk. 2.;;;A20190102129,A20220083529;BEK nr 982 af 23/06/2022;;;https://www.retsinformation.dk/eli/lta/2021/2246
L;Bekendtgørelse (international);Bekendtgørelse om en under 1. oktober 1951 i København undertegnet venskabs-, handels- og søfartstraktat mellem Danmark og Amerikas Forenede Stater.;;Udenrigsministeriet;;Udenrigsmin. ØP.I. j.nr. 64. Dan/USA;43;1961;CM030081;L19610004364;Lovtidende C;;Fremgår af forskriften;19610831;19971001;20040812;19611108;;FALSE;;;;;;BKI nr 15 af 10/03/2009;;;https://www.retsinformation.dk/eli/ltc/1961/43
C;Beskrivelse;Tilskud til investeringer vedrørende Beskyttede havområder Afsætningsfremme Andre foranstaltninger Tekniske studier og undersøgelser samt pilotprojekter Fællesforetagender;;Ministeriet for Fødevarer, Landbrug og Fiskeri;;Ingen;13045;1997;CM046580;C19971304507;Retsinformation;;Fremgår af forskriften;19970115;19980315;20070102;;;FALSE;;;;;A20170003529;;;;https://www.retsinformation.dk/eli/retsinfo/1997/13045
C;Meddelelse;Meddelelse til fiskeriorganisationerne vedr. fiskeriforholdene i Øresund.;;Ministeriet for Fødevarer, Landbrug og Fiskeri;;FISK. 51 0,4/5 13,16;7000;1951;CM035924;C19510700032;Retsinformation;;Fremgår af forskriften;19511106;19970925;20070102;;;FALSE;;;;;A20190026129;;;;https://www.retsinformation.dk/eli/retsinfo/1951/7000
E;Stor vejledning;TOLDVEJLEDNING 2001  D.2 PROVIANTERING;;Skatteministeriet;;;20012;2001;AN008100;E20018T00030;Retsinformation;;Fremgår af forskriften;20010101;20080205;20080205;;;FALSE;;;;;;;;;https://www.retsinformation.dk/eli/retsinfo/2001/20012
A;Lov;Lov om Indkomst- og Formueskat til Staten. (* 1);Statsskatteloven;Skatteministeriet;;Nr. 149. Lov af 10. April om Indkomst- og Formueskat til Staten.;149;1922;CM022323;A19220014930;Lovtidende A;;Fremgår af forskriften;19220410;19970925;20070316;19220421;;FALSE;;;;;;LOV nr 410 af 02/06/2003,LOV nr 428 af 06/06/2005,LOV nr 193 af 11/06/1954,DSK nr 18210 af 09/11/1988,LOV nr 14 af 01/02/1967,LOV nr 59 af 07/02/1990,LOV nr 74 af 31/03/1953,LOV nr 102 af 31/03/1933,LOV nr 108 af 31/03/1938,LOV nr 144 af 31/03/1950,LOV nr 180 af 23/03/1995,LOV nr 184 af 30/03/1973,LOV nr 190 af 31/05/1968,LOV nr 200 af 03/06/1967,LOV nr 255 af 11/06/1960,LOV nr 281 af 08/06/1977,LOV nr 304 af 22/12/1927,LOV nr 333 af 18/06/1969,LOV nr 360 af 01/07/1988,LOV nr 392 af 12/07/1946,LOV nr 427 af 14/06/1995,LOV nr 479 af 08/11/1972,LOV nr 517 af 19/12/1942,LOV nr 539 af 17/12/1971,LOV nr 544 af 10/12/1969,LOV nr 552 af 17/12/1971,LOV nr 825 af 19/12/1989,LOV nr 76 af 12/03/1970,LOV nr 1063 af 12/12/1996,LOV nr 1219 af 27/12/1996,LOV nr 1223 af 27/12/1996,LOV nr 238 af 02/04/1997,LOV nr 1883 af 29/12/2015;;;https://www.retsinformation.dk/eli/lta/1922/149
C;Vejledning;Vejledning om hygiejneregler for ferske fiskevarer til og med første omsætningsled (forordning 852/2004, 853/2004 og 854/2004);;Ministeriet for Fødevarer, Landbrug og Fiskeri;Fødevarestyrelsen;Miljø- og Fødevaremin.,\nFødevarestyrelsen, j.nr. 2014-28-200-00024;11234;2015;CK000398;C20151123460;Retsinformation;;Fremgår af forskriften;20151201;20151211;20191005;;;FALSE;;;;;B20130013405,B20130082205,C20140923660,B20150097805,B20160001105,A20160007930;;;;https://www.retsinformation.dk/eli/retsinfo/2015/11234
E;Stor vejledning;TOLDVEJLEDNING 2000  D.2 PROVIANTERING;;Skatteministeriet;;;20064;2000;AN006773;E20008T00030;Retsinformation;;Fremgår af forskriften;20000101;20080205;20080205;;;FALSE;;;;;;;;;https://www.retsinformation.dk/eli/retsinfo/2000/20064
C;Vejledning;Vejledning om grundbetaling 2021;;Ministeriet for Fødevarer, Landbrug og Fiskeri;Landbrugsstyrelsen;Ministeriet for Fødevarer, Landbrug og Fiskeri,\n Landbrugsstyrelsen, j. nr. 20-1320-000001;9773;2021;DC000340;C20210977360;Retsinformation;;Fremgår af forskriften;20210401;20211006;20211006;;;FALSE;;;;;;;;;https://www.retsinformation.dk/eli/retsinfo/2021/9773
L;Bekendtgørelse (international);Bekendtgørelse af overenskomst af 13. juni 1976 om oprettelse af Den internationale Fond for landbrugsudvikling. (IFAD) (* 1);;Udenrigsministeriet;Udenrigsministeriet;Udenrigsmin. j.nr. 104.C.90.e.;6;1978;CM029479;L19780000664;Lovtidende C;;Fremgår af forskriften;19780119;19971001;20040812;19780413;;FALSE;;;;;;BKI nr 79 af 05/10/1987;;;https://www.retsinformation.dk/eli/ltc/1978/6
E;Stor vejledning;MOMSVEJL., AFGØRELSER 1967   0112 DEP. REGISTRERING AF KVÆG- OG SVINEKONTROLFORENINGER;;Skatteministeriet;;;20028;1967;AN007684;E19677MA0058;Retsinformation;;Fremgår af forskriften;19670101;20080205;20080205;;;FALSE;;;;;;;;;https://www.retsinformation.dk/eli/retsinfo/1967/20028
E;Stor vejledning;MOMSVEJL., AFGØRELSER 1968   0200 DEP. LANDVINDINGS- OG PUMPELAG, DER FORESTÅR AFVANDING AF;;Skatteministeriet;;;20050;1968;AN007647;E19687MA0042;Retsinformation;;Fremgår af forskriften;19680101;20080205;20080205;;;FALSE;;;;;;;;;https://www.retsinformation.dk/eli/retsinfo/1968/20050
L;Traktat;Bosættelses-, Handels- og Skibsfartstraktat mellem Danmark og Tyrkiet. Ankara, 31. Maj 1930;;Udenrigsministeriet;Industriministeriet;Ingen;21800;1930;CM025769;L19302180057;Retsinformation;;Fremgår af forskriften;19300531;19970924;20021014;;;FALSE;(* 1) Bosættelses-, Handels- og Skibsfartstraktat mellem Danmark og Tyrkiet. Ankara, 31. Maj 1930 er bekendtgjort i 'Danmarks Traktater', årgang 1931 som nr. 16;;;;;;;;https://www.retsinformation.dk/eli/retsinfo/1930/21800
B;Bekendtgørelse;Bekendtgørelse om CO2-kvoter m.v.;CO2-kvotebekendtgørelsen;Klima-, Energi- og Forsyningsministeriet;Energistyrelsen;Klima-, Energi- og Forsyningsmin.,\nEnergistyrelsen, j.nr. 2020-6605 ;2134;2020;DB000216;B20200213405;Lovtidende A;;Fremgår af forskriften;20201221;20201223;20201223;20201223;;FALSE;;;;;A20220053629;BEK nr 2262 af 02/12/2021;;;https://www.retsinformation.dk/eli/lta/2020/2134
E;Stor vejledning;MOMSVEJL., AFGØRELSER 1990   1129 DFT. REGISTRERING AF LANDBRUGSVIRKSOMHEDER MV;;Skatteministeriet;;;20074;1990;AN008590;E19907MA0045;Retsinformation;;Fremgår af forskriften;19900101;20080205;20080205;;;FALSE;;;;;;;;;https://www.retsinformation.dk/eli/retsinfo/1990/20074
E;Stor vejledning;MOMSVEJL., AFGØRELSER 1986   0947 DEP. SALG AF FISKEKORT;;Skatteministeriet;;;20061;1986;AN008828;E19867MA0017;Retsinformation;;Fremgår af forskriften;19860101;20080205;20080205;;;FALSE;;;;;;;;;https://www.retsinformation.dk/eli/retsinfo/1986/20061
E;Stor vejledning;MOMSVEJL., AFGØRELSER 1967   0136 DEP. FRIVILLIG REGISTRERING AF BORTFORPAGTERE AF LANDBRUGSEJEND;;Skatteministeriet;;;20072;1967;AN008429;E19677MA0072;Retsinformation;;Fremgår af forskriften;19670101;20080205;20080205;;;FALSE;;;;;;;;;https://www.retsinformation.dk/eli/retsinfo/1967/20072
C;Regel;Regler for færdsel m.v. på Esrum sø.;;Miljøministeriet;By- og Landskabsstyrelsen/Søfartsstyrelsen;Landbrugsministeriet;14000;1962;CM008271;C19621400048;Retsinformation;;Fremgår af forskriften;19620526;19970925;20070706;;;FALSE;;;;;A20210198629;;;;https://www.retsinformation.dk/eli/retsinfo/1962/14000
E;Stor vejledning;TOLDVEJLEDNING 1994   AFSNIT D.2 - PROVIANTERING;;Skatteministeriet;;;20068;1994;AN009072;E19948T00D02;Retsinformation;;Fremgår af forskriften;19940101;20080205;20080205;;;FALSE;;;;;;;;;https://www.retsinformation.dk/eli/retsinfo/1994/20068
E;Stor vejledning;TOLDVEJLEDNING 1997   AFSNIT D.2 - PROVIANTERING;;Skatteministeriet;;;20123;1997;AN006902;E19978T00D02;Retsinformation;;Fremgår af forskriften;19970101;20080205;20080205;;;FALSE;;;;;;;;;https://www.retsinformation.dk/eli/retsinfo/1997/20123
E;Stor vejledning;TOLDVEJLEDNING 1998   AFSNIT D.2 - PROVIANTERING;;Skatteministeriet;;;20034;1998;AN006840;E19988T00D02;Retsinformation;;Fremgår af forskriften;19980101;20080205;20080205;;;FALSE;;;;;;;;;https://www.retsinformation.dk/eli/retsinfo/1998/20034
E;Stor vejledning;MOMSVEJLEDNING, TEKST 1995   AFSNIT P - ANGIVELSE OG BETALING;;Skatteministeriet;;;20009;1995;AN008861;E19956MV0016;Retsinformation;;Fremgår af forskriften;19950101;20080205;20080205;;;FALSE;;;;;;;;;https://www.retsinformation.dk/eli/retsinfo/1995/20009
C;Vejledning;Vejledning om kommuneplanlægning;;Ministeriet for Fødevarer, Landbrug og Fiskeri;;Miljømin., By- og Landskabsstyrelsen, j.nr. ;9756;2008;AL001886;C20080975660;Retsinformation;;Fremgår af forskriften;20080515;20081111;20081111;;;FALSE;;;;;;;;;https://www.retsinformation.dk/eli/retsinfo/2008/9756
B;Bekendtgørelse;Bekendtgørelse om indsatsprogrammer for vandområdedistrikter;Indsatsbekendtgørelsen;Miljøministeriet;Miljø- og Fødevareministeriet;Miljø- og Fødevaremin., j.nr. 2018-1740;449;2019;CK002036;B20190044905;Lovtidende A;;Fremgår af forskriften;20190411;20190417;20190417;20190417;;FALSE;;;;;A20170012629;;;;https://www.retsinformation.dk/eli/lta/2019/449
B;Bekendtgørelse;Bekendtgørelse om finansielle rapporter for kreditinstitutter og fondsmæglerselskaber m.fl.;;Erhvervsministeriet;Finanstilsynet;Erhvervs- og Vækstmin.,\n Finanstilsynet, j.nr. 152-0012;281;2014;BP000876;B20140028105;Lovtidende A;;Fremgår af forskriften;20140326;20140328;20140328;20140328;;FALSE;;;;;A20210201529,A20220040629;BEK nr 707 af 01/06/2016,BEK nr 1043 af 05/09/2017,BEK nr 1441 af 03/12/2018,BEK nr 1593 af 09/11/2020;;;https://www.retsinformation.dk/eli/lta/2014/281
C;Vejledning;Vejledning om planlægning for og tilladelse til opstilling af vindmøller;;Indenrigs- og Boligministeriet;;Indenrigs- og Boligmin.\nBolig- og planstyrelsen j.nr;9317;2022;DE000217;C20220931760;Retsinformation;;Fremgår af forskriften;20220126;20220325;20220325;;;FALSE;;;;;;;;;https://www.retsinformation.dk/eli/retsinfo/2022/9317
B;Bekendtgørelse;Bekendtgørelse om Meddelelser fra Søfartsstyrelsen E, Teknisk forskrift om fiskeskibes bygning og udstyr m.v.;;Erhvervsministeriet;Søfartsstyrelsen;Økonomi- og Erhvervsmin.,\nSøfartsstyrelsen, j.nr. 201009473;1459;2010;AU004244;B20100145905;Lovtidende A;;Fremgår af forskriften;20101214;20101218;20101218;20101218;;FALSE;;;;;B20080088203,A20220022129;BEK nr 580 af 30/05/2017;;;https://www.retsinformation.dk/eli/lta/2010/1459
C;Vejledning;Vejledning om tilskud til Pleje af græs- og naturarealer 2021;;Ministeriet for Fødevarer, Landbrug og Fiskeri;;Landbrugsstyrelsen, j. nr. 20-13233-000008;9982;2021;DC000410;C20210998260;Retsinformation;;Fremgår af forskriften;20211130;20211201;20211201;;;FALSE;;;;;;;;;https://www.retsinformation.dk/eli/retsinfo/2021/9982
C;Cirkulære (1 sp);Cirkulære om kortlægning af og redegørelse for affaldsbortskaffelsen (Til samtlige amtsråd og kommunalbestyrelser og Hovedstadsrådet);;Ministeriet for Fødevarer, Landbrug og Fiskeri;Miljøstyrelsen;Miljøstyrelsen, j. nr. 84-3012-1;35;1985;CM007850;C19850003509;Ministerialtidende;;Fremgår af forskriften;19850325;19970925;20070731;19850620;;FALSE;;;;;A20170002829;;;;https://www.retsinformation.dk/eli/mt/1985/35
B;Bekendtgørelse;Bekendtgørelse om Meddelelser fra Søfartsstyrelsen E, teknisk forskrift om fiskeskibes bygning og udstyr m.v.;;Erhvervsministeriet;Søfartsstyrelsen;Økonomi- og Erhvervsmin.,\nSøfartsstyrelsen, j.nr. 200809059;1375;2008;AU003501;B20080137505;Lovtidende A;;Fremgår af forskriften;20081215;20081223;20081223;20081223;;FALSE;;;;;A20220022129;;;;https://www.retsinformation.dk/eli/lta/2008/1375
C;Vejledning;Vejledning om fødevarehygiejne;Hygiejnevejledningen;Ministeriet for Fødevarer, Landbrug og Fiskeri;Fødevarestyrelsen;Ministeriet for Fødevarer, Landbrug og Fiskeri\nFødevarestyrelsen, j.nr. 2021-28-33-00154;9866;2022;DC000679;C20220986660;Retsinformation;;Fremgår af forskriften;20220727;20220728;20220728;;;FALSE;;;;;A20220000829;;;;https://www.retsinformation.dk/eli/retsinfo/2022/9866
C;Vejledning;Vejledning om planloven;;Indenrigs- og Boligministeriet;Miljø- og Energiministeriet, Landsplanafdelingen;D 3010-0001;187;1996;CM042920;C19960018760;Ministerialtidende;;Fremgår af forskriften;19961114;19970925;20070717;19961212;;FALSE;;;;;A20200115729;VEJ nr 12392 af 10/10/2001,VEJ nr 12393 af 25/10/2001;;;https://www.retsinformation.dk/eli/mt/1996/187
C;Vejledning;Vejledning om retningslinier for samarbejdet mellem Arbejdsskadestyrelsen, forsikringsselskaber og kommuner m. fl. med henblik på koordinering af hjælpeforanstaltninger for de arbejdsskadede jf. § 19, stk. 1 i lov om forsikring mod følger af    arbejdsskade;;Beskæftigelsesministeriet;;Socialmin., 1.1.kt.j.nr. 0512-11;36;1993;CM013163;C19930003660;Ministerialtidende;;Fremgår af forskriften;19930308;19971001;20060316;19930325;;FALSE;;;;;A20220118629;;;;https://www.retsinformation.dk/eli/mt/1993/36
E;Stor vejledning;MOMSVEJLEDNING, TEKST 1993   AFSNIT A - INDLEDNING;;Skatteministeriet;;;20002;1993;AN008662;E19936MV0001;Retsinformation;;Fremgår af forskriften;19930101;20080205;20080205;;;FALSE;;;;;;;;;https://www.retsinformation.dk/eli/retsinfo/1993/20002
C;Skrivelse;Regulering af ordensbøder nye bødesatser;;Skatteministeriet;SKAT;Skattemin.,\nSKAT, j.nr. 05-006845;10126;2007;AN005720;C20071012654;Retsinformation;;Fremgår af forskriften;20070102;20070102;20070102;;;FALSE;;;;;A20190102129,A20210271129,A20220002929;;;;https://www.retsinformation.dk/eli/retsinfo/2007/10126
C;Cirkulære (1 sp);Cirkulære om vandindvindings- og vandforsyningsplanlægning (Til kommunalbestyrelser, amtsråd og hovedstadsrådet);;Miljøministeriet;Miljøstyrelsen;Miljøst. j.nr. M. 2001-46;63;1980;CM007858;C19800006309;Ministerialtidende;;Fremgår af forskriften;19800225;19970925;20070206;19800611;;FALSE;;;;;A20220060229;;;;https://www.retsinformation.dk/eli/mt/1980/63
E;Stor vejledning;MOMSVEJLEDNING, TEKST 1993   AFSNIT M - ANDRE BESTEMMELSER;;Skatteministeriet;;;20052;1993;AN007031;E19936MV0013;Retsinformation;;Fremgår af forskriften;19930101;20080205;20080205;;;FALSE;;;;;;;;;https://www.retsinformation.dk/eli/retsinfo/1993/20052
A;Lovbekendtgørelse;Bekendtgørelse af lov om fremme af vedvarende energi;VE-loven;Klima-, Energi- og Forsyningsministeriet;Energistyrelsen;Klima-, Energi- og Forsyningsmin.,\nEnergistyrelsen, j.nr. 2021-434;1791;2021;DB000300;A20210179129;Lovtidende A;;Fremgår af forskriften;20210902;20210911;20211202;20210911;;FALSE;Ved en fejl er § 1, nr. 3 (delvist) i lov nr. 499 af 1. maj 2019 ikke blevet indarbejdet i denne lovbekendtgørelse. Fejlen vedrører §§ 35 c og 35 d, som blev sat i kraft den 11. december 2020 ved bekendtgørelse nr. 1856 af 9. december 2020.;;;;;LOV nr 1705 af 23/12/2016,LOV nr 504 af 23/05/2018,LOV nr 499 af 01/05/2019,LOV nr 923 af 18/05/2021,LOV nr 2605 af 28/12/2021,LOV nr 804 af 07/06/2022;;;https://www.retsinformation.dk/eli/lta/2021/1791
A;Ændringslov;Lov om ændring af forskellige afgiftslove m.v. (Konsekvensændringer m.v.)(* 1);;Skatteministeriet;;Skattemin., j.nr. 8.93-231-59;376;1994;CM022537;A19940037630;Lovtidende A;;Fremgår af forskriften;19940518;19970925;20030423;19940519;;FALSE;(* 1) § 15 nr 2, 4, 5 og 6 er trådt i kraft den 24. december 1994, jvf. H BEK nr. 1145 af 22/12/1994;;;;;;;;https://www.retsinformation.dk/eli/lta/1994/376
C;Reglement;Ordensreglement for 'Gl. KANONJOLLESKURE' (Salterierne);;Forsvarsministeriet;;Ingen;25080;1982;CM000946;C19822508049;Retsinformation;;Fremgår af forskriften;19821231;19970925;19970925;;;FALSE;Der er indsat en fiktiv dato af systemtekniske hensyn.,Kun år og måned for underskrivelsen er kendt.;;;;;;;;https://www.retsinformation.dk/eli/retsinfo/1982/25080
A;Lov;Lov om Danmarks tiltrædelse af De europæiske Fællesskaber (Tiltrædelsesloven) Bilag 1 til loven: Akt vedrørende tiltrædelsesvilkårene og tilpasningerne af traktaterne (Tiltrædelsesakten) Bilag til Tiltrædelsesakten Bilag I. Den i    Tiltrædelsesaktens artikel 29 nævnte liste (* 1);;Udenrigsministeriet;Udenrigsministeriet;Udenrigsmin. J.nr. 108.Dan.a/6;21103;1972;CM031265;A19722110330;Lovtidende A;;Fremgår af forskriften;19721011;19971001;19990128;19721116;;FALSE;(* 1) De af bilagene til loven omfattede traktater og andre akter er af tekniske grunde indlagt i Retsinformation som 80 særskilte dokumenter. En fortegnelse over disse særskilte dokumenter med angivelse af det nummer, hvert enkelt dokument er blevet tildelt i Retsinformation, er indlagt som note 2 til U LOV nr. 447 af 11. oktober 1972 (Tiltrædelsesloven);;;;;;;;https://www.retsinformation.dk/eli/lta/1972/21103
C;Vejledning;Vejledning om Tilskud til skov med biodiversitetsformål 2021;;Ministeriet for Fødevarer, Landbrug og Fiskeri;;Landbrugsstyrelsen, j. nr 21-13233;9611;2021;DC000308;C20210961160;Retsinformation;;Fremgår af forskriften;20210811;20210812;20220326;;;FALSE;;;;;B20210040405;;;;https://www.retsinformation.dk/eli/retsinfo/2021/9611
E;Stor vejledning;MOMSVEJLEDNING, TEKST 1997   AFSNIT N - FAKTURERINGS- OG REGNSKABSBESTEMMELSER;;Skatteministeriet;;;20108;1997;AN006887;E19976MV0014;Retsinformation;;Fremgår af forskriften;19970101;20080205;20080205;;;FALSE;;;;;;;;;https://www.retsinformation.dk/eli/retsinfo/1997/20108
E;Stor vejledning;MOMSVEJLEDNING 1998  OVERSIGTER;;Skatteministeriet;;;20006;1998;AN006812;E19985O00MVL;Retsinformation;;Fremgår af forskriften;19980101;20080205;20080205;;;FALSE;;;;;;;;;https://www.retsinformation.dk/eli/retsinfo/1998/20006
L;Bekendtgørelse (international);Bekendtgørelse af frihandelsaftale af 12. januar 1994 mellem Danmark/Færøerne og Schweiz;;Udenrigsministeriet;Udenrigsministeriet;Udenrigsmin. N.5. j.nr. 64. Færøerne/Schweiz;60;1997;CM044167;L19970006064;Lovtidende C;;Fremgår af forskriften;19970501;19971001;19981026;19970514;;FALSE;;;;;;;;;https://www.retsinformation.dk/eli/ltc/1997/60
E;Stor vejledning;MOMSVEJL., OVERSIGTER 1995  OVERSIGTER 1995 - (FORORD, BILAGSHENVISNINGER M.M.);;Skatteministeriet;;;20052;1995;AN006957;E19955O00MVL;Retsinformation;;Fremgår af forskriften;19950101;20080205;20080205;;;FALSE;;;;;;;;;https://www.retsinformation.dk/eli/retsinfo/1995/20052
C;Vejledning;Vejledning om Økologisk Arealtilskud 2021;;Ministeriet for Fødevarer, Landbrug og Fiskeri;;Landbrugsstyrelsen, j. nr. 20-2321-000033;9981;2021;DC000409;C20210998160;Retsinformation;;Fremgår af forskriften;20211130;20211201;20211201;;;FALSE;;;;;;;;;https://www.retsinformation.dk/eli/retsinfo/2021/9981
E;Stor vejledning;MOMSVEJLEDNING, TEKST 1993   AFSNIT J - ANGIVELSE OG BETALING;;Skatteministeriet;;;20011;1993;AN008671;E19936MV0010;Retsinformation;;Fremgår af forskriften;19930101;20080205;20080205;;;FALSE;;;;;;;;;https://www.retsinformation.dk/eli/retsinfo/1993/20011
C;Vejledning;Vejledning om mælkekontrol;Mælkekontrolvejledningen;Ministeriet for Fødevarer, Landbrug og Fiskeri;Fødevarestyrelsen;Familie- og Forbrugermin.,n\Fødevarestyrelsen, j.nr. 2006-20-23-01460;9048;2006;BG000371;C20060904860;Retsinformation;;Fremgår af forskriften;20051223;20060206;20060206;;;FALSE;;;;;;;;;https://www.retsinformation.dk/eli/retsinfo/2006/9048
E;Stor vejledning;MOMSVEJLEDNING, TEKST 1996   AFSNIT N - FAKTURERINGS- OG REGNSKABSBESTEMMELSER;;Skatteministeriet;;;20027;1996;AN006933;E19966MV0014;Retsinformation;;Fremgår af forskriften;19960101;20080205;20080205;;;FALSE;;;;;;;;;https://www.retsinformation.dk/eli/retsinfo/1996/20027
E;Stor vejledning;MOMSVEJLEDNING, TEKST 1995   AFSNIT N - FAKTURERINGS- OG REGNSKABSBESTEMMELSER;;Skatteministeriet;;;20007;1995;AN008859;E19956MV0014;Retsinformation;;Fremgår af forskriften;19950101;20080205;20080205;;;FALSE;;;;;;;;;https://www.retsinformation.dk/eli/retsinfo/1995/20007
E;Stor vejledning;TOLDVEJLEDNING 2001  A.5 VAREBESTEMMELSER;;Skatteministeriet;;;20080;2001;AN007890;E20018T00008;Retsinformation;;Fremgår af forskriften;20010101;20080205;20080205;;;FALSE;;;;;;;;;https://www.retsinformation.dk/eli/retsinfo/2001/20080
L;Bekendtgørelse (international);Bekendtgørelse af De Forenede Nationers konvention af 17. juni 1994 om bekæmpelse af ørkendannelse i de lande, der er ramt af alvorlig tørke og/eller ørkendannelse, særlig i Afrika (FN's ørkenkonvention);;Udenrigsministeriet;;Udenrigsmin.,\nMiljøsekretariatet, j.nr. 46.B.91.c.;42;2000;AS000279;L20000004264;Lovtidende C;;Fremgår af forskriften;20000706;20000720;20010403;20000720;;FALSE;;;;;;;;;https://www.retsinformation.dk/eli/ltc/2000/42
E;Stor vejledning;MOMSVEJLEDNINGEN 2000  AFSNIT Y IKRAFTTRÆDELSESBESTEMMELSER;;Skatteministeriet;;;20111;2000;AN009000;E20006MV0024;Retsinformation;;Fremgår af forskriften;20000101;20080205;20080205;;;FALSE;;;;;;;;;https://www.retsinformation.dk/eli/retsinfo/2000/20111
E;Stor vejledning;MOMSVEJLEDNING 1999  AFSNIT Y IKRAFTTRÆDELSESBESTEMMELSER;;Skatteministeriet;;;20006;1999;AN008844;E19996MV0024;Retsinformation;;Fremgår af forskriften;19990101;20080205;20080205;;;FALSE;;;;;;;;;https://www.retsinformation.dk/eli/retsinfo/1999/20006
C;Skrivelse;Eftergivelse af børnebidrag mv.;;Skatteministeriet;SKAT;Skattemin.,\nSKAT, j.nr. 06-007753;9588;2006;AN005420;C20060958854;Retsinformation;;Fremgår af forskriften;20060224;20060804;20060804;;;FALSE;;;;;A20210271129;;;;https://www.retsinformation.dk/eli/retsinfo/2006/9588
E;Stor vejledning;MOMSVEJLEDNING 1999  OVERSIGTER;;Skatteministeriet;;;20037;1999;AN009087;E19995O00MVL;Retsinformation;;Fremgår af forskriften;19990101;20080205;20080205;;;FALSE;;;;;;;;;https://www.retsinformation.dk/eli/retsinfo/1999/20037
E;Stor vejledning;MOMSVEJL., OVERSIGTER 1993  OVERSIGTER 1993 - (INDHOLD M.M.);;Skatteministeriet;;;20001;1993;AN008661;E19935O00MVL;Retsinformation;;Fremgår af forskriften;19930101;20080205;20080205;;;FALSE;;;;;;;;;https://www.retsinformation.dk/eli/retsinfo/1993/20001
C;Cirkulære (1 sp);Cirkulære om vandløbsloven (Til kommunalbestyrelser, amtsråd, hovedstadsrådet og formænd for landvæsenskommissioner og overlandvæsenskommissioner);;Miljøministeriet;Miljøstyrelsen;Miljøstyr. j.nr. 84-2013-5;21;1985;CM007838;C19850002109;Ministerialtidende;;Fremgår af forskriften;19850226;19970925;20070709;19850523;;FALSE;;;;;A20190121729;;;;https://www.retsinformation.dk/eli/mt/1985/21
E;Stor vejledning;MOMSVEJLEDNING, TEKST 1996   AFSNIT P - ANGIVELSE OG BETALING;;Skatteministeriet;;;20029;1996;AN006935;E19966MV0016;Retsinformation;;Fremgår af forskriften;19960101;20080205;20080205;;;FALSE;;;;;;;;;https://www.retsinformation.dk/eli/retsinfo/1996/20029
E;Stor vejledning;DØDSBOBESKATNING 1997   AFSNIT BL;;Skatteministeriet;;;20089;1997;AN006868;E19974E00012;Retsinformation;;Fremgår af forskriften;19970101;20080205;20080205;;;FALSE;;;;;;;;;https://www.retsinformation.dk/eli/retsinfo/1997/20089
E;Stor vejledning;MOMSVEJL., OVERSIGTER 1997  OVERSIGTER 1997 - (INDHOLD M.M.);;Skatteministeriet;;;20092;1997;AN006871;E19975O00MVL;Retsinformation;;Fremgår af forskriften;19970101;20080205;20080205;;;FALSE;;;;;;;;;https://www.retsinformation.dk/eli/retsinfo/1997/20092
E;Stor vejledning;MOMSVEJL., OVERSIGTER 1996  OVERSIGTER 1996 - (INDHOLD M.M.);;Skatteministeriet;;;20044;1996;AN008767;E19965O00MVL;Retsinformation;;Fremgår af forskriften;19960101;20080205;20080205;;;FALSE;;;;;;;;;https://www.retsinformation.dk/eli/retsinfo/1996/20044
E;Stor vejledning;MOMSVEJLEDNING, TEKST 1993   AFSNIT I - FAKTURERINGS- OG REGNSKABSBESTEMMELSER;;Skatteministeriet;;;20010;1993;AN008670;E19936MV0009;Retsinformation;;Fremgår af forskriften;19930101;20080205;20080205;;;FALSE;;;;;;;;;https://www.retsinformation.dk/eli/retsinfo/1993/20010
C;Vejledning;Vejledning om overfladebehandling af skibe;;Miljøministeriet;Miljøstyrelsen;0;60331;1991;AL000152;C19996033160;Retsinformation;;Fremgår af forskriften;19910901;19990106;20011129;;;FALSE;Nr. 3;;;;;;;;https://www.retsinformation.dk/eli/retsinfo/1991/60331
E;Stor vejledning;MOMSVEJLEDNING, TEKST 1997   AFSNIT P - ANGIVELSE OG BETALING;;Skatteministeriet;;;20015;1997;AN009037;E19976MV0016;Retsinformation;;Fremgår af forskriften;19970101;20080205;20080205;;;FALSE;;;;;;;;;https://www.retsinformation.dk/eli/retsinfo/1997/20015
C;Vejledning;Vejledning om husdyrhold og arealkrav m.v.;;Ministeriet for Fødevarer, Landbrug og Fiskeri;Jordbrugskommissionerne og Direktoratet for FødevareErhverv;Fødevaremin.,\nDirektoratet for FødevareErhverv, j.nr. 93S-413-00055;97;2002;AH001313;C20020009760;Ministerialtidende;;Fremgår af forskriften;20021015;20021018;20070129;20021018;;FALSE;;;;;A19990059829,A20200011629;;;;https://www.retsinformation.dk/eli/mt/2002/97
E;Stor vejledning;MOMSVEJLEDNINGEN 2001;;Skatteministeriet;;;20070;2001;AN007880;E20016MV0024;Retsinformation;;Fremgår af forskriften;20010101;20080205;20080205;;;FALSE;;;;;;;;;https://www.retsinformation.dk/eli/retsinfo/2001/20070
C;Vejledning;Vejledning om tilskud til producentorganisationer under markedsordningen for frugt og grønt 2020;;Ministeriet for Fødevarer, Landbrug og Fiskeri;Landbrugsstyrelsen;Ministeriet for fødevarer, Landbrug og Fiskeri, :\ Landbrugsstyrelsen, :\ J.nr. 20-2225-000004 ;9906;2022;DC000688;C20220990660;Retsinformation;;Fremgår af forskriften;20200603;20220818;20220818;;;FALSE;;;;;B20210109805;;;;https://www.retsinformation.dk/eli/retsinfo/2022/9906
E;Stor vejledning;PERSONBESKATNING 1991   AFSNIT EI - AFSTÅELSE AF ERHVERVSVIRKSOMHED OG RETTIGHEDER (GOODWILL )   M.V.;;Skatteministeriet;;;20045;1991;AN007078;E19912P00E09;Retsinformation;;Fremgår af forskriften;19910101;20080205;20080205;;;FALSE;;;;;;;;;https://www.retsinformation.dk/eli/retsinfo/1991/20045
E;Stor vejledning;AFSKRIVNINGSLOVEN 1999  AFSNIT 6 ANDRE AFSKRIVNINGER;;Skatteministeriet;;;20013;1999;AN009104;E19996AL0006;Retsinformation;;Fremgår af forskriften;19990101;20080205;20080205;;;FALSE;;;;;;;;;https://www.retsinformation.dk/eli/retsinfo/1999/20013
E;Stor vejledning;MOMSVEJLEDNING 1999  AFSNIT P ANGIVELSE OG BETALING;;Skatteministeriet;;;20064;1999;AN006804;E19996MV0016;Retsinformation;;Fremgår af forskriften;19990101;20080205;20080205;;;FALSE;;;;;;;;;https://www.retsinformation.dk/eli/retsinfo/1999/20064
C;Vejledning;UDENRIGSMINISTERIETS VEJLEDNING VEDRØRENDE TRAKTATINDGÅELSE;Traktatvejledningen;Udenrigsministeriet;Udenrigsministeriet;Udenrigsministeriet, j.nr. 99.R.2018-xxxx;9575;2018;AS001794;C20180957560;Retsinformation;;Fremgår af forskriften;20180706;20180710;20180710;;;FALSE;"  De til vejledningen knyttede bilag kan ses på Udenrigsministeriets hjemmeside: http://traktat.um.dk""";;;;;;;;https://www.retsinformation.dk/eli/retsinfo/2018/9575
C;Vejledning;Vejledning om konsekvensanalyser;;Finansministeriet;;Digistaliseringsstyrelsen;9319;2018;AE002548;C20180931960;Retsinformation;;Fremgår af forskriften;20180507;20180508;20180508;;;FALSE;;;;;;;;;https://www.retsinformation.dk/eli/retsinfo/2018/9319
E;Stor vejledning;MOMSVEJLEDNING, TEKST 1997   AFSNIT M - REGISTRERING;;Skatteministeriet;;;20107;1997;AN006886;E19976MV0013;Retsinformation;;Fremgår af forskriften;19970101;20080205;20080205;;;FALSE;;;;;;;;;https://www.retsinformation.dk/eli/retsinfo/1997/20107
E;Stor vejledning;TOLDVEJLEDNING 1997   AFSNIT A.1 - GODSREGISTRERING;;Skatteministeriet;;;20025;1997;AN009047;E19978T00A01;Retsinformation;;Fremgår af forskriften;19970101;20080205;20080205;;;FALSE;;;;;;;;;https://www.retsinformation.dk/eli/retsinfo/1997/20025
E;Stor vejledning;TOLDVEJLEDNING 2000  A.1 GODSREGISTRERING;;Skatteministeriet;;;20051;2000;AN006760;E20008T00003;Retsinformation;;Fremgår af forskriften;20000101;20080205;20080205;;;FALSE;;;;;;;;;https://www.retsinformation.dk/eli/retsinfo/2000/20051
E;Stor vejledning;TOLDVEJLEDNING 1998   AFSNIT A.1 - GODSREGISTRERING;;Skatteministeriet;;;20019;1998;AN006825;E19988T00A01;Retsinformation;;Fremgår af forskriften;19980101;20080205;20080205;;;FALSE;;;;;;;;;https://www.retsinformation.dk/eli/retsinfo/1998/20019
C;Vejledning;VEJLEDNING OM RÅDETS FORORDNING (EF) nr. 1/2005 AF 22. DECEMBER 2004 OM BESKYTTELSE AF DYR UNDER TRANSPORT OG DERMED FORBUNDNE AKTIVITETER M.V.;;Ministeriet for Fødevarer, Landbrug og Fiskeri;;Justitsmin., j.nr. 2005-5401-0020;145;2006;AA003452;C20060014560;Ministerialtidende;;Fremgår af forskriften;20061221;20061230;20070104;20061230;;FALSE;;;;;A20210159729;;;;https://www.retsinformation.dk/eli/mt/2006/145
E;Stor vejledning;LIGNINGSINSTRUKTIONEN 1984   LIGNINGSINSTRUKTIONEN FOR 1984;;Skatteministeriet;;;20058;1984;AN008390;E19841I00000;Retsinformation;;Fremgår af forskriften;19840101;20080205;20080205;;;FALSE;;;;;;;;;https://www.retsinformation.dk/eli/retsinfo/1984/20058
E;Stor vejledning;PERSONBESKATNING 1992   AFSNIT EI - AFSTÅELSE AF ERHVERVSVIRKSOMHED OG RETTIGHEDER (GOODWILL) MV.;;Skatteministeriet;;;20008;1992;AN007048;E19922P00E09;Retsinformation;;Fremgår af forskriften;19920101;20080205;20080205;;;FALSE;;;;;;;;;https://www.retsinformation.dk/eli/retsinfo/1992/20008
C;Vejledning;Vejledning om tilstrækkeligt kapitalgrundlag og solvensbehov for kreditinstitutter;;Erhvervsministeriet;Finanstilsynet;Erhvervsmin.,\nFinanstilsynet, j.nr.21-001687;10069;2021;CQ002008;C20211006960;Retsinformation;;Fremgår af forskriften;20211216;20211217;20211217;;;FALSE;;;;;B20200215505;;;;https://www.retsinformation.dk/eli/retsinfo/2021/10069
E;Stor vejledning;MOMSVEJLEDNING, TEKST 1995   AFSNIT M - REGISTRERING;;Skatteministeriet;;;20006;1995;AN008858;E19956MV0013;Retsinformation;;Fremgår af forskriften;19950101;20080205;20080205;;;FALSE;;;;;;;;;https://www.retsinformation.dk/eli/retsinfo/1995/20006
E;Stor vejledning;MOMSVEJLEDNING 1998  AFSNIT A INDLEDNING;;Skatteministeriet;;;20060;1998;AN008874;E19986MV0001;Retsinformation;;Fremgår af forskriften;19980101;20080205;20080205;;;FALSE;;;;;;;;;https://www.retsinformation.dk/eli/retsinfo/1998/20060
C;Vejledning;Vejledning om miljøvurdering af planer og programmer;;Miljøministeriet;By- og Landskabsstyrelsen/Søfartsstyrelsen;Miljømin., Skov- og Naturstyrelsen, j.nr.SNS-100-00021 ;9664;2006;AL001426;C20060966460;Retsinformation;;Fremgår af forskriften;20060618;20060824;20060907;;;FALSE;;;;;A20210197629;;;;https://www.retsinformation.dk/eli/retsinfo/2006/9664
E;Stor vejledning;MOMSVEJLEDNING 1999  AFSNIT A INDLEDNING;;Skatteministeriet;;;20022;1999;AN009113;E19996MV0001;Retsinformation;;Fremgår af forskriften;19990101;20080205;20080205;;;FALSE;;;;;;;;;https://www.retsinformation.dk/eli/retsinfo/1999/20022
E;Stor vejledning;MOMSVEJLEDNINGEN 2000  AFSNIT A INDLEDNING;;Skatteministeriet;;;20102;2000;AN009122;E20006MV0001;Retsinformation;;Fremgår af forskriften;20000101;20080205;20080205;;;FALSE;;;;;;;;;https://www.retsinformation.dk/eli/retsinfo/2000/20102
E;Stor vejledning;MOMSVEJLEDNING 2003  AFSNIT A INDLEDNING;;Skatteministeriet;;;20121;2003;AN008331;E20036MV0001;Retsinformation;;Fremgår af forskriften;20030101;20080205;20080205;;;FALSE;;;;;;;;;https://www.retsinformation.dk/eli/retsinfo/2003/20121
E;Stor vejledning;MOMSVEJLEDNING 2002  AFSNIT A INDLEDNING;;Skatteministeriet;;;20018;2002;AN007942;E20026MV0001;Retsinformation;;Fremgår af forskriften;20020101;20080205;20080205;;;FALSE;;;;;;;;;https://www.retsinformation.dk/eli/retsinfo/2002/20018
E;Stor vejledning;MOMSVEJLEDNINGEN 2001;;Skatteministeriet;;;20015;2001;AN007982;E20016MV0001;Retsinformation;;Fremgår af forskriften;20010101;20080205;20080205;;;FALSE;;;;;;;;;https://www.retsinformation.dk/eli/retsinfo/2001/20015
E;Stor vejledning;PERSONBESKATNING 1993   AFSNIT EI - AFSTÅELSE AF ERHVERVSVIRKSOMHED OG RETTIGHEDER (GOODWILL) MV.;;Skatteministeriet;;;20022;1993;AN008643;E19932P00E09;Retsinformation;;Fremgår af forskriften;19930101;20080205;20080205;;;FALSE;;;;;;;;;https://www.retsinformation.dk/eli/retsinfo/1993/20022
E;Stor vejledning;TOLDVEJLEDNING 1997   AFSNIT A.5 - VAREBESTEMMELSER;;Skatteministeriet;;;20111;1997;AN006890;E19978T00A05;Retsinformation;;Fremgår af forskriften;19970101;20080205;20080205;;;FALSE;;;;;;;;;https://www.retsinformation.dk/eli/retsinfo/1997/20111
E;Stor vejledning;"TOLDVEJLEDNING; TOLDBEHANDLING 2006  D.1 TOLDKONTROL OG TOLDBEHANDLING AF TRAFIKMIDLER OG PERSONER";;Skatteministeriet;;;20001;2006;AN008115;E20066TT0007;Retsinformation;;Fremgår af forskriften;20060101;20080205;20080205;;;FALSE;;;;;;;;;https://www.retsinformation.dk/eli/retsinfo/2006/20001
E;Stor vejledning;"TOLDVEJLEDNING; TOLDBEHANDLING 2003  D.1 TOLDKONTROL OG TOLDBEHANDLING AF TRAFIKMIDLER OG PERSONER";;Skatteministeriet;;;20085;2003;AN007834;E20036TT0007;Retsinformation;;Fremgår af forskriften;20030101;20080205;20080205;;;FALSE;;;;;;;;;https://www.retsinformation.dk/eli/retsinfo/2003/20085
E;Stor vejledning;"TOLDVEJLEDNING; TOLDBEHANDLING 2007  D.1 TOLDKONTROL OG TOLDBEHANDLING AF TRAFIKMIDLER OG PERSONER";;Skatteministeriet;;;20074;2007;AN007733;E20076TT0007;Retsinformation;;Fremgår af forskriften;20070101;20080205;20080205;;;FALSE;;;;;;;;;https://www.retsinformation.dk/eli/retsinfo/2007/20074
C;Vejledning;Vejledning om økologisk investeringsstøtte 2021;;Ministeriet for Fødevarer, Landbrug og Fiskeri;Landbrugsstyrelsen;Ministeriet for Fødevarer, Landbrug og Fiskeri\nLandbrugsstyrelsen j.nr. 21-12130-00002 ;9280;2021;DC000178;C20210928060;Retsinformation;;Fremgår af forskriften;20210409;20210504;20210504;;;FALSE;;;;;A20200011429;;;;https://www.retsinformation.dk/eli/retsinfo/2021/9280
E;Stor vejledning;PERSONBESKATNING 1994   AFSNIT EI - AFSTÅELSE AF ERHVERVSVIRKSOMHED OG RETTIGHEDER (GOODWILL) MV.;;Skatteministeriet;;;20008;1994;AN006981;E19942P00E09;Retsinformation;;Fremgår af forskriften;19940101;20080205;20080205;;;FALSE;;;;;;;;;https://www.retsinformation.dk/eli/retsinfo/1994/20008
C;Vejledning;Vejledning om tilskud til Biavlsprogrammet 2020-2022;;Ministeriet for Fødevarer, Landbrug og Fiskeri;Landbrugsstyrelsen;Ministeriet for Fødevarer, Landbrug og Fiskeri\nLandbrugsstyrelsen, j.nr. 21-2604-000003;9191;2021;DC000151;C20210919160;Retsinformation;;Fremgår af forskriften;20210322;20210323;20210323;;;FALSE;;;;;;;;;https://www.retsinformation.dk/eli/retsinfo/2021/9191
E;Stor vejledning;"TOLDVEJLEDNING; TOLDBEHANDLING 2003  E. 1. ADRESSER";;Skatteministeriet;;;20086;2003;AN007835;E20036TT0008;Retsinformation;;Fremgår af forskriften;20030101;20080205;20080205;;;FALSE;;;;;;;;;https://www.retsinformation.dk/eli/retsinfo/2003/20086
E;Stor vejledning;TOLDVEJLEDNING 2000  A.5 VAREBESTEMMELSER;;Skatteministeriet;;;20055;2000;AN006764;E20008T00007;Retsinformation;;Fremgår af forskriften;20000101;20080205;20080205;;;FALSE;;;;;;;;;https://www.retsinformation.dk/eli/retsinfo/2000/20055
E;Stor vejledning;TOLDVEJLEDNING 1998   AFSNIT A.5 - VAREBESTEMMELSER;;Skatteministeriet;;;20023;1998;AN006829;E19988T00A05;Retsinformation;;Fremgår af forskriften;19980101;20080205;20080205;;;FALSE;;;;;;;;;https://www.retsinformation.dk/eli/retsinfo/1998/20023
C;Vejledning;Vejledning om administration af råstofloven\nEn vejledning til regioner og kommuner;;Miljøministeriet;Naturstyrelsen;Miljømin.,\nNaturstyrelsen, j.nr. NST-;10149;2012;AL003014;C20121014960;Retsinformation;;Fremgår af forskriften;20120903;20140902;20140902;;;FALSE;;;;;A20170012429;;;;https://www.retsinformation.dk/eli/retsinfo/2012/10149
C;Meddelelse;Offentlig sygesikring for søfarende m.fl.;;Erhvervsministeriet;Søfartsstyrelsen;Ingen;60280;1984;CM025619;C19846028032;Retsinformation;;Fremgår af forskriften;19840301;19970924;20070507;;;FALSE;Bkg. i Direktoratet for søfarendes meddelelse nr. 1, 19840301;;;;A20220021029;;;;https://www.retsinformation.dk/eli/retsinfo/1984/60280
E;Stor vejledning;PERSONBESKATNING 1996   AFSNIT EI - AFSTÅELSE AF ERHVERVSVIRKSOMHED, GOODWILL OG IMMATERIELLE   RETTIGHEDER MV.;;Skatteministeriet;;;20008;1996;AN006914;E19962P00E09;Retsinformation;;Fremgår af forskriften;19960101;20080205;20080205;;;FALSE;;;;;;;;;https://www.retsinformation.dk/eli/retsinfo/1996/20008
E;Stor vejledning;PERSONBESKATNING 1995   AFSNIT EI - AFSTÅELSE AF ERHVERVSVIRKSOMHED, GOODWILL OG IMMATERIELLE   RETTIGHEDER MV.;;Skatteministeriet;;;20047;1995;AN006952;E19952P00E09;Retsinformation;;Fremgår af forskriften;19950101;20080205;20080205;;;FALSE;;;;;;;;;https://www.retsinformation.dk/eli/retsinfo/1995/20047
E;Stor vejledning;PERSONBESKATNING 1997   AFSNIT EI - AFSTÅELSE AF ERHVERVSVIRKSOMHED, GOODWILL OG IMMATERIELLE   RETTIGHEDER MV.;;Skatteministeriet;;;20073;1997;AN006852;E19972P00E09;Retsinformation;;Fremgår af forskriften;19970101;20080205;20080205;;;FALSE;;;;;;;;;https://www.retsinformation.dk/eli/retsinfo/1997/20073
C;Vejledning;Tilsyn med landbrug;;Miljøministeriet;;Ingen;60357;1994;CM045793;C19946035760;Retsinformation;;Fremgår af forskriften;19940201;19980315;20011129;;;FALSE;(*)Nr. 3. Andre relevante love for landbrugstilsyn nr. 337 af 4-7-85 lov om vandforsyning, nr. 383 af 14-6-1993 lov om planlægning nr. 404 lov om vandløb nr. 583 af 9-7-1993 lov om kemiske stoffer og produkter.,Nr. 3;;;;A19910035830;;;;https://www.retsinformation.dk/eli/retsinfo/1994/60357
E;Stor vejledning;MOMSVEJLEDNING, TEKST 1996   AFSNIT M - REGISTRERING;;Skatteministeriet;;;20026;1996;AN006932;E19966MV0013;Retsinformation;;Fremgår af forskriften;19960101;20080205;20080205;;;FALSE;;;;;;;;;https://www.retsinformation.dk/eli/retsinfo/1996/20026
C;Vejledning;Vejledning om detailhandelsplanlægning;;Indenrigs- og Boligministeriet;By- og Landskabsstyrelsen;Miljømin.,\nBy- og Landskabsstyrelsen;9290;2010;AL002234;C20100929060;Retsinformation;;Fremgår af forskriften;20100618;20100624;20100624;;;FALSE;;;;;A20200115729;;;;https://www.retsinformation.dk/eli/retsinfo/2010/9290
E;Stor vejledning;MOMSVEJLEDNING 1999  AFSNIT M REGISTRERING §§ 47-51;;Skatteministeriet;;;20061;1999;AN006801;E19996MV0013;Retsinformation;;Fremgår af forskriften;19990101;20080205;20080205;;;FALSE;;;;;;;;;https://www.retsinformation.dk/eli/retsinfo/1999/20061
E;Stor vejledning;PERSONBESKATNING 1985   AFSNIT PF - IKKE ERHVERVSBETINGEDE FRADRAG;;Skatteministeriet;;;20004;1985;AN008337;E19852P00006;Retsinformation;;Fremgår af forskriften;19850101;20080205;20080205;;;FALSE;;;;;;;;;https://www.retsinformation.dk/eli/retsinfo/1985/20004
A;Ændringslov;Lov om ændring af retsplejeloven og forskellige andre love\n(Politi- og domstolsreform);Politi- og domstolsreformen;Justitsministeriet;;Justitsmin., j.nr. 2006-740-0150;538;2006;AA003277;A20060053830;Lovtidende A;;Fremgår af forskriften;20060608;20060609;20160405;20060609;;FALSE;;;;;;LOV nr 547 af 24/06/2005,LOV nr 394 af 30/04/2007,LOV nr 468 af 17/06/2008,LOV nr 1262 af 16/12/2009,LOV nr 492 af 12/05/2010,DSK nr 60162 af 14/03/1989,DSK nr 11223 af 24/04/1995,LOV nr 595 af 14/06/2011,LOV nr 112 af 03/02/2012,LOV nr 848 af 01/07/2010,LOV nr 848 af 01/07/2010,LOV nr 117 af 11/02/2020;;;https://www.retsinformation.dk/eli/lta/2006/538
E;Stor vejledning;PERSONBESKATNING 1986   AFSNIT PF - IKKE ERHVERVSBETINGEDE FRADRAG;;Skatteministeriet;;;20038;1986;AN008600;E19862P00006;Retsinformation;;Fremgår af forskriften;19860101;20080205;20080205;;;FALSE;;;;;;;;;https://www.retsinformation.dk/eli/retsinfo/1986/20038
C;Bestemmelse;FORSVARSKOMMANDOBESTEMMELSE p.321-1 om forsvarets arkivtjeneste.;;Forsvarsministeriet;Forsvarskommandoens Personelstab;Ingen;25085;1981;CM000564;C19812508508;Retsinformation;;Fremgår af forskriften;19810731;19970925;19970925;;;FALSE;Der er indsat en fiktiv dato af systemtekniske hensyn.,Kun år og måned for underskrivelsen er kendt.;;;;;;;;https://www.retsinformation.dk/eli/retsinfo/1981/25085
E;Stor vejledning;PERSONBESKATNING 1985   AFSNIT PL - INDKOMSTOPGØRELSEN FOR SELVSTÆNDIGE ERHVERVSDRIVENDE;;Skatteministeriet;;;20010;1985;AN008343;E19852P00012;Retsinformation;;Fremgår af forskriften;19850101;20080205;20080205;;;FALSE;;;;;;;;;https://www.retsinformation.dk/eli/retsinfo/1985/20010
E;Stor vejledning;TOLDVEJLEDNING 2001  D.1 TOLDKONTROL OG TOLDBEHANDLING AF TRAFIKMIDLER OG PERSONER;;Skatteministeriet;;;20011;2001;AN008099;E20018T00029;Retsinformation;;Fremgår af forskriften;20010101;20080205;20080205;;;FALSE;;;;;;;;;https://www.retsinformation.dk/eli/retsinfo/2001/20011
B;Bekendtgørelse;Bekendtgørelse om forebyggelse mod forurening fra skibe;;Erhvervsministeriet;Søfartsstyrelsen;Erhvervsmin.,\nSøfartsstyrelsen, j.nr. 2022108912;404;2022;CQ002154;B20220040405;Lovtidende A;;Fremgår af forskriften;20220330;20220331;20220331;20220331;;FALSE;;;;;A20220022129;;;;https://www.retsinformation.dk/eli/lta/2022/404
C;Cirkulære (1 sp);Cirkulære om lov om landbrugsejendomme;;Ministeriet for Fødevarer, Landbrug og Fiskeri;Jordbrugsdirektoratet, Matrikeldirektoratet, Landbrugsministeriets departement;Landbrugsmin. j. nr. 86-312-14;54;1987;CM037818;C19870005409;Ministerialtidende;;Fremgår af forskriften;19870319;19970925;20070129;19870603;;FALSE;;;;;A20200011629;;;;https://www.retsinformation.dk/eli/mt/1987/54
E;Stor vejledning;MOMSVEJLEDNING 2003  AFSNIT Y IKRAFTTRÆDELSESBESTEMMELSER;;Skatteministeriet;;;20004;2003;AN007918;E20036MV0024;Retsinformation;;Fremgår af forskriften;20030101;20080205;20080205;;;FALSE;;;;;;;;;https://www.retsinformation.dk/eli/retsinfo/2003/20004
E;Stor vejledning;TOLDVEJLEDNING 1994   AFSNIT D.1 - TOLDKONTROL OG TOLDBEHANDLING AF TRAFIKMIDLER OG PERSONER;;Skatteministeriet;;;20067;1994;AN009071;E19948T00D01;Retsinformation;;Fremgår af forskriften;19940101;20080205;20080205;;;FALSE;;;;;;;;;https://www.retsinformation.dk/eli/retsinfo/1994/20067
E;Stor vejledning;TOLDVEJLEDNING 1997   AFSNIT D.1 - TOLDKONTROL OG TOLDBEHANDLING AF TRAFIKMIDLER OG PERSONER;;Skatteministeriet;;;20122;1997;AN006901;E19978T00D01;Retsinformation;;Fremgår af forskriften;19970101;20080205;20080205;;;FALSE;;;;;;;;;https://www.retsinformation.dk/eli/retsinfo/1997/20122
E;Stor vejledning;PERSONBESKATNING 1984   AFSNIT PL - INDKOMSTOPGØRELSEN FOR SELVSTÆNDIGE ERHVERVSDRIVENDE;;Skatteministeriet;;;20003;1984;AN007344;E19842P00012;Retsinformation;;Fremgår af forskriften;19840101;20080205;20080205;;;FALSE;;;;;;;;;https://www.retsinformation.dk/eli/retsinfo/1984/20003
L;Bekendtgørelse (international);Bekendtgørelse af Geneve-protokol (1967) af 30. juni 1967 til og overenskomst af samme dato om anvendelsen af artikel VI i Den Almindelige Overenskomst om Told og Udenrigshandel.;;Udenrigsministeriet;Udenrigsministeriet;Udenrigsmin. j.nr. 97.B.6.a.;44;1968;CM030104;L19680004464;Lovtidende C;;Fremgår af forskriften;19680328;19971001;20040812;19680614;;FALSE;;;;;;;;;https://www.retsinformation.dk/eli/ltc/1968/44
E;Stor vejledning;PERSONBESKATNING 1987   AFSNIT PF - IKKE ERHVERVSBETINGEDE FRADRAG;;Skatteministeriet;;;20056;1987;AN007225;E19872P00006;Retsinformation;;Fremgår af forskriften;19870101;20080205;20080205;;;FALSE;;;;;;;;;https://www.retsinformation.dk/eli/retsinfo/1987/20056
E;Stor vejledning;PERSONBESKATNING 1984   AFSNIT PF - IKKE ERHVERVSBETINGEDE FRADRAG;;Skatteministeriet;;;20064;1984;AN008396;E19842P00006;Retsinformation;;Fremgår af forskriften;19840101;20080205;20080205;;;FALSE;;;;;;;;;https://www.retsinformation.dk/eli/retsinfo/1984/20064
E;Stor vejledning;TOLDVEJLEDNING 2000  D.1 TOLDKONTROL OG TOLDBEHANDLING AF TRAFIKMIDLER OG PERSONER;;Skatteministeriet;;;20063;2000;AN006772;E20008T00029;Retsinformation;;Fremgår af forskriften;20000101;20080205;20080205;;;FALSE;;;;;;;;;https://www.retsinformation.dk/eli/retsinfo/2000/20063
E;Stor vejledning;TOLDVEJLEDNING 1998   AFSNIT D.1 - TOLDKONTROL OG TOLDBEHANDLING AF TRAFIKMIDLER OG PERSONER;;Skatteministeriet;;;20033;1998;AN006839;E19988T00D01;Retsinformation;;Fremgår af forskriften;19980101;20080205;20080205;;;FALSE;;;;;;;;;https://www.retsinformation.dk/eli/retsinfo/1998/20033
E;Stor vejledning;MOMSVEJLEDNING, TEKST 1993   AFSNIT C - MOMSPLIGTIG VIRKSOMHED OG REGISTRERING;;Skatteministeriet;;;20004;1993;AN008664;E19936MV0003;Retsinformation;;Fremgår af forskriften;19930101;20080205;20080205;;;FALSE;;;;;;;;;https://www.retsinformation.dk/eli/retsinfo/1993/20004
E;Stor vejledning;PERSONBESKATNING 1989   AFSNIT PF - IKKE ERHVERVSBETINGEDE FRADRAG;;Skatteministeriet;;;20019;1989;AN008619;E19892P00006;Retsinformation;;Fremgår af forskriften;19890101;20080205;20080205;;;FALSE;;;;;;;;;https://www.retsinformation.dk/eli/retsinfo/1989/20019
E;Stor vejledning;PUNKTAFGIFTSVEJLEDNING 2006  DEL F ENERGI OG KULDIOXID;;Skatteministeriet;;;20060;2006;AN007765;E20066PV0006;Retsinformation;;Fremgår af forskriften;20060101;20080205;20080205;;;FALSE;;;;;;;;;https://www.retsinformation.dk/eli/retsinfo/2006/20060
E;Stor vejledning;PUNKTAFGIFTSVEJLEDNING 2007  DEL F ENERGI OG KULDIOXID;;Skatteministeriet;;;20063;2007;AN007722;E20076PV0006;Retsinformation;;Fremgår af forskriften;20070101;20080205;20080205;;;FALSE;;;;;;;;;https://www.retsinformation.dk/eli/retsinfo/2007/20063
E;Stor vejledning;PERSONBESKATNING 1990   AFSNIT PF - IKKE ERHVERVSBETINGEDE FRADRAG;;Skatteministeriet;;;20097;1990;AN009012;E19902P00006;Retsinformation;;Fremgår af forskriften;19900101;20080205;20080205;;;FALSE;;;;;;;;;https://www.retsinformation.dk/eli/retsinfo/1990/20097
B;Bekendtgørelse;Bekendtgørelse om klassificering og fastsættelse af mål for naturtilstanden i internationale naturbeskyttelsesområder;Målbekendtgørelsen;Miljøministeriet;Miljø- og Fødevareministeriet;Miljø- og Fødevaremin., j.nr. 2019-13670;653;2020;CK002223;B20200065305;Lovtidende A;;Fremgår af forskriften;20200519;20200521;20200521;20200521;;FALSE;;;;;A20170011929,A20190031529;;;;https://www.retsinformation.dk/eli/lta/2020/653
E;Stor vejledning;PUNKTAFGIFTSVEJLEDNING 2000  DEL F ENERGI OG KULDIOXID;;Skatteministeriet;;;20036;2000;AN006745;E20006PV0006;Retsinformation;;Fremgår af forskriften;20000101;20080205;20080205;;;FALSE;;;;;;;;;https://www.retsinformation.dk/eli/retsinfo/2000/20036
E;Stor vejledning;PERSONBESKATNING 1995   AFSNIT EC - SKATTEMÆSSIGE AFSKRIVNINGER;;Skatteministeriet;;;20041;1995;AN006946;E19952P00E03;Retsinformation;;Fremgår af forskriften;19950101;20080205;20080205;;;FALSE;;;;;;;;;https://www.retsinformation.dk/eli/retsinfo/1995/20041
E;Stor vejledning;PERSONBESKATNING 1993   AFSNIT EC - SKATTEMÆSSIGE AFSKRIVNINGER;;Skatteministeriet;;;20016;1993;AN008637;E19932P00E03;Retsinformation;;Fremgår af forskriften;19930101;20080205;20080205;;;FALSE;;;;;;;;;https://www.retsinformation.dk/eli/retsinfo/1993/20016
E;Stor vejledning;PERSONBESKATNING 1994   AFSNIT EC - SKATTEMÆSSIGE AFSKRIVNINGER;;Skatteministeriet;;;20042;1994;AN008913;E19942P00E03;Retsinformation;;Fremgår af forskriften;19940101;20080205;20080205;;;FALSE;;;;;;;;;https://www.retsinformation.dk/eli/retsinfo/1994/20042
C;Vejledning;Miljøskadelovens Skadebegreb;;Miljøministeriet;Miljøstyrelsen og By- og Landskabsstyrelsen;Miljømin.,\nMiljøstyrelsen, j.nr. 1440-00003;9439;2008;AL001854;C20080943960;Retsinformation;;Fremgår af forskriften;20080702;20080725;20080725;;;FALSE;Vejledningen er offentliggjort på Miljøstyrelsens hjemmeside som Vejledning fra Miljøstyrelsen nr. 4/2008.;;Vejledningen er offentliggjort på Miljøstyrelsens hjemmeside som Vejledning fra Miljøstyrelsen nr. 4/2008.;;A20220048229;;;;https://www.retsinformation.dk/eli/retsinfo/2008/9439
C;Cirkulære (1 sp);Cirkulære om opkrævning af indkomst- og formueskat efter kildeskatteloven;;Skatteministeriet;;Skd. 580-1001-743;135;1988;CM021030;C19880013509;Ministerialtidende;;Fremgår af forskriften;19881104;19970925;20061003;19881216;;FALSE;;;;;A20210082429;CIR nr 91 af 16/06/1995;;;https://www.retsinformation.dk/eli/mt/1988/135
E;Stor vejledning;PERSONBESKATNING 1997   AFSNIT EF - ANPARTER. KOMMANDITISTER.;;Skatteministeriet;;;20070;1997;AN006849;E19972P00E06;Retsinformation;;Fremgår af forskriften;19970101;20080205;20080205;;;FALSE;;;;;;;;;https://www.retsinformation.dk/eli/retsinfo/1997/20070
E;Stor vejledning;PERSONBESKATNING 1986   AFSNIT PL - INDKOMSTOPGØRELSEN FOR SELVSTÆNDIGE ERHVERVSDRIVENDE;;Skatteministeriet;;;20044;1986;AN008606;E19862P00012;Retsinformation;;Fremgår af forskriften;19860101;20080205;20080205;;;FALSE;;;;;;;;;https://www.retsinformation.dk/eli/retsinfo/1986/20044
E;Stor vejledning;MOMSVEJLEDNING 2002  AFSNIT Y IKRAFTTRÆDELSESBESTEMMELSER;;Skatteministeriet;;;20013;2002;AN007856;E20026MV0024;Retsinformation;;Fremgår af forskriften;20020101;20080205;20080205;;;FALSE;;;;;;;;;https://www.retsinformation.dk/eli/retsinfo/2002/20013
E;Stor vejledning;PERSONBESKATNING 1997   AFSNIT EC - SKATTEMÆSSIGE AFSKRIVNINGER;;Skatteministeriet;;;20012;1997;AN008928;E19972P00E03;Retsinformation;;Fremgår af forskriften;19970101;20080205;20080205;;;FALSE;;;;;;;;;https://www.retsinformation.dk/eli/retsinfo/1997/20012
E;Stor vejledning;PERSONBESKATNING 1996   AFSNIT EC - SKATTEMÆSSIGE AFSKRIVNINGER;;Skatteministeriet;;;20059;1996;AN008743;E19962P00E03;Retsinformation;;Fremgår af forskriften;19960101;20080205;20080205;;;FALSE;;;;;;;;;https://www.retsinformation.dk/eli/retsinfo/1996/20059
E;Stor vejledning;PERSONBESKATNING 1988   AFSNIT PF - IKKE ERHVERVSBETINGEDE FRADRAG;;Skatteministeriet;;;20056;1988;AN008701;E19882P00006;Retsinformation;;Fremgår af forskriften;19880101;20080205;20080205;;;FALSE;;;;;;;;;https://www.retsinformation.dk/eli/retsinfo/1988/20056
E;Stor vejledning;PERSONBESKATNING 1987   AFSNIT PC - PRINCIPPERNE FOR INDKOMSTOPGØRELSEN;;Skatteministeriet;;;20053;1987;AN007222;E19872P00003;Retsinformation;;Fremgår af forskriften;19870101;20080205;20080205;;;FALSE;;;;;;;;;https://www.retsinformation.dk/eli/retsinfo/1987/20053
E;Stor vejledning;PUNKTAFGIFTSVEJLEDNING 2003  DEL F ENERGI OG KULDIOXID;;Skatteministeriet;;;20081;2003;AN007830;E20036PV0006;Retsinformation;;Fremgår af forskriften;20030101;20080205;20080205;;;FALSE;;;;;;;;;https://www.retsinformation.dk/eli/retsinfo/2003/20081
E;Stor vejledning;PERSONBESKATNING 1984   AFSNIT PU - BEFORDRINGSUDGIFTER OG BEFORDRINGSGODTGØRELSER;;Skatteministeriet;;;20011;1984;AN007352;E19842P00020;Retsinformation;;Fremgår af forskriften;19840101;20080205;20080205;;;FALSE;;;;;;;;;https://www.retsinformation.dk/eli/retsinfo/1984/20011
E;Stor vejledning;PERSONBESKATNING 1986   AFSNIT PU - BEFORDRINGSUDGIFTER OG BEFORDRINGSGODTGØRELSER;;Skatteministeriet;;;20028;1986;AN007283;E19862P00020;Retsinformation;;Fremgår af forskriften;19860101;20080205;20080205;;;FALSE;;;;;;;;;https://www.retsinformation.dk/eli/retsinfo/1986/20028
E;Stor vejledning;PERSONBESKATNING 1990   AFSNIT PP - SELVANGIVELSESPLIGT OG OPLYSNINGSPLIGT;;Skatteministeriet;;;20003;1990;AN007105;E19902P00016;Retsinformation;;Fremgår af forskriften;19900101;20080205;20080205;;;FALSE;;;;;;;;;https://www.retsinformation.dk/eli/retsinfo/1990/20003
E;Stor vejledning;PERSONBESKATNING 1987   AFSNIT PU - BEFORDRINGSUDGIFTER OG BEFORDRINGSGODTGØRELSER;;Skatteministeriet;;;20021;1987;AN008470;E19872P00020;Retsinformation;;Fremgår af forskriften;19870101;20080205;20080205;;;FALSE;;;;;;;;;https://www.retsinformation.dk/eli/retsinfo/1987/20021
E;Stor vejledning;PERSONBESKATNING 1994   AFSNIT ED - HENLÆGGELSER;;Skatteministeriet;;;20043;1994;AN008914;E19942P00E04;Retsinformation;;Fremgår af forskriften;19940101;20080205;20080205;;;FALSE;;;;;;;;;https://www.retsinformation.dk/eli/retsinfo/1994/20043
E;Stor vejledning;PERSONBESKATNING 1993   AFSNIT EB - INDKOMSTOPGØRELSE FOR SELVSTÆNDIGE ERHVERVSDRIVENDE;;Skatteministeriet;;;20015;1993;AN008636;E19932P00E02;Retsinformation;;Fremgår af forskriften;19930101;20080205;20080205;;;FALSE;;;;;;;;;https://www.retsinformation.dk/eli/retsinfo/1993/20015
E;Stor vejledning;PERSONBESKATNING 1985   AFSNIT PU - BEFORDRINGSUDGIFTER OG BEFORDRINGSGODTGØRELSER;;Skatteministeriet;;;20037;1985;AN007318;E19852P00020;Retsinformation;;Fremgår af forskriften;19850101;20080205;20080205;;;FALSE;;;;;;;;;https://www.retsinformation.dk/eli/retsinfo/1985/20037
E;Stor vejledning;PERSONBESKATNING 1991   AFSNIT AL - SELVANGIVELSESPLIGT OG OPLYSNINGSPLIGT;;Skatteministeriet;;;20036;1991;AN007069;E19912P00A12;Retsinformation;;Fremgår af forskriften;19910101;20080205;20080205;;;FALSE;;;;;;;;;https://www.retsinformation.dk/eli/retsinfo/1991/20036
E;Stor vejledning;PERSONBESKATNING 1993   AFSNIT ED - HENLÆGGELSER;;Skatteministeriet;;;20017;1993;AN008638;E19932P00E04;Retsinformation;;Fremgår af forskriften;19930101;20080205;20080205;;;FALSE;;;;;;;;;https://www.retsinformation.dk/eli/retsinfo/1993/20017
E;Stor vejledning;PERSONBESKATNING 1992   AFSNIT AL - SELVANGIVELSESPLIGT OG OPLYSNINGSPLIGT;;Skatteministeriet;;;20052;1992;AN008695;E19922P00A12;Retsinformation;;Fremgår af forskriften;19920101;20080205;20080205;;;FALSE;;;;;;;;;https://www.retsinformation.dk/eli/retsinfo/1992/20052
E;Stor vejledning;MOMSVEJLEDNING, TEKST 1995   AFSNIT J - FRADRAG;;Skatteministeriet;;;20003;1995;AN008855;E19956MV0010;Retsinformation;;Fremgår af forskriften;19950101;20080205;20080205;;;FALSE;;;;;;;;;https://www.retsinformation.dk/eli/retsinfo/1995/20003
E;Stor vejledning;PERSONBESKATNING 1988   AFSNIT PL - INDKOMSTOPGØRELSEN FOR SELVSTÆNDIGE ERHVERVSDRIVENDE;;Skatteministeriet;;;20062;1988;AN008707;E19882P00012;Retsinformation;;Fremgår af forskriften;19880101;20080205;20080205;;;FALSE;;;;;;;;;https://www.retsinformation.dk/eli/retsinfo/1988/20062
E;Stor vejledning;PERSONBESKATNING 1987   AFSNIT PL - INDKOMSTOPGØRELSEN FOR SELVSTÆNDIGE ERHVERVSDRIVENDE;;Skatteministeriet;;;20013;1987;AN008462;E19872P00012;Retsinformation;;Fremgår af forskriften;19870101;20080205;20080205;;;FALSE;;;;;;;;;https://www.retsinformation.dk/eli/retsinfo/1987/20013
E;Stor vejledning;PERSONBESKATNING 1995   AFSNIT EB - INDKOMSTOPGØRELSE FOR SELVSTÆNDIGE ERHVERVSDRIVENDE;;Skatteministeriet;;;20040;1995;AN006945;E19952P00E02;Retsinformation;;Fremgår af forskriften;19950101;20080205;20080205;;;FALSE;;;;;;;;;https://www.retsinformation.dk/eli/retsinfo/1995/20040
E;Stor vejledning;PERSONBESKATNING 1994   AFSNIT EB - INDKOMSTOPGØRELSE FOR SELVSTÆNDIGE ERHVERVSDRIVENDE;;Skatteministeriet;;;20041;1994;AN008912;E19942P00E02;Retsinformation;;Fremgår af forskriften;19940101;20080205;20080205;;;FALSE;;;;;;;;;https://www.retsinformation.dk/eli/retsinfo/1994/20041
E;Stor vejledning;PERSONBESKATNING 1997   AFSNIT EB -INDKOMSTOPGØRELSE FOR SELVSTÆNDIGT ERHVERVSDRIVENDE;;Skatteministeriet;;;20011;1997;AN008927;E19972P00E02;Retsinformation;;Fremgår af forskriften;19970101;20080205;20080205;;;FALSE;;;;;;;;;https://www.retsinformation.dk/eli/retsinfo/1997/20011
E;Stor vejledning;PERSONBESKATNING 1996   AFSNIT EB - INDKOMSTOPGØRELSE FOR SELVSTÆNDIGE ERHVERVSDRIVENDE;;Skatteministeriet;;;20058;1996;AN008742;E19962P00E02;Retsinformation;;Fremgår af forskriften;19960101;20080205;20080205;;;FALSE;;;;;;;;;https://www.retsinformation.dk/eli/retsinfo/1996/20058
E;Stor vejledning;MOMSVEJLEDNING, TEKST 1996   AFSNIT J - FRADRAG;;Skatteministeriet;;;20023;1996;AN006929;E19966MV0010;Retsinformation;;Fremgår af forskriften;19960101;20080205;20080205;;;FALSE;;;;;;;;;https://www.retsinformation.dk/eli/retsinfo/1996/20023
E;Stor vejledning;PERSONBESKATNING 1993   AFSNIT AL - SELVANGIVELSESPLIGT OG OPLYSNINGSPLIGT;;Skatteministeriet;;;20038;1993;AN007017;E19932P00A12;Retsinformation;;Fremgår af forskriften;19930101;20080205;20080205;;;FALSE;;;;;;;;;https://www.retsinformation.dk/eli/retsinfo/1993/20038
E;Stor vejledning;STEMPELAFGIFTSVEJLEDNING 1995   ALMINDELIG DEL;;Skatteministeriet;;;20066;1995;AN006971;E19959W00001;Retsinformation;;Fremgår af forskriften;19950101;20080205;20080205;;;FALSE;;;;;;;;;https://www.retsinformation.dk/eli/retsinfo/1995/20066
E;Stor vejledning;MOMSVEJLEDNING 1998  AFSNIT J FRADRAG;;Skatteministeriet;;;20018;1998;AN006824;E19986MV0010;Retsinformation;;Fremgår af forskriften;19980101;20080205;20080205;;;FALSE;;;;;;;;;https://www.retsinformation.dk/eli/retsinfo/1998/20018
E;Stor vejledning;MOMSVEJLEDNING, TEKST 1997   AFSNIT J - FRADRAG;;Skatteministeriet;;;20104;1997;AN006883;E19976MV0010;Retsinformation;;Fremgår af forskriften;19970101;20080205;20080205;;;FALSE;;;;;;;;;https://www.retsinformation.dk/eli/retsinfo/1997/20104
E;Stor vejledning;PERSONBESKATNING 1994   AFSNIT AL - SELVANGIVELSESPLIGT OG OPLYSNINGSPLIGT;;Skatteministeriet;;;20039;1994;AN008910;E19942P00A12;Retsinformation;;Fremgår af forskriften;19940101;20080205;20080205;;;FALSE;;;;;;;;;https://www.retsinformation.dk/eli/retsinfo/1994/20039
E;Stor vejledning;PERSONBESKATNING 1990   AFSNIT PL - INDKOMSTOPGØRELSEN FOR SELVSTÆNDIGE ERHVERVSDRIVENDE;;Skatteministeriet;;;20103;1990;AN009018;E19902P00012;Retsinformation;;Fremgår af forskriften;19900101;20080205;20080205;;;FALSE;;;;;;;;;https://www.retsinformation.dk/eli/retsinfo/1990/20103
E;Stor vejledning;PERSONBESKATNING 1989   AFSNIT PL - INDKOMSTOPGØRELSEN FOR SELVSTÆNDIGE ERHVERVSDRIVENDE;;Skatteministeriet;;;20025;1989;AN007157;E19892P00012;Retsinformation;;Fremgår af forskriften;19890101;20080205;20080205;;;FALSE;;;;;;;;;https://www.retsinformation.dk/eli/retsinfo/1989/20025
E;Stor vejledning;PUNKTAFGIFTSVEJLEDNING 2000  DEL G MILJØAFGIFTER;;Skatteministeriet;;;20037;2000;AN006746;E20006PV0007;Retsinformation;;Fremgår af forskriften;20000101;20080205;20080205;;;FALSE;;;;;;;;;https://www.retsinformation.dk/eli/retsinfo/2000/20037
E;Stor vejledning;PERSONBESKATNING 1991   AFSNIT EB - INDKOMSTOPGØRELSE FOR SELVSTÆNDIGE ERHVERVSDRIVENDE;;Skatteministeriet;;;20038;1991;AN007071;E19912P00E02;Retsinformation;;Fremgår af forskriften;19910101;20080205;20080205;;;FALSE;;;;;;;;;https://www.retsinformation.dk/eli/retsinfo/1991/20038
E;Stor vejledning;TINGLYSNINGSAFGIFTSVEJLEDNING 2000  9. BILAG;;Skatteministeriet;;;20128;2000;AN009030;E20006TG0010;Retsinformation;;Fremgår af forskriften;20000101;20080205;20080205;;;FALSE;;;;;;;;;https://www.retsinformation.dk/eli/retsinfo/2000/20128
E;Stor vejledning;A-SKAT OG AM-BIDRAG 1997   AFSNIT B - INDKOMSTARTER;;Skatteministeriet;;;20095;1997;AN006874;E19976A0000B;Retsinformation;;Fremgår af forskriften;19970101;20080205;20080205;;;FALSE;;;;;;;;;https://www.retsinformation.dk/eli/retsinfo/1997/20095
C;Vejledning;Vejledning om hjælp og støtte efter serviceloven Vejledning nr. 2 til serviceloven;;Sundhedsministeriet;;Ministeriet for Børn, Ligestilling, Integration og Sociale Forhold, j.nr. 2015-1123;9341;2015;CF001644;C20150934160;Retsinformation;;Fremgår af forskriften;20150508;20150527;20150527;;;FALSE;;;;;A20220017029;VEJ nr 10284 af 11/12/2017;;;https://www.retsinformation.dk/eli/retsinfo/2015/9341
E;Stor vejledning;MOMSVEJLEDNINGEN 2000  AFSNIT J FRADRAG;;Skatteministeriet;;;20019;2000;AN006728;E20006MV0010;Retsinformation;;Fremgår af forskriften;20000101;20080205;20080205;;;FALSE;;;;;;;;;https://www.retsinformation.dk/eli/retsinfo/2000/20019
E;Stor vejledning;PERSONBESKATNING 1995   AFSNIT AL - SELVANGIVELSESPLIGT OG OPLYSNINGSPLIGT;;Skatteministeriet;;;20038;1995;AN006943;E19952P00A12;Retsinformation;;Fremgår af forskriften;19950101;20080205;20080205;;;FALSE;;;;;;;;;https://www.retsinformation.dk/eli/retsinfo/1995/20038
E;Stor vejledning;PERSONBESKATNING 1991   AFSNIT EA - PRINCIPPERNE FOR INDKOMSTOPGØRELSEN;;Skatteministeriet;;;20037;1991;AN007070;E19912P00E01;Retsinformation;;Fremgår af forskriften;19910101;20080205;20080205;;;FALSE;;;;;;;;;https://www.retsinformation.dk/eli/retsinfo/1991/20037
E;Stor vejledning;MOMSVEJLEDNING 1999  AFSNIT J FRADRAG;;Skatteministeriet;;;20058;1999;AN006798;E19996MV0010;Retsinformation;;Fremgår af forskriften;19990101;20080205;20080205;;;FALSE;;;;;;;;;https://www.retsinformation.dk/eli/retsinfo/1999/20058
E;Stor vejledning;PERSONBESKATNING 1986   AFSNIT PC - PRINCIPPERNE FOR OPGØRELSEN AF DEN SKATTEPLIGTIGE INDKOMST;;Skatteministeriet;;;20035;1986;AN008597;E19862P00003;Retsinformation;;Fremgår af forskriften;19860101;20080205;20080205;;;FALSE;;;;;;;;;https://www.retsinformation.dk/eli/retsinfo/1986/20035
E;Stor vejledning;MOMSVEJLEDNING, TEKST 1993   AFSNIT G - MOMSFRITAGELSER OG -GODTGØRELSER;;Skatteministeriet;;;20008;1993;AN008668;E19936MV0007;Retsinformation;;Fremgår af forskriften;19930101;20080205;20080205;;;FALSE;;;;;;;;;https://www.retsinformation.dk/eli/retsinfo/1993/20008
E;Stor vejledning;PERSONBESKATNING 1997   AFSNIT AL - SELVANGIVELSESPLIGT OG OPLYSNINGSPLIGT;;Skatteministeriet;;;20009;1997;AN008925;E19972P00A12;Retsinformation;;Fremgår af forskriften;19970101;20080205;20080205;;;FALSE;;;;;;;;;https://www.retsinformation.dk/eli/retsinfo/1997/20009
E;Stor vejledning;PERSONBESKATNING 1996   AFSNIT AL - SELVANGIVELSESPLIGT OG OPLYSNINGSPLIGT;;Skatteministeriet;;;20056;1996;AN008740;E19962P00A12;Retsinformation;;Fremgår af forskriften;19960101;20080205;20080205;;;FALSE;;;;;;;;;https://www.retsinformation.dk/eli/retsinfo/1996/20056
C;Cirkulære (1 sp);Cirkulære om ligningsloven;;Skatteministeriet;;Skattemin., j.nr. 12.95-312-109;72;1996;CM040468;C19960007209;Ministerialtidende;;Fremgår af forskriften;19960417;19970925;20070108;19960502;;FALSE;;;;;A20210173529;CIR nr 17 af 01/03/2002;;;https://www.retsinformation.dk/eli/mt/1996/72
E;Stor vejledning;A-SKAT OG AM-BIDRAG 1998   AFSNIT B - INDKOMSTARTER;;Skatteministeriet;;;20009;1998;AN006815;E19986A0000B;Retsinformation;;Fremgår af forskriften;19980101;20080205;20080205;;;FALSE;;;;;;;;;https://www.retsinformation.dk/eli/retsinfo/1998/20009
E;Stor vejledning;INDEHOLDELSE AF A-SKAT OG ARBEJDSMARKEDSBIDRAG 2001  AFSNIT B INDKOMSTARTER;;Skatteministeriet;;;20051;2001;AN007861;E20016A00002;Retsinformation;;Fremgår af forskriften;20010101;20080205;20080205;;;FALSE;;;;;;;;;https://www.retsinformation.dk/eli/retsinfo/2001/20051
E;Stor vejledning;PERSONBESKATNING 1995   AFSNIT EA - PRINCIPPERNE FOR INDKOMSTOPGØRELSEN;;Skatteministeriet;;;20039;1995;AN006944;E19952P00E01;Retsinformation;;Fremgår af forskriften;19950101;20080205;20080205;;;FALSE;;;;;;;;;https://www.retsinformation.dk/eli/retsinfo/1995/20039
E;Stor vejledning;PERSONBESKATNING 1993   AFSNIT EA - PRINCIPPERNE FOR INDKOMSTOPGØRELSEN;;Skatteministeriet;;;20014;1993;AN008635;E19932P00E01;Retsinformation;;Fremgår af forskriften;19930101;20080205;20080205;;;FALSE;;;;;;;;;https://www.retsinformation.dk/eli/retsinfo/1993/20014
E;Stor vejledning;MOMSVEJLEDNING, TEKST 1993   AFSNIT H - MOMSSATS, MOMSTILSVAR OG FRADRAGSREGLER;;Skatteministeriet;;;20009;1993;AN008669;E19936MV0008;Retsinformation;;Fremgår af forskriften;19930101;20080205;20080205;;;FALSE;;;;;;;;;https://www.retsinformation.dk/eli/retsinfo/1993/20009
E;Stor vejledning;PERSONBESKATNING 1992   AFSNIT EA - PRINCIPPERNE FOR INDKOMSTOPGØRELSEN;;Skatteministeriet;;;20053;1992;AN008696;E19922P00E01;Retsinformation;;Fremgår af forskriften;19920101;20080205;20080205;;;FALSE;;;;;;;;;https://www.retsinformation.dk/eli/retsinfo/1992/20053
E;Stor vejledning;VURDERINGSVEJLEDNING 2006  C GRUNDVÆRDIEN;;Skatteministeriet;;;20005;2006;AN008119;E20066VU0003;Retsinformation;;Fremgår af forskriften;20060101;20080205;20080205;;;FALSE;;;;;;;;;https://www.retsinformation.dk/eli/retsinfo/2006/20005
E;Stor vejledning;VURDERINGSVEJLEDNING 2007  C GRUNDVÆRDIEN;;Skatteministeriet;;;20030;2007;AN008013;E20076VU0003;Retsinformation;;Fremgår af forskriften;20070101;20080205;20080205;;;FALSE;;;;;;;;;https://www.retsinformation.dk/eli/retsinfo/2007/20030
E;Stor vejledning;VURDERINGSVEJLEDNING 2003  C GRUNDVÆRDIEN;;Skatteministeriet;;;20089;2003;AN007838;E20036VU0003;Retsinformation;;Fremgår af forskriften;20030101;20080205;20080205;;;FALSE;;;;;;;;;https://www.retsinformation.dk/eli/retsinfo/2003/20089
E;Stor vejledning;PERSONBESKATNING 1994   AFSNIT EA - PRINCIPPERNE FOR INDKOMSTOPGØRELSEN;;Skatteministeriet;;;20040;1994;AN008911;E19942P00E01;Retsinformation;;Fremgår af forskriften;19940101;20080205;20080205;;;FALSE;;;;;;;;;https://www.retsinformation.dk/eli/retsinfo/1994/20040
E;Stor vejledning;MOMSVEJLEDNINGEN 2001;;Skatteministeriet;;;20024;2001;AN007991;E20016MV0010;Retsinformation;;Fremgår af forskriften;20010101;20080205;20080205;;;FALSE;;;;;;;;;https://www.retsinformation.dk/eli/retsinfo/2001/20024
B;Bekendtgørelse;Bekendtgørelse om Meddelelser fra Søfartsstyrelsen B, skibes bygning og udstyr i skibe m.v.;;Erhvervsministeriet;Søfartsstyrelsen;Erhvervsmin.,\nSøfartsstyrelsen, j.nr. 2016034371;1512;2016;CQ000026;B20160151205;Lovtidende A;;Fremgår af forskriften;20161208;20161210;20161210;20161210;;FALSE;;;;;A20220022129;BEK nr 581 af 30/05/2017,BEK nr 1188 af 07/11/2017,BEK nr 1206 af 05/10/2018;;;https://www.retsinformation.dk/eli/lta/2016/1512
E;Stor vejledning;PERSONBESKATNING 1985   AFSNIT PD - INDKOMSTOPGØRELSEN FOR LØNMODTAGERE;;Skatteministeriet;;;20034;1985;AN007315;E19852P00004;Retsinformation;;Fremgår af forskriften;19850101;20080205;20080205;;;FALSE;;;;;;;;;https://www.retsinformation.dk/eli/retsinfo/1985/20034
E;Stor vejledning;INDEHOLDELSE AF A-SKAT OG ARBEJDSMARKEDSBIDRAG 2000  AFSNIT B INDKOMSTARTER;;Skatteministeriet;;;20001;2000;AN006710;E20006A00002;Retsinformation;;Fremgår af forskriften;20000101;20080205;20080205;;;FALSE;;;;;;;;;https://www.retsinformation.dk/eli/retsinfo/2000/20001
E;Stor vejledning;INDEHOLDELSE AF A-SKAT OG ARBEJDSMARKEDSBIDRAG 1999  AFSNIT B INDKOMSTARTER;;Skatteministeriet;;;20040;1999;AN006780;E19996A00002;Retsinformation;;Fremgår af forskriften;19990101;20080205;20080205;;;FALSE;;;;;;;;;https://www.retsinformation.dk/eli/retsinfo/1999/20040
E;Stor vejledning;PERSONBESKATNING 1992   AFSNIT EB - INDKOMSTOPGØRELSE FOR SELVSTÆNDIGE ERHVERVSDRIVENDE;;Skatteministeriet;;;20054;1992;AN008697;E19922P00E02;Retsinformation;;Fremgår af forskriften;19920101;20080205;20080205;;;FALSE;;;;;;;;;https://www.retsinformation.dk/eli/retsinfo/1992/20054
E;Stor vejledning;INDEHOLDELSE AF A-SKAT, AM-BIDRAG OG SP-BIDRAG 2003  B INDKOMSTARTER;;Skatteministeriet;;;20040;2003;AN007789;E20036A00002;Retsinformation;;Fremgår af forskriften;20030101;20080205;20080205;;;FALSE;;;;;;;;;https://www.retsinformation.dk/eli/retsinfo/2003/20040
E;Stor vejledning;INDEHOLDELSE AF A-SKAT, AM-BIDRAG OG SP-BIDRAG 2006  B INDKOMSTARTER;;Skatteministeriet;;;20040;2006;AN007745;E20066A00002;Retsinformation;;Fremgår af forskriften;20060101;20080205;20080205;;;FALSE;;;;;;;;;https://www.retsinformation.dk/eli/retsinfo/2006/20040
E;Stor vejledning;LIGNINGSVEJLEDNING 1999  E. ERHVERVSDRIVENDE;;Skatteministeriet;;;20027;1999;AN009077;E19992P00E05;Retsinformation;;Fremgår af forskriften;19990101;20080205;20080205;;;FALSE;;;;;;;;;https://www.retsinformation.dk/eli/retsinfo/1999/20027
E;Stor vejledning;MOMSVEJLEDNING 2002  AFSNIT J FRADRAG;;Skatteministeriet;;;20027;2002;AN007951;E20026MV0010;Retsinformation;;Fremgår af forskriften;20020101;20080205;20080205;;;FALSE;;;;;;;;;https://www.retsinformation.dk/eli/retsinfo/2002/20027
E;Stor vejledning;PERSONBESKATNING 1996   AFSNIT EA - PRINCIPPERNE FOR INDKOMSTOPGØRELSEN;;Skatteministeriet;;;20057;1996;AN008741;E19962P00E01;Retsinformation;;Fremgår af forskriften;19960101;20080205;20080205;;;FALSE;;;;;;;;;https://www.retsinformation.dk/eli/retsinfo/1996/20057
E;Stor vejledning;LIGNINGSVEJLEDNING 1998  E. ERHVERVSDRIVENDE;;Skatteministeriet;;;20067;1998;AN008851;E19982P00E08;Retsinformation;;Fremgår af forskriften;19980101;20080205;20080205;;;FALSE;;;;;;;;;https://www.retsinformation.dk/eli/retsinfo/1998/20067
E;Stor vejledning;PERSONBESKATNING 1984   AFSNIT PD - INDKOMSTOPGØRELSEN FOR LØNMODTAGERE;;Skatteministeriet;;;20062;1984;AN008394;E19842P00004;Retsinformation;;Fremgår af forskriften;19840101;20080205;20080205;;;FALSE;;;;;;;;;https://www.retsinformation.dk/eli/retsinfo/1984/20062
E;Stor vejledning;INDEHOLDELSE AF A-SKAT, AM-BIDRAG OG SP-BIDRAG 2007  B INDKOMSTARTER;;Skatteministeriet;;;20044;2007;AN007703;E20076A00002;Retsinformation;;Fremgår af forskriften;20070101;20080205;20080205;;;FALSE;;;;;;;;;https://www.retsinformation.dk/eli/retsinfo/2007/20044
E;Stor vejledning;LIGNINGSVEJLEDNING 2000  E. ERHVERVSDRIVENDE;;Skatteministeriet;;;20072;2000;AN007904;E20002P00E05;Retsinformation;;Fremgår af forskriften;20000101;20080205;20080205;;;FALSE;;;;;;;;;https://www.retsinformation.dk/eli/retsinfo/2000/20072
E;Stor vejledning;PERSONBESKATNING 1989   AFSNIT PC - PRINCIPPERNE FOR INDKOMSTOPGØRELSEN;;Skatteministeriet;;;20016;1989;AN008616;E19892P00003;Retsinformation;;Fremgår af forskriften;19890101;20080205;20080205;;;FALSE;;;;;;;;;https://www.retsinformation.dk/eli/retsinfo/1989/20016
E;Stor vejledning;PERSONBESKATNING 1997   AFSNIT EA - PRINCIPPERNE FOR INDKOMSTOPGØRELSEN;;Skatteministeriet;;;20010;1997;AN008926;E19972P00E01;Retsinformation;;Fremgår af forskriften;19970101;20080205;20080205;;;FALSE;;;;;;;;;https://www.retsinformation.dk/eli/retsinfo/1997/20010
E;Stor vejledning;MOMSVEJLEDNING 2003  AFSNIT J FRADRAG;;Skatteministeriet;;;20058;2003;AN007807;E20036MV0010;Retsinformation;;Fremgår af forskriften;20030101;20080205;20080205;;;FALSE;;;;;;;;;https://www.retsinformation.dk/eli/retsinfo/2003/20058
E;Stor vejledning;PROCESSUELLE REGLER PÅ TOLD SKATS OMRÅDE 2007  R. STRAFFEPROCES;;Skatteministeriet;;;20023;2007;AN008006;E20076PR0018;Retsinformation;;Fremgår af forskriften;20070101;20080205;20080205;;;FALSE;;;;;;;;;https://www.retsinformation.dk/eli/retsinfo/2007/20023
C;Vejledning;Vejledning om erhvervssygdomme anmeldt fra 1. januar 2005;;Beskæftigelsesministeriet;Arbejdstilsynet;20215000822;10046;2021;BE009170;C20211004660;Retsinformation;;Fremgår af forskriften;20211214;20211216;20211216;;;FALSE;;;;;A20220118629;;;;https://www.retsinformation.dk/eli/retsinfo/2021/10046
E;Stor vejledning;PUNKTAFGIFTSVEJLEDNING 2003  DEL G MILJØAFGIFTER;;Skatteministeriet;;;20082;2003;AN007831;E20036PV0007;Retsinformation;;Fremgår af forskriften;20030101;20080205;20080205;;;FALSE;;;;;;;;;https://www.retsinformation.dk/eli/retsinfo/2003/20082
E;Stor vejledning;MOMSVEJLEDNING, TEKST 1993   AFSNIT N - SÆRLIGE OMRÅDER;;Skatteministeriet;;;20053;1993;AN007032;E19936MV0014;Retsinformation;;Fremgår af forskriften;19930101;20080205;20080205;;;FALSE;;;;;;;;;https://www.retsinformation.dk/eli/retsinfo/1993/20053
E;Stor vejledning;"LIGNINGSVEJLEDNING 2003  LIGNINGSVEJLEDNINGEN; ERHVERVSDRIVENDE 2003 - 2";;Skatteministeriet;;;20110;2003;AN008126;E20032P00E04;Retsinformation;;Fremgår af forskriften;20030101;20080205;20080205;;;FALSE;;;;;;;;;https://www.retsinformation.dk/eli/retsinfo/2003/20110
E;Stor vejledning;PUNKTAFGIFTSVEJLEDNING 2006  DEL G MILJØAFGIFTER;;Skatteministeriet;;;20061;2006;AN007766;E20066PV0007;Retsinformation;;Fremgår af forskriften;20060101;20080205;20080205;;;FALSE;;;;;;;;;https://www.retsinformation.dk/eli/retsinfo/2006/20061
E;Stor vejledning;PUNKTAFGIFTSVEJLEDNING 2007  DEL G MILJØAFGIFTER;;Skatteministeriet;;;20064;2007;AN007723;E20076PV0007;Retsinformation;;Fremgår af forskriften;20070101;20080205;20080205;;;FALSE;;;;;;;;;https://www.retsinformation.dk/eli/retsinfo/2007/20064
E;Stor vejledning;PERSONBESKATNING 1991   AFSNIT EC - SKATTEMÆSSIGE AFSKRIVNINGER;;Skatteministeriet;;;20039;1991;AN007072;E19912P00E03;Retsinformation;;Fremgår af forskriften;19910101;20080205;20080205;;;FALSE;;;;;;;;;https://www.retsinformation.dk/eli/retsinfo/1991/20039
E;Stor vejledning;PERSONBESKATNING 1992   AFSNIT EC - SKATTEMÆSSIGE AFSKRIVNINGER;;Skatteministeriet;;;20055;1992;AN008698;E19922P00E03;Retsinformation;;Fremgår af forskriften;19920101;20080205;20080205;;;FALSE;;;;;;;;;https://www.retsinformation.dk/eli/retsinfo/1992/20055
E;Stor vejledning;"LIGNINGSVEJLEDNING 2007  LIGNINGSVEJLEDNINGEN; ERHVERVSDRIVENDE 2007-3";;Skatteministeriet;;;20077;2007;AN008431;E20072P00E04;Retsinformation;;Fremgår af forskriften;20070101;20080205;20080205;;;FALSE;;;;;;;;;https://www.retsinformation.dk/eli/retsinfo/2007/20077
E;Stor vejledning;PERSONBESKATNING 1986   AFSNIT PD - INDKOMSTOPGØRELSEN FOR LØNMODTAGERE;;Skatteministeriet;;;20036;1986;AN008598;E19862P00004;Retsinformation;;Fremgår af forskriften;19860101;20080205;20080205;;;FALSE;;;;;;;;;https://www.retsinformation.dk/eli/retsinfo/1986/20036
E;Stor vejledning;PERSONBESKATNING 1984   AFSNIT PG - EJENDOMSREGNSKABET;;Skatteministeriet;;;20065;1984;AN008397;E19842P00007;Retsinformation;;Fremgår af forskriften;19840101;20080205;20080205;;;FALSE;;;;;;;;;https://www.retsinformation.dk/eli/retsinfo/1984/20065
C;Vejledning;Vejledning om foder og fodervirksomheder (Fodervejledningen);Fodervejledningen;Ministeriet for Fødevarer, Landbrug og Fiskeri;Fødevarestyrelsen;Ministeriet for Fødevarer, Landbrug og Fiskeri.,\nFødevarestyrelsen, j.nr. 2021-15-33-00192;9067;2022;DC000476;C20220906760;Retsinformation;;Fremgår af forskriften;20220127;20220128;20220128;;;FALSE;;;;;B20210222705;;;;https://www.retsinformation.dk/eli/retsinfo/2022/9067
E;Stor vejledning;"LIGNINGSVEJLEDNING 2006  LIGNINGSVEJLEDNINGEN; ERHVERVSDRIVENDE 2006-4";;Skatteministeriet;;;20011;2006;AN008019;E20062P00E04;Retsinformation;;Fremgår af forskriften;20060101;20080205;20080205;;;FALSE;;;;;;;;;https://www.retsinformation.dk/eli/retsinfo/2006/20011
E;Stor vejledning;LIGNINGSVEJLEDNING 2000  C. CIRKULÆRER M.V.;;Skatteministeriet;;;20074;2000;AN007906;E20004C00003;Retsinformation;;Fremgår af forskriften;20000101;20080205;20080205;;;FALSE;;;;;;;;;https://www.retsinformation.dk/eli/retsinfo/2000/20074
E;Stor vejledning;PERSONBESKATNING 1990   AFSNIT PG - EJENDOMSREGNSKABET;;Skatteministeriet;;;20098;1990;AN009013;E19902P00007;Retsinformation;;Fremgår af forskriften;19900101;20080205;20080205;;;FALSE;;;;;;;;;https://www.retsinformation.dk/eli/retsinfo/1990/20098
E;Stor vejledning;PERSONBESKATNING 1989   AFSNIT PG - EJENDOMSREGNSKABET;;Skatteministeriet;;;20020;1989;AN008620;E19892P00007;Retsinformation;;Fremgår af forskriften;19890101;20080205;20080205;;;FALSE;;;;;;;;;https://www.retsinformation.dk/eli/retsinfo/1989/20020
E;Stor vejledning;PERSONBESKATNING 1986   AFSNIT PG - EJENDOMSREGNSKABET;;Skatteministeriet;;;20039;1986;AN008601;E19862P00007;Retsinformation;;Fremgår af forskriften;19860101;20080205;20080205;;;FALSE;;;;;;;;;https://www.retsinformation.dk/eli/retsinfo/1986/20039
E;Stor vejledning;PERSONBESKATNING 1988   AFSNIT PG - EJENDOMSREGNSKABET;;Skatteministeriet;;;20057;1988;AN008702;E19882P00007;Retsinformation;;Fremgår af forskriften;19880101;20080205;20080205;;;FALSE;;;;;;;;;https://www.retsinformation.dk/eli/retsinfo/1988/20057
E;Stor vejledning;PERSONBESKATNING 1985   AFSNIT PG - EJENDOMSREGNSKABET;;Skatteministeriet;;;20005;1985;AN008338;E19852P00007;Retsinformation;;Fremgår af forskriften;19850101;20080205;20080205;;;FALSE;;;;;;;;;https://www.retsinformation.dk/eli/retsinfo/1985/20005
E;Stor vejledning;PERSONBESKATNING 1987   AFSNIT PG - EJENDOMSREGNSKABET;;Skatteministeriet;;;20057;1987;AN007226;E19872P00007;Retsinformation;;Fremgår af forskriften;19870101;20080205;20080205;;;FALSE;;;;;;;;;https://www.retsinformation.dk/eli/retsinfo/1987/20057
E;Stor vejledning;"TOLDVEJLEDNING; TOLDBEHANDLING 2007  A.1 FORTOLDNING";;Skatteministeriet;;;20071;2007;AN007730;E20076TT0004;Retsinformation;;Fremgår af forskriften;20070101;20080205;20080205;;;FALSE;;;;;;;;;https://www.retsinformation.dk/eli/retsinfo/2007/20071
E;Stor vejledning;"TOLDVEJLEDNING; TOLDBEHANDLING 2003  A.1 FORTOLDNING";;Skatteministeriet;;;20026;2003;AN007940;E20036TT0004;Retsinformation;;Fremgår af forskriften;20030101;20080205;20080205;;;FALSE;;;;;;;;;https://www.retsinformation.dk/eli/retsinfo/2003/20026
E;Stor vejledning;LIGNINGSVEJLEDNING 1998  B. BESKATNING VED DØDSFALD;;Skatteministeriet;;;20003;1998;AN006809;E19984E00005;Retsinformation;;Fremgår af forskriften;19980101;20080205;20080205;;;FALSE;;;;;;;;;https://www.retsinformation.dk/eli/retsinfo/1998/20003
E;Stor vejledning;"TOLDVEJLEDNING; TOLDBEHANDLING 2006  A.1 FORTOLDNING";;Skatteministeriet;;;20068;2006;AN007773;E20066TT0004;Retsinformation;;Fremgår af forskriften;20060101;20080205;20080205;;;FALSE;;;;;;;;;https://www.retsinformation.dk/eli/retsinfo/2006/20068
E;Stor vejledning;PERSONBESKATNING 1988   AFSNIT PD - INDKOMSTOPGØRELSEN FOR LØNMODTAGERE;;Skatteministeriet;;;20054;1988;AN008699;E19882P00004;Retsinformation;;Fremgår af forskriften;19880101;20080205;20080205;;;FALSE;;;;;;;;;https://www.retsinformation.dk/eli/retsinfo/1988/20054
E;Stor vejledning;MOMSVEJLEDNING 2006  OVERSIGTER;;Skatteministeriet;;;20032;2006;AN007737;E20065O00MVL;Retsinformation;;Fremgår af forskriften;20060101;20080205;20080205;;;FALSE;;;;;;;;;https://www.retsinformation.dk/eli/retsinfo/2006/20032
E;Stor vejledning;MOMSVEJLEDNING 2007  OVERSIGTER;;Skatteministeriet;;;20036;2007;AN007695;E20075O00MVL;Retsinformation;;Fremgår af forskriften;20070101;20080205;20080205;;;FALSE;;;;;;;;;https://www.retsinformation.dk/eli/retsinfo/2007/20036
E;Stor vejledning;LIGNINGSVEJLEDNING 1999  C. CIRKULÆRER MV.;;Skatteministeriet;;;20029;1999;AN009079;E19994C00003;Retsinformation;;Fremgår af forskriften;19990101;20080205;20080205;;;FALSE;;;;;;;;;https://www.retsinformation.dk/eli/retsinfo/1999/20029
E;Stor vejledning;LIGNINGSVEJLEDNING 1999  B. BESKATNING VED DØDSFALD;;Skatteministeriet;;;20031;1999;AN009081;E19994E00002;Retsinformation;;Fremgår af forskriften;19990101;20080205;20080205;;;FALSE;;;;;;;;;https://www.retsinformation.dk/eli/retsinfo/1999/20031
E;Stor vejledning;"LIGNINGSVEJLEDNING 2003  LIGNINGSVEJLEDNINGEN; ALMINDELIG DEL 2003 - 2";;Skatteministeriet;;;20109;2003;AN008125;E20032P00A01;Retsinformation;;Fremgår af forskriften;20030101;20080205;20080205;;;FALSE;;;;;;;;;https://www.retsinformation.dk/eli/retsinfo/2003/20109
E;Stor vejledning;PERSONBESKATNING 1987   AFSNIT PD - INDKOMSTOPGØRELSEN FOR LØNMODTAGERE;;Skatteministeriet;;;20054;1987;AN007223;E19872P00004;Retsinformation;;Fremgår af forskriften;19870101;20080205;20080205;;;FALSE;;;;;;;;;https://www.retsinformation.dk/eli/retsinfo/1987/20054
E;Stor vejledning;LIGNINGSVEJLEDNING 1998  C. CIRKULÆRER MV.;;Skatteministeriet;;;20001;1998;AN006807;E19984C00006;Retsinformation;;Fremgår af forskriften;19980101;20080205;20080205;;;FALSE;;;;;;;;;https://www.retsinformation.dk/eli/retsinfo/1998/20001
E;Stor vejledning;"LIGNINGSVEJLEDNING 2006  LIGNINGSVEJLEDNINGEN; ALMINDELIG DEL 2006-4";;Skatteministeriet;;;20010;2006;AN008018;E20062P00A01;Retsinformation;;Fremgår af forskriften;20060101;20080205;20080205;;;FALSE;;;;;;;;;https://www.retsinformation.dk/eli/retsinfo/2006/20010
E;Stor vejledning;LIGNINGSVEJLEDNING 1998  A. ALMINDELIG DEL;;Skatteministeriet;;;20066;1998;AN008850;E19982P00A04;Retsinformation;;Fremgår af forskriften;19980101;20080205;20080205;;;FALSE;;;;;;;;;https://www.retsinformation.dk/eli/retsinfo/1998/20066
E;Stor vejledning;LIGNINGSVEJLEDNING 1999  A. ALMINDELIG DEL;;Skatteministeriet;;;20026;1999;AN009076;E19992P00A01;Retsinformation;;Fremgår af forskriften;19990101;20080205;20080205;;;FALSE;;;;;;;;;https://www.retsinformation.dk/eli/retsinfo/1999/20026
E;Stor vejledning;"LIGNINGSVEJLEDNING 2007  LIGNINGSVEJLEDNINGEN; ALMINDELIG DEL 2007-3";;Skatteministeriet;;;20076;2007;AN008430;E20072P00A01;Retsinformation;;Fremgår af forskriften;20070101;20080205;20080205;;;FALSE;;;;;;;;;https://www.retsinformation.dk/eli/retsinfo/2007/20076
E;Stor vejledning;INDDRIVELSESVEJLEDNING 2007  OVERSIGTER;;Skatteministeriet;;;20082;2007;AN008436;E20075O00IDV;Retsinformation;;Fremgår af forskriften;20070101;20080205;20080205;;;FALSE;;;;;;;;;https://www.retsinformation.dk/eli/retsinfo/2007/20082
E;Stor vejledning;INDDRIVELSESVEJLEDNING 2006  OVERSIGTER;;Skatteministeriet;;;20016;2006;AN008024;E20065O00IDV;Retsinformation;;Fremgår af forskriften;20060101;20080205;20080205;;;FALSE;;;;;;;;;https://www.retsinformation.dk/eli/retsinfo/2006/20016
E;Stor vejledning;LIGNINGSVEJLEDNING 2000  A. ALMINDELIG DEL;;Skatteministeriet;;;20071;2000;AN007903;E20002P00A01;Retsinformation;;Fremgår af forskriften;20000101;20080205;20080205;;;FALSE;;;;;;;;;https://www.retsinformation.dk/eli/retsinfo/2000/20071
E;Stor vejledning;"LIGNINGSVEJLEDNING 2007  LIGNINGSVEJLEDNINGEN; DOBBELTBESKATNING 2007-3";;Skatteministeriet;;;20079;2007;AN008433;E20074D00003;Retsinformation;;Fremgår af forskriften;20070101;20080205;20080205;;;FALSE;;;;;;;;;https://www.retsinformation.dk/eli/retsinfo/2007/20079
