Rank;DokumentType;Titel;PopulærTitel;Ressort;AdministrerendeMyndighed;JournalNummer;Nummer;År;DokumentId;ACCN;Publiceringsmedie;UndtagetFraOffentliggørelse;GeografiskDækning;UnderskriftDato;PubliceretTidspunkt;SidstPubliceretTidspunkt;BekendtgørelsesDato;HistoriskDato;Historisk;RedaktionelNote;OmtryksNote;AlternativeMedierNote;AnfoerINote;HjemmelVedroerer;SenereAendringer;ÆndrerI;Tiltræder;EliUrl
A;Lovbekendtgørelse;Bekendtgørelse af lov om jagt og vildtforvaltning;Jagt- og vildtforvaltningsloven;Miljøministeriet;Miljø- og Fødevareministeriet;Miljø- og Fødevaremin., j.nr. 2019-3752;265;2019;CK002016;A20190026529;Lovtidende A;;Fremgår af forskriften;20190321;20190326;20190326;20190326;;FALSE;;;;;;LOV nr 126 af 30/01/2021;;;https://www.retsinformation.dk/eli/lta/2019/265
B;Bekendtgørelse;Bekendtgørelse om jagt og regulering ved brug af rovfugle;Rovfuglejagtbekendtgørelsen;Miljøministeriet;Miljøstyrelsen;Miljø- og Fødevaremin., j.nr. 2018-4647;1072;2018;CK001786;B20180107205;Lovtidende A;;Fremgår af forskriften;20180827;20180829;20200714;20180829;;FALSE;;;;;A20190026529;;;;https://www.retsinformation.dk/eli/lta/2018/1072
B;Bekendtgørelse;Bekendtgørelse om våben og ammunition der må anvendes til jagt m.v.;;Miljøministeriet;Miljøstyrelsen;Miljømin.,\n Miljøstyrelsen,  j.nr. MST-2021-7027;971;2022;DD000197;B20220097105;Lovtidende A;;Fremgår af forskriften;20220621;20220625;20220625;20220625;;FALSE;;;;;A20190026529,A20220024429;;;;https://www.retsinformation.dk/eli/lta/2022/971
C;Cirkulære (2 sp);Vedtægter for Jagt- og Skovbrugsmuseet i Hørsholm;;Miljøministeriet;;Ingen;13015;1946;CM039500;C19461301509;Retsinformation;;Fremgår af forskriften;19460910;19970925;20091217;;;FALSE;;;;;;;;;https://www.retsinformation.dk/eli/retsinfo/1946/13015
A;Ændringslov;Lov om ændring af lov om kystbeskyttelse, lov om miljøvurdering af planer og programmer og af konkrete projekter (VVM), lov om naturbeskyttelse, lov om jagt og vildtforvaltning og forskellige andre love (Ny kompetencefordeling og forenkling af sagsbehandling i forbindelse med kystbeskyttelse m.v.);;Miljøministeriet;;Miljø- og Fødevaremin., j.nr. 2017-8130;720;2018;CK001687;A20180072030;Lovtidende A;;Fremgår af forskriften;20180608;20180609;20180609;20180609;;FALSE;;;;;;;;;https://www.retsinformation.dk/eli/lta/2018/720
B;Bekendtgørelse;Bekendtgørelse om jagttegn;Jagttegnsbekendtgørelsen;Miljøministeriet;Miljøministeriet;Miljømin., j.nr. 2021-1731;491;2021;DD000049;B20210049105;Lovtidende A;;Fremgår af forskriften;20210318;20210324;20210324;20210324;;FALSE;;;;;A20190026529;;;;https://www.retsinformation.dk/eli/lta/2021/491
B;Bekendtgørelse;Bekendtgørelse om offentlighedens adgang og rekreative brug af Naturområdet Skjern Enge;;Miljøministeriet;Styrelsen for Vand- og Naturforvaltning;Miljø- og Fødevaremin.,\nNaturstyrelsen, j.nr. 010-00222;932;2016;CK000782;B20160093205;Lovtidende A;;Fremgår af forskriften;20160627;20160630;20160630;20160630;;FALSE;;;;;A20150153229;;;;https://www.retsinformation.dk/eli/lta/2016/932
B;Bekendtgørelse;Bekendtgørelse om regulering af ringdue, grågås, bramgås og canadagås i Dragør og Tårnby Kommuner;Lufthavnsbekendtgørelsen;Miljøministeriet;Miljøministeriet;Miljømin., j.nr. 2021-932;2242;2021;DD000132;B20210224205;Lovtidende A;;Fremgår af forskriften;20211126;20211203;20211203;20211203;;FALSE;;;;;A20190026529;;;;https://www.retsinformation.dk/eli/lta/2021/2242
B;Bekendtgørelse;Bekendtgørelse om udsætning af vildt, jagtmåder og jagtredskaber;;Miljøministeriet;Miljøstyrelsen;Miljø- og Fødevaremin.,\nMiljøstyrelsen, j.nr. SVANA-600-00022;1652;2017;CK001569;B20170165205;Lovtidende A;;Fremgår af forskriften;20171219;20171223;20171223;20171223;;FALSE;;;;;A20190026529;;;;https://www.retsinformation.dk/eli/lta/2017/1652
B;Bekendtgørelse;Bekendtgørelse om Nærå-Agernæs Vildtreservat;;Miljøministeriet;Miljøstyrelsen;Miljø- og Fødevaremin.,\n Miljøstyrelsen, j.nr. MST-565-00007;228;2019;CK001818;B20190022805;Lovtidende A;;Fremgår af forskriften;20190312;20190314;20190314;20190314;;FALSE;;;;;A20190026529;;;;https://www.retsinformation.dk/eli/lta/2019/228
B;Bekendtgørelse;Bekendtgørelse om fredning og vildtreservat på Harboøre Tange m.v.;;Miljøministeriet;Styrelsen for Vand- og Naturforvaltning;Miljø- og Fødevaremin.,\nNaturstyrelsen, j.nr. 010-00222;856;2016;CK000786;B20160085605;Lovtidende A;;Fremgår af forskriften;20160627;20160629;20160629;20160629;;FALSE;;;;;A20190026529,A20210198629;;;;https://www.retsinformation.dk/eli/lta/2016/856
B;Bekendtgørelse;Bekendtgørelse om jagttid for visse pattedyr og fugle m.v.;Jagttidsbekendtgørelsen;Miljøministeriet;Miljøministeriet;Miljømin.,\n j.nr. 2022-2013;821;2022;DD000193;B20220082105;Lovtidende A;;Fremgår af forskriften;20220604;20220610;20220610;20220610;;FALSE;;;;;A20190026529;;;;https://www.retsinformation.dk/eli/lta/2022/821
B;Bekendtgørelse;Bekendtgørelse om Nibe- og Gjøl Bredning Vildtreservat;;Miljøministeriet;;Miljømin., j.nr. D 1100-0029;9302;1993;AL003056;B19930930205;Retsinformation;;Fremgår af forskriften;19930702;20141126;20141126;;;FALSE;;;;;A20190026529;;;;https://www.retsinformation.dk/eli/retsinfo/1993/9302
B;Bekendtgørelse;Bekendtgørelse om Nakskov Vildtreservat;;Miljøministeriet;Miljøstyrelsen;Miljø- og Fødevaremin.,\nMiljøstyrelsen, j.nr. SVANA-600-00007;584;2017;CK000741;B20170058405;Lovtidende A;;Fremgår af forskriften;20170513;20170602;20170602;20170602;;FALSE;;;;;A20190026529;;;;https://www.retsinformation.dk/eli/lta/2017/584
B;Bekendtgørelse;Bekendtgørelse om Holsteinborg Nor Vildtreservat;;Miljøministeriet;Naturstyrelsen;Miljø- og Fødevaremin.,\nNaturstyrelsen, j.nr. NST-300-00052;1762;2015;CK000103;B20150176205;Lovtidende A;;Fremgår af forskriften;20151215;20151223;20151223;20151223;;FALSE;;;;;A20190026529;;;;https://www.retsinformation.dk/eli/lta/2015/1762
B;Bekendtgørelse;Bekendtgørelse om eftersøgning og aflivning af nødstedt vildt;;Miljøministeriet;Naturstyrelsen;Miljø- og Fødevaremin.,\nNaturstyrelsen, NST-300-00074;827;2016;CK000804;B20160082705;Lovtidende A;;Fremgår af forskriften;20160624;20160629;20160629;20160629;;FALSE;;;;;A20190026529;;;;https://www.retsinformation.dk/eli/lta/2016/827
B;Bekendtgørelse;Bekendtgørelse om Mariager Fjord Vildtreservat;;Miljøministeriet;Skov- og Naturstyrelsen;Miljø- og Energimin.,\nSkov- og Naturstyrelsen SN 4610-0003;9511;1996;AL003165;B19960951105;Retsinformation;;Fremgår af forskriften;19960126;20150430;20150430;;;FALSE;;;;;A20190026529;;;;https://www.retsinformation.dk/eli/retsinfo/1996/9511
B;Bekendtgørelse;Bekendtgørelse om Rågø Vildtreservat;;Miljøministeriet;Styrelsen for Vand- og Naturforvaltning;Miljø- og Fødevaremin.,\nNaturstyrelsen, j.nr. 010-00222;937;2016;CK000791;B20160093705;Lovtidende A;;Fremgår af forskriften;20160627;20160630;20160630;20160630;;FALSE;;;;;A20190026529;;;;https://www.retsinformation.dk/eli/lta/2016/937
B;Bekendtgørelse;Bekendtgørelse om Arreskov Sø Vildtreservat;;Miljøministeriet;Miljøstyrelsen;Miljø- og Fødevaremin.,\nMiljøstyrelsen, j.nr. SVANA-6350-00002;610;2017;CK000743;B20170061005;Lovtidende A;;Fremgår af forskriften;20170513;20170603;20170603;20170603;;FALSE;;;;;A20190026529;;;;https://www.retsinformation.dk/eli/lta/2017/610
B;Bekendtgørelse;Bekendtgørelse om Hyllekrog Vildtreservat;;Miljøministeriet;Miljøstyrelsen;Miljø- og Fødevaremin.,\nMiljøstyrelsen, j.nr. SVANA-600-00006;585;2017;CK000742;B20170058505;Lovtidende A;;Fremgår af forskriften;20170513;20170602;20170602;20170602;;FALSE;;;;;A20190026529;;;;https://www.retsinformation.dk/eli/lta/2017/585
B;Bekendtgørelse;Bekendtgørelse om Helleholm Vejle Vildtreservat;;Miljøministeriet;Naturstyrelsen;Miljø- og Fødevaremin.,\nNaturstyrelsen, j.nr. NST-300-00051;1765;2015;CK000106;B20150176505;Lovtidende A;;Fremgår af forskriften;20151215;20151223;20151223;20151223;;FALSE;;;;;A20190026529;;;;https://www.retsinformation.dk/eli/lta/2015/1765
B;Bekendtgørelse;Bekendtgørelse om Løgstør Bredning Vildtreservat;;Miljøministeriet;Styrelsen for Vand- og Naturforvaltning;Miljø- og Fødevaremin.,\nNaturstyrelsen, j.nr. 010-00222;859;2016;CK000792;B20160085905;Lovtidende A;;Fremgår af forskriften;20160627;20160629;20160629;20160629;;FALSE;;;;;A20190026529;;;;https://www.retsinformation.dk/eli/lta/2016/859
B;Bekendtgørelse;Bekendtgørelse om vildtskader;Vildtskadebekendtgørelsen;Miljøministeriet;Miljø- og Fødevareministeriet;Miljø- og Fødevaremin., j.nr. 2020-1684;1006;2020;CK002540;B20200100605;Lovtidende A;;Fremgår af forskriften;20200614;20200630;20200630;20200630;;FALSE;;;;;A20190026529;;;;https://www.retsinformation.dk/eli/lta/2020/1006
B;Bekendtgørelse;Bekendtgørelse om Ebeltoft Vig Vildtreservat;;Miljøministeriet;Styrelsen for Vand- og Naturforvaltning;Miljø- og Fødevaremin.,\nNaturstyrelsen, j.nr. 010-00222;862;2016;CK000796;B20160086205;Lovtidende A;;Fremgår af forskriften;20160627;20160629;20160629;20160629;;FALSE;;;;;A20190026529;;;;https://www.retsinformation.dk/eli/lta/2016/862
B;Bekendtgørelse;Bekendtgørelse om fredning af Agger Tange m.v.;;Miljøministeriet;Styrelsen for Vand- og Naturforvaltning;Miljø- og Fødevaremin.,\nNaturstyrelsen, j.nr. 010-00222;860;2016;CK000793;B20160086005;Lovtidende A;;Fremgår af forskriften;20160627;20160629;20160629;20160629;;FALSE;;;;;A20210198629;;;;https://www.retsinformation.dk/eli/lta/2016/860
B;Bekendtgørelse;Bekendtgørelse om Saltholm vildtreservat og fredning af dele af søterritoriet;;Miljøministeriet;Naturstyrelsen;Miljømin.,\nNaturstyrelsen, j.nr. NST-351-00042;684;2014;AL003006;B20140068405;Lovtidende A;;Fremgår af forskriften;20140620;20140625;20140625;20140625;;FALSE;;;;;A20190026529,A20210198629;;;;https://www.retsinformation.dk/eli/lta/2014/684
B;Bekendtgørelse;Bekendtgørelse om Voerså-Stensnæs Vildtreservat;;Miljøministeriet;Naturstyrelsen;Miljø- og Fødevaremin.,\nNaturstyrelsen, j.nr. NST-300-00053;1764;2015;CK000105;B20150176405;Lovtidende A;;Fremgår af forskriften;20151215;20151223;20151223;20151223;;FALSE;;;;;A20190026529;;;;https://www.retsinformation.dk/eli/lta/2015/1764
B;Bekendtgørelse;Bekendtgørelse om henlæggelse af opgaver og beføjelser til Naturstyrelsen, herunder Kystdirektoratet;;Miljøministeriet;;Miljø- og Fødevaremin., j.nr. 18/03327;269;2020;CK002080;B20200026905;Lovtidende A;;Fremgår af forskriften;20200306;20200326;20200326;20200326;;FALSE;;;;;A20070078829,A20150153229,A20170012029,A20170108529,A20190026529,A20200070529,A20210198629,A20210197629;;;;https://www.retsinformation.dk/eli/lta/2020/269
B;Bekendtgørelse;Bekendtgørelse om fredning af farvandet omkring Agerø samt Skibsted Fjord;;Miljøministeriet;Styrelsen for Vand- og Naturforvaltning;Miljø- og Fødevaremin.,\nNaturstyrelsen, j.nr. 010-00222;934;2016;CK000785;B20160093405;Lovtidende A;;Fremgår af forskriften;20160627;20160630;20160630;20160630;;FALSE;;;;;A20210198629;;;;https://www.retsinformation.dk/eli/lta/2016/934
C;Cirkulæreskrivelse;Cirkulæreskrivelse om, at geværer og ammunition, der af forsvaret er stillet til disposition for skytteforeninger, ikke må anvendes til jagt (* 1);;Justitsministeriet;;Justitsmin. 3.kt. j.nr. 1960-13-38;11700;1960;CM017973;C19601170010;Retsinformation;;Fremgår af forskriften;19601207;19970925;20050211;;;FALSE;(* 1) Forskriften er optaget i samlingen af ministerielle skrivelser.;;;;A20210173629;;;;https://www.retsinformation.dk/eli/retsinfo/1960/11700
B;Bekendtgørelse;Bekendtgørelse om Endelave Vildtreservat;;Miljøministeriet;Styrelsen for Vand- og Naturforvaltning;Miljø- og Fødevaremin.,\nNaturstyrelsen, j.nr. 010-00222;858;2016;CK000790;B20160085805;Lovtidende A;;Fremgår af forskriften;20160627;20160629;20160629;20160629;;FALSE;;;;;A20190026529;;;;https://www.retsinformation.dk/eli/lta/2016/858
B;Bekendtgørelse;Bekendtgørelse om Gyldensteen Strand Vildtreservat;;Miljøministeriet;Naturstyrelsen;Miljømin.,\nNaturstyrelsen, j.nr. NST-351-00073;1597;2013;AL002932;B20130159705;Lovtidende A;;Fremgår af forskriften;20131209;20131224;20131224;20131224;;FALSE;;;;;A20190026529;;;;https://www.retsinformation.dk/eli/lta/2013/1597
B;Bekendtgørelse;Bekendtgørelse om Roskilde Fjord Vildtreservat;;Miljøministeriet;;Miljømin.,\nSkov- og Naturstyrelsen, j.nr. SNS-351-00100;90;2010;AL002131;B20100009005;Lovtidende A;;Fremgår af forskriften;20100104;20100130;20100130;20100130;;FALSE;;;;;A20190026529;;;;https://www.retsinformation.dk/eli/lta/2010/90
B;Bekendtgørelse;Bekendtgørelse om fredning af visse dyre- og plantearter og pleje af tilskadekommet vildt;Artfredningsbekendtgørelsen;Miljøministeriet;Miljøministeriet;Miljømin., j.nr. 2019-11434;521;2021;DD000051;B20210052105;Lovtidende A;;Fremgår af forskriften;20210325;20210327;20210327;20210327;;FALSE;;;;;A20190026529,A20210198629;;;;https://www.retsinformation.dk/eli/lta/2021/521
B;Bekendtgørelse;Bekendtgørelse om Basnæs Nor Vildtreservat;;Miljøministeriet;Naturstyrelsen;Miljø- og Fødevaremin.,\nNaturstyrelsen, j.nr. NST-300-00050;1763;2015;CK000104;B20150176305;Lovtidende A;;Fremgår af forskriften;20151215;20151223;20151223;20151223;;FALSE;;;;;A20190026529;;;;https://www.retsinformation.dk/eli/lta/2015/1763
B;Bekendtgørelse;Bekendtgørelse om Odense Fjord Vildtreservat;;Miljøministeriet;Naturstyrelsen;Miljømin.,\nNaturstyrelsen, j.nr. NST 351-00024;407;2011;AL002422;B20110040705;Lovtidende A;;Fremgår af forskriften;20110412;20110507;20110507;20110507;;FALSE;;;;;A20190026529;;;;https://www.retsinformation.dk/eli/lta/2011/407
B;Bekendtgørelse;Bekendtgørelse om Skarrehage Vildtreservat;;Miljøministeriet;Styrelsen for Vand- og Naturforvaltning;Miljø- og Fødevaremin.,\nNaturstyrelsen, j.nr. 010-00222;854;2016;CK000781;B20160085405;Lovtidende A;;Fremgår af forskriften;20160627;20160629;20160629;20160629;;FALSE;;;;;A20190026529;;;;https://www.retsinformation.dk/eli/lta/2016/854
B;Bekendtgørelse;Bekendtgørelse om Amager vildtreservat samt fredning af dele af søterritoriet;;Miljøministeriet;Naturstyrelsen;Miljøministeriet,\nNaturstyrelsen, j.nr. NST-351-00053;545;2012;AL002641;B20120054505;Lovtidende A;;Fremgår af forskriften;20120520;20120616;20120616;20120616;;FALSE;;;;;A20190026529,A20210198629;;;;https://www.retsinformation.dk/eli/lta/2012/545
A;Lov;Lov om knive og blankvåben m.v.;Knivloven;Justitsministeriet;;Justitsmin., j.nr. 2014-1924-0141;376;2016;AA009717;A20160037630;Lovtidende A;;Fremgår af forskriften;20160427;20160428;20160620;20160428;;FALSE;;;;;;LOV nr 329 af 30/03/2019,LOV nr 1832 af 08/12/2020;;;https://www.retsinformation.dk/eli/lta/2016/376
B;Bekendtgørelse;Bekendtgørelse om Haderslev Fjord Vildtreservat;;Miljøministeriet;Styrelsen for Vand- og Naturforvaltning;Miljø- og Fødevaremin.,\nNaturstyrelsen, j.nr. 010-00222;940;2016;CK000798;B20160094005;Lovtidende A;;Fremgår af forskriften;20160627;20160630;20160630;20160630;;FALSE;;;;;A20190026529;;;;https://www.retsinformation.dk/eli/lta/2016/940
B;Bekendtgørelse;Bekendtgørelse om Vresen Vildtreservat;;Miljøministeriet;Styrelsen for Vand- og Naturforvaltning;Miljø- og Fødevaremin.,\nNaturstyrelsen, j.nr. 010-00222;857;2016;CK000788;B20160085705;Lovtidende A;;Fremgår af forskriften;20160627;20160629;20160629;20160629;;FALSE;;;;;A20190026529;;;;https://www.retsinformation.dk/eli/lta/2016/857
B;Bekendtgørelse;Bekendtgørelse om Alleshave Bugt Vildtreservat;;Miljøministeriet;Styrelsen for Vand- og Naturforvaltning;Miljø- og Fødevaremin.,\nNaturstyrelsen, j.nr. 010-00222;939;2016;CK000797;B20160093905;Lovtidende A;;Fremgår af forskriften;20160627;20160630;20160630;20160630;;FALSE;;;;;A20190026529;;;;https://www.retsinformation.dk/eli/lta/2016/939
B;Bekendtgørelse;Bekendtgørelse om Sydfynske Ø-hav Vildtreservat;;Miljøministeriet;;Miljømin. j.nr. SNS-351-00082;169;2007;AL001600;B20070016905;Lovtidende A;;Fremgår af forskriften;20070115;20070306;20070706;20070306;;FALSE;;;;;A20190026529;;;;https://www.retsinformation.dk/eli/lta/2007/169
B;Bekendtgørelse;Bekendtgørelse om udpegning og administration af internationale naturbeskyttelsesområder samt beskyttelse af visse arter;Habitatbekendtgørelsen;Miljøministeriet;Miljøministeriet;Miljømin., j.nr. 2021-817;2091;2021;DD000133;B20210209105;Lovtidende A;;Fremgår af forskriften;20211112;20211125;20211125;20211125;;FALSE;;;;;A20150158129,A20170000929,A20170011929,A20170012329,A20170012429,A20190026529,A20190031529,A20190052029,A20190121729,A20190116529,A20210198629,A20210197629,A20220010029,A20220060229;;;;https://www.retsinformation.dk/eli/lta/2021/2091
B;Bekendtgørelse;Bekendtgørelse om fredning og vildtreservat i Ringkøbing Fjord;;Miljøministeriet;By- og Landskabsstyrelsen/Søfartsstyrelsen;Miljømin., j.nr. SNS-100-00028;1678;2006;AL001486;B20060167805;Lovtidende A;;Fremgår af forskriften;20061120;20061230;20070706;20061230;;FALSE;;;;;A20190026529,A20210198629;;;;https://www.retsinformation.dk/eli/lta/2006/1678
B;Bekendtgørelse;Bekendtgørelse om fredning og vildtreservat i Vadehavet;;Miljøministeriet;Miljøministeriet, Skov- og Naturstyrelsen;Miljømin., j.nr. SNS-100-00026;867;2007;AL001670;B20070086705;Lovtidende A;;Fremgår af forskriften;20070621;20070717;20070717;20070717;;FALSE;;;;;A20190026529,A20210198629;;;;https://www.retsinformation.dk/eli/lta/2007/867
B;Bekendtgørelse;Bekendtgørelse om undtagelse af visse hunde fra båndpligt;;Ministeriet for Fødevarer, Landbrug og Fiskeri;;Justitsmin., j.nr. 2011-5401-0075;860;2011;AA006106;B20110086005;Lovtidende A;;Fremgår af forskriften;20110617;20110720;20110720;20110720;;FALSE;;;;;A20210032929;;;;https://www.retsinformation.dk/eli/lta/2011/860
B;Bekendtgørelse;Bekendtgørelse om Aså-Gerå Vildtreservat;;Miljøministeriet;By- og Landskabsstyrelsen/Søfartsstyrelsen;Miljø- og Energimin.,\nSkov- og Naturstyrelsen SN 2001-351-0002;11997;2001;AL000708;B20011199705;Retsinformation;;Fremgår af forskriften;20010625;20010703;20070706;;;FALSE;;;;;A20190026529;;;;https://www.retsinformation.dk/eli/retsinfo/2001/11997
B;Bekendtgørelse;Bekendtgørelse om våben og ammunition mv.;;Justitsministeriet;;Justitsmin., j.nr. 2021-509-0261;2531;2021;AA012799;B20210253105;Lovtidende A;;Fremgår af forskriften;20211220;20211222;20211222;20211222;;FALSE;;;;;A20190026529,A20210173629;;;;https://www.retsinformation.dk/eli/lta/2021/2531
B;Bekendtgørelse;Bekendtgørelse om erhvervsmæssig konservering af visse dyrearter;;Miljøministeriet;Styrelsen for Vand- og Naturforvaltning;Miljø- og Fødevaremin.,\nNaturstyrelsen, j.nr. 010-00222;843;2016;CK000769;B20160084305;Lovtidende A;;Fremgår af forskriften;20160627;20160629;20160629;20160629;;FALSE;;;;;A20190026529,A20210198629;BEK nr 443 af 10/04/2019;;;https://www.retsinformation.dk/eli/lta/2016/843
B;Bekendtgørelse;Bekendtgørelse om Tårs Vig Vildtreservat;;Miljøministeriet;;Miljø- og Energimin.,\nSkov- og Naturstyrelsen SN 1996-353-0031;60408;1997;AL000628;B19976040805;Retsinformation;;Fremgår af forskriften;19970615;20010222;20070706;;;FALSE;;;;;A20190026529;;;;https://www.retsinformation.dk/eli/retsinfo/1997/60408
B;Bekendtgørelse;Bekendtgørelse om Maribo vildtreservat;Maribo Reservat;Miljøministeriet;By- og Landskabsstyrelsen/Søfartsstyrelsen;Miljø- og Energiministeriet\nSkov- og Naturstyrelsen, j.nr. SN 1996-353-0089;11332;2000;AL000492;B20001133205;Retsinformation;;Fremgår af forskriften;20000528;20000706;20070706;;;FALSE;;;;;A20190026529;;;;https://www.retsinformation.dk/eli/retsinfo/2000/11332
B;Bekendtgørelse;Bekendtgørelse om ændring i forretningernes fordeling mellem ministrene;;Statsministeriet;;Statsmin. j.nr. 123-0027;378;2009;AP000223;B20090037805;Lovtidende A;;Fremgår af forskriften;20090518;20090521;20090521;20090521;;FALSE;;;;;;;;;https://www.retsinformation.dk/eli/lta/2009/378
B;Bekendtgørelse;Bekendtgørelse om Hals-Egense Vildtreservat;;Miljøministeriet;;Miljø- og Energimin.,\nSkov- og Naturstyrelsen SN 353-0029;60407;1997;AL000627;B19976040705;Retsinformation;;Fremgår af forskriften;19970615;20010222;20070706;;;FALSE;;;;;A20190026529;;;;https://www.retsinformation.dk/eli/retsinfo/1997/60407
B;Bekendtgørelse;Bekendtgørelse om Nexø Vildtreservat;Nexø Vildtreservat;Miljøministeriet;By- og Landskabsstyrelsen/Søfartsstyrelsen;Miljøministeriet,\n j.nr.SN 2001-351-0041 ;9016;2003;AL000931;B20030901605;Retsinformation;;Fremgår af forskriften;20030124;20030210;20070706;;;FALSE;;;;;A20190026529;;;;https://www.retsinformation.dk/eli/retsinfo/2003/9016
B;Bekendtgørelse;Bekendtgørelse om Sødring Vildtreservat;;Miljøministeriet;By- og Landskabsstyrelsen/Søfartsstyrelsen;Miljø- og Energiministeriet\nSkov- og Naturstyrelsen j.nr. SN 1996-353-0017;9528;1999;AL000197;B19990952805;Retsinformation;;Fremgår af forskriften;19990411;19990506;20070706;;;FALSE;;;;;A20190026529;;;;https://www.retsinformation.dk/eli/retsinfo/1999/9528
B;Bekendtgørelse;Bekendtgørelse om Svendborg Vildtreservat;;Miljøministeriet;By- og Landskabsstyrelsen/Søfartsstyrelsen;Miljø- og Energiministeriet\nSkov- og Naturstyrelsen j.nr. SN 1996-353-0072;11071;1999;AL000339;B19991107105;Retsinformation;;Fremgår af forskriften;19991115;20011112;20070706;;;FALSE;;;;;A20190026529;;;;https://www.retsinformation.dk/eli/retsinfo/1999/11071
B;Bekendtgørelse;Bekendtgørelse om Hejlsminde Nor Vildtreservat;;Miljøministeriet;By- og Landskabsstyrelsen/Søfartsstyrelsen;Miljømin.,\nSkov- og Naturstyrelsen, j.nr. SN 2001-351-0020;9561;2004;AL001158;B20040956105;Retsinformation;;Fremgår af forskriften;20040906;20041005;20070706;;;FALSE;t;;;;A20190026529;;;;https://www.retsinformation.dk/eli/retsinfo/2004/9561
B;Bekendtgørelse;Bekendtgørelse om udenretlig vedtagelse af konfiskation;;Justitsministeriet;;Justitsmin., j.nr. 2010-1110-0004;1297;2010;AA005784;B20100129705;Lovtidende A;;Fremgår af forskriften;20101118;20101130;20101130;20101130;;FALSE;;;;;A20210183529;BEK nr 964 af 20/08/2015,BEK nr 1012 af 27/06/2016;;;https://www.retsinformation.dk/eli/lta/2010/1297
B;Bekendtgørelse;Bekendtgørelse om fredning og vildtreservat i Stavns Fjord, på Bosserne og Lindholm samt tilgrænsende søterritorium;;Miljøministeriet;By- og Landskabsstyrelsen/Søfartsstyrelsen;Miljø- og Energiministeriet\nSkov- og Naturstyrelsen j.nr. 1996-353-0034;661;1999;AL000257;B19990066105;Lovtidende A;;Fremgår af forskriften;19990531;19990827;20070706;19990827;;FALSE;;;;;A20190026529;;;;https://www.retsinformation.dk/eli/lta/1999/661
B;Bekendtgørelse;Bekendtgørelse om Fanefjord-Grønsund Vildtreservat;;Miljøministeriet;By- og Landskabsstyrelsen/Søfartsstyrelsen;Miljø- og Energiministeriet\nSkov- og Naturstyrelsen j.nr. SN 1996-353-0091;10301;1999;AL000258;B19991030105;Retsinformation;;Fremgår af forskriften;19990628;19990817;20070706;;;FALSE;;;;;A20190026529;;;;https://www.retsinformation.dk/eli/retsinfo/1999/10301
B;Bekendtgørelse;Bekendtgørelse om Dråby Vig Vildtreservat;;Miljøministeriet;By- og Landskabsstyrelsen/Søfartsstyrelsen;Miljø- og Energimin., j.nr. SN 1996-353-0028;60016;1998;AL000015;B19986001605;Retsinformation;;Fremgår af forskriften;19980630;19980828;20070706;;;FALSE;;;;;A20190026529;;;;https://www.retsinformation.dk/eli/retsinfo/1998/60016
B;Bekendtgørelse;Bekendtgørelse om Ribe Å Vildtreservat;Ribe Reservat;Miljøministeriet;By- og Landskabsstyrelsen/Søfartsstyrelsen;Miljø- og Energiministeriet\nSkov- og Naturstyrelsen j.nr. SN 1996-353-0038;11352;2000;AL000498;B20001135205;Retsinformation;;Fremgår af forskriften;20000619;20000712;20070706;;;FALSE;;;;;A20190026529;;;;https://www.retsinformation.dk/eli/retsinfo/2000/11352
B;Bekendtgørelse;Bekendtgørelse om Skælskør Vildtreservat;;Ministeriet for Fødevarer, Landbrug og Fiskeri;By- og Landskabsstyrelsen/Søfartsstyrelsen;Miljø- og Energimin. j.nr. SN 4610-0018;14014;1995;CM041683;B19951401405;Retsinformation;;Fremgår af forskriften;19950626;19970925;20070706;;;FALSE;;;;;A20190026529;;;;https://www.retsinformation.dk/eli/retsinfo/1995/14014
B;Bekendtgørelse;Bekendtgørelse om Vest Stadil Fjord Vildtreservat;;Miljøministeriet;By- og Landskabsstyrelsen/Søfartsstyrelsen;;60049;1998;AL000004;B19986004905;Retsinformation;;Fremgår af forskriften;19980727;19980911;20070706;;;FALSE;Bekendtgørelse uden nummer;;;;A20190026529;;;;https://www.retsinformation.dk/eli/retsinfo/1998/60049
B;Bekendtgørelse;Bekendtgørelse om Aggersborggård Vildtreservat;Aggersborggård Reservat;Miljøministeriet;By- og Landskabsstyrelsen/Søfartsstyrelsen;Miljø- og Energiministeriet\nSkov- og Naturstyrelsen, j.nr. SN 1996-353-0084;11351;2000;AL000497;B20001135105;Retsinformation;;Fremgår af forskriften;20000516;20000712;20070706;;;FALSE;;;;;A20190026529;;;;https://www.retsinformation.dk/eli/retsinfo/2000/11351
B;Bekendtgørelse;Bekendtgørelse om Tissø Vildtreservat;;Miljøministeriet;By- og Landskabsstyrelsen/Søfartsstyrelsen;Miljø- og Energimin. j.nr. 1996-353-0007;60015;1998;AL000001;B19986001505;Retsinformation;;Fremgår af forskriften;19980710;19980828;20070706;;;FALSE;;;;;A20190026529;;;;https://www.retsinformation.dk/eli/retsinfo/1998/60015
B;Bekendtgørelse;Bekendtgørelse om Nysted Nor Vildtreservat;;Miljøministeriet;By- og Landskabsstyrelsen/Søfartsstyrelsen;1. afd., 1. kt., j.nr. D 86-625-42;14003;1986;CM007755;B19861400305;Retsinformation;;Fremgår af forskriften;19860619;19970925;20070706;;;FALSE;(* 1) Nu LBK nr. 801 af 11.12.1987;;;;A20190026529;;;;https://www.retsinformation.dk/eli/retsinfo/1986/14003
B;Bekendtgørelse;Bekendtgørelse om rabies;Rabiesbekendtgørelsen;Ministeriet for Fødevarer, Landbrug og Fiskeri;Fødevarestyrelsen;Miljø- og Fødevaremin., \n Fødevarestyrelsen, j.nr. 2019-14-31-00104;1454;2019;CK002317;B20190145405;Lovtidende A;;Fremgår af forskriften;20191212;20191218;20191218;20191218;;FALSE;;;;;A20220000929;;;;https://www.retsinformation.dk/eli/lta/2019/1454
B;Bekendtgørelse;Bekendtgørelse om Præstø Fjord Vildtreservat;;Miljøministeriet;By- og Landskabsstyrelsen/Søfartsstyrelsen;Miljø- og Energiministeriet\nSkov- og Naturstyrelsen j. nr. SN 1996-353-0090;10302;1999;AL000256;B19991030205;Retsinformation;;Fremgår af forskriften;19990531;19990817;20070706;;;FALSE;;;;;A20190026529;;;;https://www.retsinformation.dk/eli/retsinfo/1999/10302
B;Bekendtgørelse;Bekendtgørelse om Ulvshale-Nyord Vildtreservat;;Miljøministeriet;By- og Landskabsstyrelsen/Søfartsstyrelsen;Miljø- og Energimin., j.nr. SN 4621-0001;14015;1995;CM041684;B19951401505;Retsinformation;;Fremgår af forskriften;19950707;19970925;20070706;;;FALSE;;;;;A20190026529;;;;https://www.retsinformation.dk/eli/retsinfo/1995/14015
B;Bekendtgørelse;Bekendtgørelse om fredning af øgruppen Hirsholmene, øen Deget og omliggende søterritorium;;Miljøministeriet;Styrelsen for Vand- og Naturforvaltning;Miljø- og Fødevaremin.,\nNaturstyrelsen, j.nr. 010-00222;938;2016;CK000794;B20160093805;Lovtidende A;;Fremgår af forskriften;20160627;20160630;20160630;20160630;;FALSE;;;;;A20210198629;;;;https://www.retsinformation.dk/eli/lta/2016/938
B;Bekendtgørelse;Bekendtgørelse om Hjarbæk Fjord Vildtreservat(* 1);;Ministeriet for Fødevarer, Landbrug og Fiskeri;By- og Landskabsstyrelsen/Søfartsstyrelsen;Miljømin., j.nr. SN 4621-0045;14002;1994;CM007745;B19941400205;Retsinformation;;Fremgår af forskriften;19940826;19970925;20070706;;;FALSE;;;;;A20190026529;;;;https://www.retsinformation.dk/eli/retsinfo/1994/14002
B;Bekendtgørelse;Bekendtgørelse om Hov Vig Vildtreservat;;Miljøministeriet;By- og Landskabsstyrelsen/Søfartsstyrelsen;Miljø- og Energimin., j.nr. SN 1996-353-0020;14005;1996;CM042518;B19961400505;Retsinformation;;Fremgår af forskriften;19960630;19970925;20070706;;;FALSE;;;;;A20190026529;;;;https://www.retsinformation.dk/eli/retsinfo/1996/14005
B;Bekendtgørelse;Bekendtgørelse om Årø Vildtreservat;;Miljøministeriet;Miljøstyrelsen;Miljømin.,\n Miljøstyrelsen,  j.nr. MST-2020 - 2130;139;2022;DD000139;B20220013905;Lovtidende A;;Fremgår af forskriften;20220111;20220129;20220129;20220129;;FALSE;;;;;A20190026529;;;;https://www.retsinformation.dk/eli/lta/2022/139
B;Bekendtgørelse;Bekendtgørelse om Kalvø Vildtreservat(* 1);;Ministeriet for Fødevarer, Landbrug og Fiskeri;By- og Landskabsstyrelsen/Søfartsstyrelsen;Miljømin., j.nr. SN 4621-0040;14006;1994;CM007790;B19941400605;Retsinformation;;Fremgår af forskriften;19940826;19970925;20070706;;;FALSE;;;;;A20190026529;;;;https://www.retsinformation.dk/eli/retsinfo/1994/14006
B;Bekendtgørelse;Bekendtgørelse om Lønnerup Fjord Vildtreservat(* 1);;Ministeriet for Fødevarer, Landbrug og Fiskeri;By- og Landskabsstyrelsen/Søfartsstyrelsen;Miljø- og Energimin. j.nr. SN 4621-0021;14013;1995;CM007815;B19951401305;Retsinformation;;Fremgår af forskriften;19950520;19970925;20070706;;;FALSE;;;;;A20190026529;;;;https://www.retsinformation.dk/eli/retsinfo/1995/14013
B;Bekendtgørelse;Bekendtgørelse om Ølsemagle Revle-Staunings Ø Vildtreservat;;Miljøministeriet;By- og Landskabsstyrelsen/Søfartsstyrelsen;Miljø- og Energiministeriet\nSkov- og Naturstyrelsen SN 1996-353-0019;9332;1999;AL000166;B19990933205;Retsinformation;;Fremgår af forskriften;19990118;19990419;20070706;;;FALSE;;;;;A20190026529;;;;https://www.retsinformation.dk/eli/retsinfo/1999/9332
B;Bekendtgørelse;Bekendtgørelse om Majbølle Vildtreservat;;Miljøministeriet;By- og Landskabsstyrelsen/Søfartsstyrelsen;Miljø- og Energimin. j.nr. SN 4610-0030;14017;1995;CM007818;B19951401705;Retsinformation;;Fremgår af forskriften;19950716;19970925;20070706;;;FALSE;;;;;A20190026529;;;;https://www.retsinformation.dk/eli/retsinfo/1995/14017
B;Bekendtgørelse;Bekendtgørelse om Lerdrup Bugt Vildtreservat(* 1);;Miljøministeriet;By- og Landskabsstyrelsen/Søfartsstyrelsen;Miljømin., j.nr. SN 4610-0012;14003;1994;CM007759;B19941400305;Retsinformation;;Fremgår af forskriften;19940826;19970925;20070706;;;FALSE;;;;;A20190026529;;;;https://www.retsinformation.dk/eli/retsinfo/1994/14003
B;Bekendtgørelse;Bekendtgørelse om ikke-erhvervsmæssig sejlads på Susåen med sidevandløb og på Tystrup-Bavelse Søerne;;Miljøministeriet;Naturstyrelsen;Miljø- og Fødevaremin.,\nNaturstyrelsen, j.nr. 019-00522;1784;2015;CK000441;B20150178405;Lovtidende A;;Fremgår af forskriften;20151216;20151223;20151223;20151223;;FALSE;;;;;A20210198629;;;;https://www.retsinformation.dk/eli/lta/2015/1784
B;Bekendtgørelse;Bekendtgørelse om Nørremaj Vildtreservat;;Ministeriet for Fødevarer, Landbrug og Fiskeri;;Miljømin.,\nSkov- og Naturstyrelsen, j.nr. SN 2001-351-0006;9138;2005;AL001254;B20050913805;Retsinformation;;Fremgår af forskriften;20050310;20050405;20050405;;;FALSE;;;;;;;;;https://www.retsinformation.dk/eli/retsinfo/2005/9138
B;Bekendtgørelse;Bekendtgørelse om Bovet-Knotten Vildtreservat;;Ministeriet for Fødevarer, Landbrug og Fiskeri;By- og Landskabsstyrelsen/Søfartsstyrelsen;Miljø- og Energimin., j.nr. SN 1996-353-0015;14003;1996;CM042516;B19961400305;Retsinformation;;Fremgår af forskriften;19960630;19970925;20070706;;;FALSE;;;;;A20190026529;;;;https://www.retsinformation.dk/eli/retsinfo/1996/14003
B;Bekendtgørelse;Bekendtgørelse om hold af fugle i fangenskab;;Miljøministeriet;Styrelsen for Vand- og Naturforvaltning;Miljø- og Fødevaremin.,\nNaturstyrelsen, j.nr. 010-00222;848;2016;CK000775;B20160084805;Lovtidende A;;Fremgår af forskriften;20160627;20160629;20160629;20160629;;FALSE;;;;;A20190026529,A20210198629;;;;https://www.retsinformation.dk/eli/lta/2016/848
B;Bekendtgørelse;Bekendtgørelse om Vejle Inderfjord vildtreservat;;Miljøministeriet;By- og Landskabsstyrelsen/Søfartsstyrelsen;1.afd. 1 kt. j.nr. D 85-625-35;14004;1985;CM007766;B19851400405;Retsinformation;;Fremgår af forskriften;19851127;19970925;20070706;;;FALSE;(* 1) Nu LBK nr. 801 af 11.12.1987;;;;A20190026529;;;;https://www.retsinformation.dk/eli/retsinfo/1985/14004
B;Bekendtgørelse;Bekendtgørelse om Nissum Fjord Vildtreservat;;Ministeriet for Fødevarer, Landbrug og Fiskeri;By- og Landskabsstyrelsen/Søfartsstyrelsen;Miljø- og Energimin. j.nr. 1996-353-0023;641;1996;CM041176;B19960064105;Lovtidende A;;Fremgår af forskriften;19960623;19970925;20070706;19960712;;FALSE;;;;;A20190026529;;;;https://www.retsinformation.dk/eli/lta/1996/641
B;Bekendtgørelse;Bekendtgørelse om Struer vildtreservat;;Miljøministeriet;By- og Landskabsstyrelsen/Søfartsstyrelsen;1.afd. 1.kt. j.nr. D 87-625-44;14006;1987;CM007787;B19871400605;Retsinformation;;Fremgår af forskriften;19870717;19970925;20070706;;;FALSE;(* 1) Nu LBK nr. 801 af 11.12.1987;;;;A20190026529;;;;https://www.retsinformation.dk/eli/retsinfo/1987/14006
A;Lovbekendtgørelse;Bekendtgørelse af lov om Skjern Å Naturprojekt;;Miljøministeriet;Naturstyrelsen;Miljø- og Fødevaremin.,\nNaturstyrelsen, j.nr. 019-00522;1532;2015;CK000202;A20150153229;Lovtidende A;;Fremgår af forskriften;20151210;20151215;20151215;20151215;;FALSE;;;;;;;;;https://www.retsinformation.dk/eli/lta/2015/1532
B;Bekendtgørelse;Bekendtgørelse om Hov Røn Vildtreservat;;Ministeriet for Fødevarer, Landbrug og Fiskeri;;Miljø- og Energimin.,\nSkov- og Naturstyrelsen SN 4621-0048;17821;1994;AL000624;B19941782105;Retsinformation;;Fremgår af forskriften;19941108;20010222;20040617;;;FALSE;;;;;A19930026930;;;;https://www.retsinformation.dk/eli/retsinfo/1994/17821
B;Bekendtgørelse;Bekendtgørelse om Begtrup Røn Vildtreservat;;Miljøministeriet;Styrelsen for Vand- og Naturforvaltning;Miljø- og Fødevaremin.,\nNaturstyrelsen, j.nr. 010-00222;861;2016;CK000795;B20160086105;Lovtidende A;;Fremgår af forskriften;20160627;20160629;20160629;20160629;;FALSE;;;;;A20190026529;;;;https://www.retsinformation.dk/eli/lta/2016/861
B;Bekendtgørelse;Bekendtgørelse om opdræt af hjortedyr;;Ministeriet for Fødevarer, Landbrug og Fiskeri;Fødevarestyrelsen;Miljø- og Fødevaremin., \n Fødevarestyrelsen, j.nr. 2015-15-39-00233;1497;2015;CK000343;B20150149705;Lovtidende A;;Fremgår af forskriften;20151210;20151211;20151211;20151211;;FALSE;;;;;A20220000929;BEK nr 867 af 11/05/2021;;;https://www.retsinformation.dk/eli/lta/2015/1497
B;Bekendtgørelse;Bekendtgørelse om Rødsand Vildtreservat;;Miljøministeriet;Miljøstyrelsen;Miljø- og Fødevaremin.,\nMiljøstyrelsen, j.nr. SVANA-600-00008;583;2017;CK000740;B20170058305;Lovtidende A;;Fremgår af forskriften;20170513;20170602;20170602;20170602;;FALSE;;;;;A20190026529;;;;https://www.retsinformation.dk/eli/lta/2017/583
B;Bekendtgørelse;Bekendtgørelse om Guldborgsund Vildtreservat;;Miljøministeriet;;Miljø- og Energimin.,\nSkov- og Naturstyrelsen D 1100-0005;26051;1990;AL000630;B19902605105;Retsinformation;;Fremgår af forskriften;19900119;20010222;20070706;;;FALSE;;;;;A20190026529;;;;https://www.retsinformation.dk/eli/retsinfo/1990/26051
B;Bekendtgørelse;Bekendtgørelse om Horsens Nørrestrand vildtreservat;;Miljøministeriet;By- og Landskabsstyrelsen/Søfartsstyrelsen;1.afd. 1.kt. j.nr. D 87-625-52;14004;1987;CM007767;B19871400405;Retsinformation;;Fremgår af forskriften;19870318;19970925;20070706;;;FALSE;(* 1) Nu LBK nr 801 af 11.12.1987;;;;A20190026529;;;;https://www.retsinformation.dk/eli/retsinfo/1987/14004
A;Lovbekendtgørelse;Bekendtgørelse af lov om okker (Okkerloven);Okkerloven;Miljøministeriet;Naturstyrelsen;Miljø- og Fødevaremin.,\nNaturstyrelsen, j.nr. 019-00522;1581;2015;CK000201;A20150158129;Lovtidende A;;Fremgår af forskriften;20151210;20151216;20200918;20151216;;FALSE;;;;;;;;;https://www.retsinformation.dk/eli/lta/2015/1581
A;Lovbekendtgørelse;Bekendtgørelse af lov om lige løn til mænd og kvinder;Ligelønsloven;Beskæftigelsesministeriet;;Beskæftigelsesmin., j.nr. 2018-5945;156;2019;BE007908;A20190015629;Lovtidende A;;Fremgår af forskriften;20190222;20190223;20190328;20190223;;FALSE;;;;;;;;;https://www.retsinformation.dk/eli/lta/2019/156
B;Bekendtgørelse;Bekendtgørelse om æg fra vilde fugle og registrering af ægsamlinger;;Miljøministeriet;Styrelsen for Vand- og Naturforvaltning;Miljø- og Fødevaremin.,\nNaturstyrelsen, j.nr. 010-00222;936;2016;CK000789;B20160093605;Lovtidende A;;Fremgår af forskriften;20160627;20160630;20160630;20160630;;FALSE;;;;;A20190026529,A20210198629;;;;https://www.retsinformation.dk/eli/lta/2016/936
B;Bekendtgørelse;Bekendtgørelse om offentlighedens adgang til at færdes og opholde sig i naturen;;Miljøministeriet;Styrelsen for Vand- og Naturforvaltning;Miljø- og Fødevaremin.,\nNaturstyrelsen, j.nr. 010-00222;852;2016;CK000779;B20160085205;Lovtidende A;;Fremgår af forskriften;20160627;20160629;20160909;20160629;;FALSE;;;;;A20210198629;;;;https://www.retsinformation.dk/eli/lta/2016/852
B;Bekendtgørelse;Bekendtgørelse om Aujeszkys sygdom;;Ministeriet for Fødevarer, Landbrug og Fiskeri;Fødevarestyrelsen;Ministeriet for Fødevarer, Landbrug og Fiskeri,\nFødevarestyrelsen, j.nr. 2022-14-31-00411;1252;2022;DC000698;B20220125205;Lovtidende A;;Fremgår af forskriften;20220905;20220908;20220908;20220908;;FALSE;;;;;A20220000929;;;;https://www.retsinformation.dk/eli/lta/2022/1252
B;Bekendtgørelse;Bekendtgørelse om Nørskov Vig Vildtreservat;;Miljøministeriet;Styrelsen for Vand- og Naturforvaltning;Miljø- og Fødevaremin.,\nNaturstyrelsen, j.nr. 010-00222;942;2016;CK000801;B20160094205;Lovtidende A;;Fremgår af forskriften;20160627;20160630;20160630;20160630;;FALSE;;;;;A20190026529;;;;https://www.retsinformation.dk/eli/lta/2016/942
B;Bekendtgørelse;Bekendtgørelse om fredning af Vorsø, Vorsø Kalv og Langøerne samt den omliggende del af fiskeriterritoriet (* 1);;Ministeriet for Fødevarer, Landbrug og Fiskeri;By- og Landskabsstyrelsen/Søfartsstyrelsen;Miljømin., j.nr. SN 4610-0012;777;1994;CM007510;B19940077705;Lovtidende A;;Fremgår af forskriften;19940826;19970925;20070706;19940831;;FALSE;;;;;A20210198629;;;;https://www.retsinformation.dk/eli/lta/1994/777
B;Bekendtgørelse;Bekendtgørelse om Mågeøerne Vildtreservat;;Miljøministeriet;By- og Landskabsstyrelsen/Søfartsstyrelsen;Miljø- og Energimin. j.nr. SN 4621-0039;14009;1994;CM007804;B19941400905;Retsinformation;;Fremgår af forskriften;19941124;19970925;20070706;;;FALSE;;;;;A20190026529;;;;https://www.retsinformation.dk/eli/retsinfo/1994/14009
B;Bekendtgørelse;Bekendtgørelse om Møllegrunden og Svanegrunden Vildtreservat;;Ministeriet for Fødevarer, Landbrug og Fiskeri;By- og Landskabsstyrelsen/Søfartsstyrelsen;Miljø- og Energimin. j.nr. SN 4621-0055;14011;1995;CM007811;B19951401105;Retsinformation;;Fremgår af forskriften;19950322;19970925;20070706;;;FALSE;;;;;A20190026529;;;;https://www.retsinformation.dk/eli/retsinfo/1995/14011
B;Bekendtgørelse;Bekendtgørelse om Augustenborg vildtreservat;;Miljøministeriet;By- og Landskabsstyrelsen/Søfartsstyrelsen;Ingen;14001;1971;CM007714;B19711400105;Retsinformation;;Fremgår af forskriften;19710622;19970925;20070706;;;FALSE;;;;;A20190026529;;;;https://www.retsinformation.dk/eli/retsinfo/1971/14001
B;Bekendtgørelse;Bekendtgørelse om hold af mårhund (Nyctereutes procyonoides) i fangenskab;;Miljøministeriet;Naturstyrelsen;Miljømin.,\nNaturstyrelsen, j.nr. NST-4100-00018;720;2011;AL002447;B20110072005;Lovtidende A;;Fremgår af forskriften;20110624;20110629;20110629;20110629;;FALSE;;;;;A20190026529;;;;https://www.retsinformation.dk/eli/lta/2011/720
B;Bekendtgørelse;Bekendtgørelse om Norsminde Fjord Vildtreservat;;Miljøministeriet;By- og Landskabsstyrelsen/Søfartsstyrelsen;1. afd., 1. kt., j.nr. D 6101/32-1;14001;1982;CM007723;B19821400105;Retsinformation;;Fremgår af forskriften;19820128;19970925;20070706;;;FALSE;(* 1) Nu LBK nr. 801 af 11.12.1987;;;;A20190026529;;;;https://www.retsinformation.dk/eli/retsinfo/1982/14001
B;Bekendtgørelse;Bekendtgørelse om Nationalpark Kongernes Nordsjælland;;Miljøministeriet;Miljø- og Fødevareministeriet;Miljø- og Fødevaremin., j.nr. 2019-16489;520;2020;CK002453;B20200052005;Lovtidende A;;Fremgår af forskriften;20200427;20200428;20200428;20200428;;FALSE;;;;;A20170012029;;;;https://www.retsinformation.dk/eli/lta/2020/520
B;Bekendtgørelse;Bekendtgørelse om Hanstholm Vildtreservat;;Ministeriet for Fødevarer, Landbrug og Fiskeri;By- og Landskabsstyrelsen/Søfartsstyrelsen;Miljø- og Energimin., j.nr. SN 4621-0050;181;1995;CM006979;B19950018105;Lovtidende A;;Fremgår af forskriften;19950220;19970925;20070706;19950331;;FALSE;;;;;A20190026529,A20210198629;;;;https://www.retsinformation.dk/eli/lta/1995/181
B;Bekendtgørelse;Bekendtgørelse om pleje af vildtlevende fugle på vildtplejestationer m.v. og samtidig hold af fjerkræ og andre fugle i fangenskab;;Ministeriet for Fødevarer, Landbrug og Fiskeri;Fødevarestyrelsen;Fødevaremin.,\nFødevarestyrelsen j. nr. 2010-20-2301-00569;1318;2010;AH004062;B20100131805;Lovtidende A;;Fremgår af forskriften;20101123;20101202;20101202;20101202;;FALSE;;;;;A20220000929;;;;https://www.retsinformation.dk/eli/lta/2010/1318
A;Lovbekendtgørelse;Bekendtgørelse af lov om våben og eksplosivstoffer m.v.;Våbenloven;Justitsministeriet;;Justitsmin., j.nr. 2021-509-0264;1736;2021;AA012565;A20210173629;Lovtidende A;;Fremgår af forskriften;20210826;20210831;20210831;20210831;;FALSE;;;;;;;;;https://www.retsinformation.dk/eli/lta/2021/1736
A;Lovbekendtgørelse;Bekendtgørelse af lov om kontinentalsoklen og visse rørledningsanlæg på søterritoriet;Kontinentalsokkelloven;Klima-, Energi- og Forsyningsministeriet;Energistyrelsen;Energi-, Forsynings- og Klimamin.,\nEnergistyrelsen, j.nr. 2018 - 15568 ;1189;2018;CI000494;A20180118929;Lovtidende A;;Fremgår af forskriften;20180921;20180928;20181017;20180928;;FALSE;;;;;;;;;https://www.retsinformation.dk/eli/lta/2018/1189
A;Lov;Lov om anlæg af en ny jernbane over Vestfyn;;Transportministeriet;;Transport- og Boligmin., j.nr. 2019-864;1424;2019;CZ000066;A20190142430;Lovtidende A;;Fremgår af forskriften;20191217;20191218;20191218;20191218;;FALSE;;;;;;;;;https://www.retsinformation.dk/eli/lta/2019/1424
B;Bekendtgørelse;Bekendtgørelse om Nationalpark Skjoldungernes Land;;Miljøministeriet;Styrelsen for Vand- og Naturforvaltning;Miljø- og Fødevaremin.,\nNaturstyrelsen, j.nr. 010-00222;943;2016;CK000810;B20160094305;Lovtidende A;;Fremgår af forskriften;20160627;20160630;20160630;20160630;;FALSE;;;;;A20170012029;;;;https://www.retsinformation.dk/eli/lta/2016/943
B;Bekendtgørelse;Bekendtgørelse om græsningsordningen i de ydre koge i Tøndermarsken;;Miljøministeriet;Styrelsen for Vand- og Naturforvaltning;Miljø- og Fødevaremin.,\nNaturstyrelsen, j.nr. 010-00222;948;2016;CK000816;B20160094805;Lovtidende A;;Fremgår af forskriften;20160627;20160630;20160630;20160630;;FALSE;;;;;A20170012329;;;;https://www.retsinformation.dk/eli/lta/2016/948
B;Bekendtgørelse;Bekendtgørelse om Ejerslev Røn Vildtreservat;;Miljøministeriet;Naturstyrelsen;Miljø- og Energimin.,\nSkov- og Naturstyrelsen SN 89-625-68;60128;1989;AL000623;B19896012805;Retsinformation;;Fremgår af forskriften;19890321;20010222;20141104;;;FALSE;;;Statstidende;;A20190026529;;;;https://www.retsinformation.dk/eli/retsinfo/1989/60128
A;Lov;Lov om projektering og anlæg af et vildsvinehegn langs den dansk-tyske landegrænse;;Ministeriet for Fødevarer, Landbrug og Fiskeri;Miljø- og Fødevareministeriet;Miljø- og Fødevaremin., j.nr. 2018-2437;694;2018;CK001724;A20180069430;Lovtidende A;;Fremgår af forskriften;20180608;20180609;20180609;20180609;;FALSE;;;;;;;;;https://www.retsinformation.dk/eli/lta/2018/694
B;Bekendtgørelse;Bekendtgørelse om regulering af ikkeerhvervsmæssig sejlads på søterritoriet med vandscootere m.v. og om lokale forskrifter om sejlads ved udlagte badeområder i badesæsonen;Vandscooterbekendtgørelsen;Ministeriet for Fødevarer, Landbrug og Fiskeri;;Miljø- og Fødevaremin., j.nr. 2018-14599 ;809;2019;CK002069;B20190080905;Lovtidende A;;Fremgår af forskriften;20190809;20190815;20190815;20190815;;FALSE;;;;;A20210198629;;;;https://www.retsinformation.dk/eli/lta/2019/809
B;Bekendtgørelse;Bekendtgørelse om forebyggende beskyttelsesforanstaltninger mod aviær influenza;;Ministeriet for Fødevarer, Landbrug og Fiskeri;Fødevarestyrelsen;Fødevaremin., \n Fødevarestyrelsen, j.nr. 2011-20-321-00798;522;2012;AH004607;B20120052205;Lovtidende A;;Fremgår af forskriften;20120606;20120608;20120608;20120608;;FALSE;;;;;A20220000929;;;;https://www.retsinformation.dk/eli/lta/2012/522
B;Bekendtgørelse;Bekendtgørelse om delegation af opgaver og beføjelser til Miljøstyrelsen;;Miljøministeriet;Miljøstyrelsen;Miljømin.,\n Miljøstyrelsen,  j.nr. MST-2019 - 10828;1514;2021;DD000091;B20210151405;Lovtidende A;;Fremgår af forskriften;20210625;20210702;20220413;20210702;;FALSE;;;;;A20120122530,A20120137530,A20140151830,A20150158129,A20170000929,A20170010129,A20170011929,A20170012329,A20170012429,A20170012629,A20170028229,A20190026529,A20190026129,A20190031529,A20190052029,A20190121729,A20190116529,A20190116129,A20200011429,A20200218630,A20210198629,A20210197629,A20220904516,A20220010029,A20220024429,A20220048229,A20220060229;;;;https://www.retsinformation.dk/eli/lta/2021/1514
B;Bekendtgørelse;Bekendtgørelse om færdsel m.v. på Farum Sø;;Miljøministeriet;Styrelsen for Vand- og Naturforvaltning;Miljø- og Fødevaremin.,\nNaturstyrelsen, j.nr. 010-00222;925;2016;CK000751;B20160092505;Lovtidende A;;Fremgår af forskriften;20160627;20160630;20160630;20160630;;FALSE;;;;;A20210198629;;;;https://www.retsinformation.dk/eli/lta/2016/925
B;Bekendtgørelse;Bekendtgørelse om Nationalpark Vadehavet;;Miljøministeriet;Skov- og Naturstyrelsen;Miljømin.,\nSkov- og Naturstyrelsen, j.nr. SNS-403-00300;1159;2010;AL002288;B20100115905;Lovtidende A;;Fremgår af forskriften;20100930;20101009;20101009;20101009;;FALSE;;;;;A20170012029;;;;https://www.retsinformation.dk/eli/lta/2010/1159
B;Bekendtgørelse;Bekendtgørelse om erhvervelse, besiddelse og transport af skydevåben for personer bosiddende i et EF-land. (* 1);;Justitsministeriet;;Justitsmin. 92-3802/21-26;972;1992;CM016775;B19920097205;Lovtidende A;;Fremgår af forskriften;19921209;19970925;20050211;19921218;;FALSE;;;;;A20210173629;BEK nr 942 af 23/07/2010,BEK nr 1063 af 30/09/2014,BEK nr 778 af 12/06/2018,BEK nr 1104 af 21/08/2018;;;https://www.retsinformation.dk/eli/lta/1992/972
B;Bekendtgørelse;Bekendtgørelse om fredning og vildtreservat i Tihøje og Vind;;Miljøministeriet;By- og Landskabsstyrelsen/Søfartsstyrelsen;Miljø- og Energimin.,\nSkov- og Naturstyrelsen j.nr. SN 2001-351-0065;884;2001;AL000769;B20010088405;Lovtidende A;;Fremgår af forskriften;20010923;20011019;20070706;20011019;;FALSE;;;;;A20190026529,A20210198629;;;;https://www.retsinformation.dk/eli/lta/2001/884
B;Bekendtgørelse;Bekendtgørelse om Fredericia Vildtreservat.;;Miljøministeriet;By- og Landskabsstyrelsen/Søfartsstyrelsen;Ingen;14001;1974;CM007716;B19741400105;Retsinformation;;Fremgår af forskriften;19740923;19970925;20070706;;;FALSE;;;;;A20190026529;;;;https://www.retsinformation.dk/eli/retsinfo/1974/14001
B;Bekendtgørelse;Bekendtgørelse om Rotholmene Vildtreservat;;Ministeriet for Fødevarer, Landbrug og Fiskeri;By- og Landskabsstyrelsen/Søfartsstyrelsen;Miljmin. j.nr. D 1100-0025;14005;1992;CM007780;B19921400505;Retsinformation;;Fremgår af forskriften;19920309;19970925;20070706;;;FALSE;;;;;A20190026529;;;;https://www.retsinformation.dk/eli/retsinfo/1992/14005
B;Bekendtgørelse;Bekendtgørelse om Ulvedybet vildtreservat.;;Miljøministeriet;By- og Landskabsstyrelsen/Søfartsstyrelsen;Ingen;14001;1975;CM007717;B19751400105;Retsinformation;;Fremgår af forskriften;19750818;19970925;20070706;;;FALSE;;;;;A20190026529;;;;https://www.retsinformation.dk/eli/retsinfo/1975/14001
B;Bekendtgørelse;Bekendtgørelse om færdsel m.v. på Furesøen;;Miljøministeriet;Styrelsen for Vand- og Naturforvaltning;Miljø- og Fødevaremin.,\nNaturstyrelsen, j.nr. 010-00222;933;2016;CK000784;B20160093305;Lovtidende A;;Fremgår af forskriften;20160627;20160630;20160630;20160630;;FALSE;;;;;A20210198629;;;;https://www.retsinformation.dk/eli/lta/2016/933
B;Bekendtgørelse;Bekendtgørelse om Livø Bredning Vildtreservat;;Ministeriet for Fødevarer, Landbrug og Fiskeri;By- og Landskabsstyrelsen/Søfartsstyrelsen;Miljømin. j.nr. D 1100-0036;14003;1993;CM007758;B19931400305;Retsinformation;;Fremgår af forskriften;19930315;19970925;20070706;;;FALSE;;;;;A20190026529;;;;https://www.retsinformation.dk/eli/retsinfo/1993/14003
B;Bekendtgørelse;Bekendtgørelse om Dybsø Fjord Vildtreservat;;Ministeriet for Fødevarer, Landbrug og Fiskeri;By- og Landskabsstyrelsen/Søfartsstyrelsen;Miljø- og Energimin., j.nr. SN 1996-353-0016;14003;1997;CM044931;B19971400305;Lovtidende A;;Fremgår af forskriften;19970529;19970925;20070706;19001231;;FALSE;Der er indsat en fiktiv dato af systemtekniske hensyn.,Kun året for offentliggørelsen er kendt.;;;;A20190026529;;;;https://www.retsinformation.dk/eli/lta/1997/14003
B;Bekendtgørelse;Bekendtgørelse om Fredning af Fuglelivet på Gamborg Inddæmning, Gamborg Sogn, Odense Amt og omliggende Arealer;;Miljøministeriet;By- og Landskabsstyrelsen/Søfartsstyrelsen;Ingen;400;1940;CM007182;B19400040005;Lovtidende A;;Fremgår af forskriften;19400722;19970925;20070706;19400803;;FALSE;;;;;A20190026529;;;;https://www.retsinformation.dk/eli/lta/1940/400
B;Bekendtgørelse;Bekendtgørelse om Selsø Sø Vildtreservat;;Ministeriet for Fødevarer, Landbrug og Fiskeri;By- og Landskabsstyrelsen/Søfartsstyrelsen;Miljø- og Energimin., j.nr. SN 1996-353-0040;14002;1997;CM044930;B19971400205;Lovtidende A;;Fremgår af forskriften;19970615;19970925;20160620;19001231;;FALSE;Der er indsat en fiktiv dato af systemtekniske hensyn.,Kun året for offentliggørelsen er kendt.;;;;A19930026930;;;;https://www.retsinformation.dk/eli/lta/1997/14002
B;Bekendtgørelse;Bekendtgørelse om ændringer i ministeriernes forretningsområder (Visse museer);;Statsministeriet;Kulturministeriet;123-13 og 14;650;1989;CM004467;B19890065005;Lovtidende A;;Fremgår af forskriften;19891011;19970925;19970925;19891024;;FALSE;;;;;;;;;https://www.retsinformation.dk/eli/lta/1989/650
B;Bekendtgørelse;Bekendtgørelse om fredning af Nørrestrands søterritorium ved Horsens;;Miljøministeriet;By- og Landskabsstyrelsen/Søfartsstyrelsen;Miljømin. J.nr. D 4144-3 F 144-3;612;1982;CM007407;B19820061205;Lovtidende A;;Fremgår af forskriften;19821112;19970925;20070706;19821211;;FALSE;;;;;A20210198629;;;;https://www.retsinformation.dk/eli/lta/1982/612
B;Ændringsbekendtgørelse;Bekendtgørelse om ændring af bekendtgørelse om erhvervelse, besiddelse og transport af skydevåben for personer bosiddende i et EU-land;;Justitsministeriet;;Justitsmin., j.nr. 2017-10-0142;778;2018;AA010709;B20180077805;Lovtidende A;;Fremgår af forskriften;20180612;20180614;20180614;20180614;;FALSE;;;;;;;;;https://www.retsinformation.dk/eli/lta/2018/778
B;Bekendtgørelse;Bekendtgørelse om færdsel mv. på Arresø;;Miljøministeriet;Naturstyrelsen;Miljø- og Fødevaremin.,\nNaturstyrelsen, j.nr. NST-4100-00036;334;2016;CK000582;B20160033405;Lovtidende A;;Fremgår af forskriften;20160407;20160412;20160412;20160412;;FALSE;;;;;A20210198629;;;;https://www.retsinformation.dk/eli/lta/2016/334
B;Bekendtgørelse;Bekendtgørelse om Fredning af Dyrelivet paa Ølene i Østermarie Kommune paa Bornholm.;;Miljøministeriet;By- og Landskabsstyrelsen/Søfartsstyrelsen;Ingen;220;1942;CM007022;B19420022005;Lovtidende A;;Fremgår af forskriften;19420519;19970925;20220215;19420601;;FALSE;;;;;A20190026529;;;;https://www.retsinformation.dk/eli/lta/1942/220
A;Lovbekendtgørelse;Bekendtgørelse af lov om beskyttelse af de ydre koge i Tøndermarsken;;Miljøministeriet;Miljøstyrelsen;Miljø- og Fødevaremin.,\nStyrelsen for Vand- og Naturforvaltning, j.nr. 029-00510;123;2017;CK001182;A20170012329;Lovtidende A;;Fremgår af forskriften;20170126;20170201;20170201;20170201;;FALSE;;;;;;LOV nr 126 af 30/01/2021,LOV nr 900 af 21/06/2022;;;https://www.retsinformation.dk/eli/lta/2017/123
B;Bekendtgørelse;Bekendtgørelse om stillingsstruktur for videnskabeligt personale med forskningsopgaver ved arkiver, biblioteker, museer mv. under Kulturministeriet;;Kulturministeriet;;Kulturmin., j.nr. 15/00599;1222;2015;AK001128;B20150122205;Lovtidende A;;Fremgår af forskriften;20151030;20151031;20151031;20151031;;FALSE;;;;;A19960022430;;;;https://www.retsinformation.dk/eli/lta/2015/1222
B;Ændringsbekendtgørelse;Bekendtgørelse om ændring af bekendtgørelse om erhvervsmæssig konservering af visse dyrearter;;Miljøministeriet;Miljø- og Fødevareministeriet;Miljø- og Fødevaremin., j.nr. 2019-3750;443;2019;CK002040;B20190044305;Lovtidende A;;Fremgår af forskriften;20190410;20190413;20190413;20190413;;FALSE;;;;;;;;;https://www.retsinformation.dk/eli/lta/2019/443
A;Lov;Lov om anlæg af en ny Storstrømsbro og nedrivning af den eksisterende Storstrømsbro;;Transportministeriet;;Transportmin., j.nr. 2013-1831, 2015-513 og 2015-1241;737;2015;BL001128;A20150073730;Lovtidende A;;Fremgår af forskriften;20150601;20150602;20150602;20150602;;FALSE;;;;;;;;;https://www.retsinformation.dk/eli/lta/2015/737
B;Ændringsbekendtgørelse;Bekendtgørelse om ændring af bekendtgørelse om erhvervelse, besiddelse og transport af skydevåben for personer bosiddende i et EF-land;;Justitsministeriet;;Justitsmin., j.nr. 2009-5000-0178;942;2010;AA005579;B20100094205;Lovtidende A;;Fremgår af forskriften;20100723;20100728;20100728;20100728;;FALSE;;;;;;;;;https://www.retsinformation.dk/eli/lta/2010/942
C;Cirkulæreskrivelse;Cirkulæreskrivelse om halvautomatiske rifler;;Justitsministeriet;;Justitsmin., j.nr. 2019-10-0377;9398;2020;AA011958;C20200939810;Retsinformation;;Fremgår af forskriften;20200629;20200630;20200630;;;FALSE;;;;;;;;;https://www.retsinformation.dk/eli/retsinfo/2020/9398
B;Bekendtgørelse;Bekendtgørelse om beskyttelsesforanstaltninger ved udbrud af lavpatogen aviær influenza af typerne H5 eller H7 i fjerkræ og andre fugle i fangenskab;;Ministeriet for Fødevarer, Landbrug og Fiskeri;Fødevarestyrelsen;Miljø- og Fødevaremin.,\nFødevarestyrelsen, j.nr. 2015-32-30-00044;1468;2015;CK000361;B20150146805;Lovtidende A;;Fremgår af forskriften;20151208;20151209;20151209;20151209;;FALSE;;;;;A20220000829,A20220000929;;;;https://www.retsinformation.dk/eli/lta/2015/1468
B;Bekendtgørelse;Bekendtgørelse om økologisk storkøkkendrift;;Ministeriet for Fødevarer, Landbrug og Fiskeri;Fødevarestyrelsen;Miljø- og Fødevaremin.,\nFødevarestyrelsen, j.nr. 2019-29-31-00487;656;2019;CK002070;B20190065605;Lovtidende A;;Fremgår af forskriften;20190627;20190702;20190703;20190702;;FALSE;;;;;A20220120329;;;;https://www.retsinformation.dk/eli/lta/2019/656
A;Lovbekendtgørelse;Bekendtgørelse af lov om fødevarer;;Ministeriet for Fødevarer, Landbrug og Fiskeri;Fødevarestyrelsen;Ministeriet for Fødevarer, Landbrug og Fiskeri,\nFødevarestyrelsen, j.nr. 2021-62-30-00066;8;2022;DC000463;A20220000829;Lovtidende A;;Fremgår af forskriften;20220106;20220111;20220111;20220111;;FALSE;;;;;;;;;https://www.retsinformation.dk/eli/lta/2022/8
A;Lovbekendtgørelse;Bekendtgørelse af lov om naturbeskyttelse;Naturbeskyttelsesloven;Miljøministeriet;Miljøministeriet;Miljømin., j.nr. 2021-14512;1986;2021;DD000116;A20210198629;Lovtidende A;;Fremgår af forskriften;20211027;20211030;20211030;20211030;;FALSE;;;;;;LOV nr 1057 af 30/06/2020,LOV nr 900 af 21/06/2022;;;https://www.retsinformation.dk/eli/lta/2021/1986
A;Lov;Lov om Danmarks Riges fiskeriterritorium;;Ministeriet for Fødevarer, Landbrug og Fiskeri;;Statsmin. j.nr. 40-17-12-03;597;1976;CM043177;A19760059730;Lovtidende A;;Fremgår af forskriften;19761217;19971001;20050803;19761224;;FALSE;;;;;;;;;https://www.retsinformation.dk/eli/lta/1976/597
B;Bekendtgørelse;Bekendtgørelse om oprettelse af et videnskabeligt reservat på vejlerne i Vust m.fl. sogne.;;Miljøministeriet;By- og Landskabsstyrelsen/Søfartsstyrelsen;Statsministeriet;184;1960;CM006982;B19600018405;Lovtidende A;;Fremgår af forskriften;19600428;19970925;20070706;19600601;;FALSE;;;;;A20210198629;;;;https://www.retsinformation.dk/eli/lta/1960/184
C;Cirkulæreskrivelse;Cirkulæreskrivelse om våbencirkulærets § 19, stk. 3 (halvautomatiske rifler);;Justitsministeriet;;Justitsmin., Færdselskontoret, j.nr. 2003-5000-0199;9684;2004;AA003591;C20040968410;Retsinformation;;Fremgår af forskriften;20040712;20070313;20070313;;;FALSE;;;;;;;;;https://www.retsinformation.dk/eli/retsinfo/2004/9684
B;Bekendtgørelse;Bekendtgørelse om miljøgodkendelse af hurtigfærgeruter;Hurtigfærgebekendtgørelsen;Miljøministeriet;Miljøstyrelsen og Søfartsstyrelsen;Miljø- og Fødevaremin.,\nMiljøstyrelsen, j. nr. MST-5103-00027;1735;2015;CK000404;B20150173505;Lovtidende A;;Fremgår af forskriften;20151221;20151222;20151222;20151222;;FALSE;;;;;A20190116529;;;;https://www.retsinformation.dk/eli/lta/2015/1735
A;Ændringslov;Lov om ændring af lov om tv-overvågning, lov om sikkerhed ved bestemte idrætsbegivenheder, lov om restaurationsvirksomhed og alkoholbevilling m.v. og forskellige andre love\n(Samling af visse af politiets opgaver i opgavefællesskaber og bortsalg af hittegods ved offentligt tilgængelig internetauktion m.v.);;Justitsministeriet;;Justitsmin., j.nr. 2013-760-0170;736;2014;AA008004;A20140073630;Lovtidende A;;Fremgår af forskriften;20140625;20140626;20140626;20140626;;FALSE;;;;;;;;;https://www.retsinformation.dk/eli/lta/2014/736
B;Bekendtgørelse;Bekendtgørelse om bekæmpelse af afrikansk svinepest;;Ministeriet for Fødevarer, Landbrug og Fiskeri;Fødevarestyrelsen;Miljø- og Fødevaremin., \n Fødevarestyrelsen, j.nr. 2019-14-31-00104;1482;2019;CK002295;B20190148205;Lovtidende A;;Fremgår af forskriften;20191212;20191219;20191219;20191219;;FALSE;;;;;A20220000929;;;;https://www.retsinformation.dk/eli/lta/2019/1482
B;Bekendtgørelse;Bekendtgørelse om bekæmpelse af klassisk svinepest;;Ministeriet for Fødevarer, Landbrug og Fiskeri;Fødevarestyrelsen;Miljø- og Fødevaremin.,\n Fødevarestyrelsen, j.nr. 2019-14-31-00104;1395;2019;CK002283;B20190139505;Lovtidende A;;Fremgår af forskriften;20191212;20191217;20191217;20191217;;FALSE;;;;;A20220000929;;;;https://www.retsinformation.dk/eli/lta/2019/1395
B;Bekendtgørelse;BEKENDTGØRELSE AF AFTALE I henhold til punkt 20 i aftale af 18. oktober 1979 mellem Danmark og Grønland om bistand i skattesager (dobbeltbeskatningsaftalens art. 26);;Skatteministeriet;Statsskattedirektoratet;Skd. 7. 23-4-/ 81;37;1986;CM045238;B19860003705;Lovtidende A;;Fremgår af forskriften;19860120;19970925;19980315;19860214;;FALSE;;;;;A19530007430;;;;https://www.retsinformation.dk/eli/lta/1986/37
B;Bekendtgørelse;Bekendtgørelse om Landbrugsstyrelsens opgaver og beføjelser;;Ministeriet for Fødevarer, Landbrug og Fiskeri;;Miljø- og Fødevaremin.,\nLandbrugsstyrelsen, j.nr. 17-1211-000002;1273;2017;CK001410;B20170127305;Lovtidende A;;Fremgår af forskriften;20171127;20171130;20220413;20171130;;FALSE;;;;;A20170000929,A20170001329,A20170001529,A20170001629,A20170002329,A20170002829,A20170003129,A20170003429,A20180155130,A20180155130,A20180155130,A20180155130,A20190033830,A20190052029,A20200010329,A20200011429,A20200011529,A20200011629,A20200113229,A20200113229,A20220000829,A20220000929,A20220904516,A20220120329;;;;https://www.retsinformation.dk/eli/lta/2017/1273
A;Ændringslov;Lov om ændring af miljøskadeloven og lov om miljøbeskyttelse og forskellige andre love (Ændring af handlepligten for den ansvarlige for en miljøskade, indførelse af godtgørelsesordning samt ændring af definitionen af arter og naturtyper);;Miljøministeriet;Miljøministeriet;Miljømin., j.nr. 2019-22829;126;2021;DD000030;A20210012630;Lovtidende A;;Fremgår af forskriften;20210130;20210131;20210131;20210131;;FALSE;;;;;;;;;https://www.retsinformation.dk/eli/lta/2021/126
A;Lov;Lov om Inddæmning i Kalvebodstrand m.v. og om Anlæg af en Dæmning til Rømø (* 1);;Transportministeriet;;Ingen;134;1939;CM010086;A19390013430;Lovtidende A;;Fremgår af forskriften;19390323;19971001;20061213;19390403;;FALSE;;;;;;LOV nr 581 af 24/06/2005;;;https://www.retsinformation.dk/eli/lta/1939/134
L;Bekendtgørelse (international);Bekendtgørelse af aftale af 15. august 1996 om beskyttelse af afrikansk-eurasiske migrerende vandfugle;;Udenrigsministeriet;;Udenrigsministeriet\nMiljøsekretariatet, j.nr. 46.B.66.c.;18;2002;AS000451;L20020001864;Lovtidende C;;Fremgår af forskriften;20020718;20020731;20020731;20020731;;FALSE;;;;;;;;;https://www.retsinformation.dk/eli/ltc/2002/18
B;Bekendtgørelse;Bekendtgørelse om standardreglement for overholdelse af orden i danske erhvervshavne;;Transportministeriet;Kystdirektoratet;Kystdirektoratet, j.nr. 430-2;1146;2004;AR000884;B20040114605;Lovtidende A;;Fremgår af forskriften;20041125;20041203;20041203;20041203;;FALSE;;;;;A20120045729;;;;https://www.retsinformation.dk/eli/lta/2004/1146
C;Cirkulære (1 sp);Cirkulæreskrivelse om Naturstyrelsen;;Ministeriet for Fødevarer, Landbrug og Fiskeri;Styrelsen for Vand- og Naturforvaltning;Miljø- og Fødevaremin.,\nNaturstyrelsen, j.nr. 010-00222;9664;2016;CK000760;C20160966409;Retsinformation;;Fremgår af forskriften;20160627;20160629;20160629;;;FALSE;;;;;;;;;https://www.retsinformation.dk/eli/retsinfo/2016/9664
C;Vejledning;Vejledning til bekendtgørelse om fredning og vildtreservat i Vadehavet;;Miljøministeriet;By- og Landskabsstyrelsen/Søfartsstyrelsen;Miljø- og Energimin., j.nr. SN 1996-0019/VIL-0003;14001;1998;CM046795;C19981400160;Retsinformation;;Fremgår af forskriften;19980217;19980318;20070706;;;FALSE;;;;;A20190026529,A20210198629;;;;https://www.retsinformation.dk/eli/retsinfo/1998/14001
A;Lovbekendtgørelse;Bekendtgørelse af lov om havstrategi;Havstrategiloven;Miljøministeriet;Miljø- og Fødevareministeriet;Miljø- og Fødevaremin., j.nr. 2019-8697;1161;2019;CK002125;A20190116129;Lovtidende A;;Fremgår af forskriften;20191125;20191126;20191126;20191126;;FALSE;;;;;;LOV nr 900 af 21/06/2022;;;https://www.retsinformation.dk/eli/lta/2019/1161
C;Vejledning;Habitatvejledningen. Vejledning til bekendtgørelse nr. 1595 af 6. december 2018 om udpegning og administration af internationale naturbeskyttelsesområder samt beskyttelse af visse arter.;Habitatvejledningen;Miljøministeriet;;Miljøministeriet.,\n Miljøstyrelsen,  j.nr. MST-2020 - 30353;9925;2020;DD000018;C20200992560;Retsinformation;;Fremgår af forskriften;20201111;20201215;20201215;;;FALSE;;;;;B20210209105;;;;https://www.retsinformation.dk/eli/retsinfo/2020/9925
L;Bekendtgørelse (international);Aftale mellem Kongeriget Danmarks landbrugsministerium og Ministeriet for Landbrug, Handel og Fiskeri i Republikken Portugal om samarbejde på landbrugsområdet.;;Udenrigsministeriet;Landbrugsministeriet;Ingen;21100;1983;CM035978;L19832110064;Retsinformation;;Fremgår af forskriften;19830414;19970925;20100121;;;FALSE;(* 1) Aftalen er ikke bekendtgjort.;;;;;;;;https://www.retsinformation.dk/eli/retsinfo/1983/21100
C;Cirkulære (1 sp);Rigsadvokatmeddelelsen, afsnittet: Sanktionspåstande i våbensager;;Justitsministeriet;Rigsadvokaten;CMS VB 8881;9131;2022;AA012935;C20220913109;Retsinformation;;Fremgår af forskriften;20220101;20220222;20220222;;;FALSE;;;;;;;;;https://www.retsinformation.dk/eli/retsinfo/2022/9131
A;Lov;Lov om anlæg og drift af en fast forbindelse over Femern Bælt med tilhørende landanlæg i Danmark;;Transportministeriet;;Transportmin., j.nr. 2012-1090;575;2015;BL001092;A20150057530;Lovtidende A;;Fremgår af forskriften;20150504;20150505;20150505;20150505;;FALSE;;;;;;LOV nr 792 af 04/05/2021;;;https://www.retsinformation.dk/eli/lta/2015/575
A;Lov;Lov om Færøernes Hjemmestyre (* 1);;Statsministeriet;;Ingen;137;1948;CM004513;A19480013730;Lovtidende A;;Fremgår af forskriften;19480323;19970925;20050624;19480331;;FALSE;;;;;;LOV nr 578 af 24/06/2005,LOV nr 579 af 24/06/2005;;;https://www.retsinformation.dk/eli/lta/1948/137
C;Vejledning;Trikinvejledningen Vejledning til bekendtgørelse nr. 544 af 28. maj 2014 om trikinundersøgelse af kød.;;Ministeriet for Fødevarer, Landbrug og Fiskeri;Fødevarestyrelsen;Fødevarestyrelsen, j. nr. 2014-28-33-00041;9294;2015;AH005571;C20150929460;Retsinformation;;Fremgår af forskriften;20150506;20150507;20150507;;;FALSE;;;;;B20150171405;;;;https://www.retsinformation.dk/eli/retsinfo/2015/9294
B;Bekendtgørelse;Bekendtgørelse om støjregulering af forsvarets øvelsespladser og skyde- og øvelsesterræner;;Miljøministeriet;Miljøstyrelsen;Miljø- og Fødevaremin.,\nMiljøstyrelsen, j.nr. MST-105-00005;1732;2015;CK000292;B20150173205;Lovtidende A;;Fremgår af forskriften;20151221;20151222;20151222;20151222;;FALSE;;;;;A20220010029;;;;https://www.retsinformation.dk/eli/lta/2015/1732
B;Bekendtgørelse;Bekendtgørelse om autorisation og registrering af fødevarevirksomheder m.v.;Autorisationsbekendtgørelsen;Ministeriet for Fødevarer, Landbrug og Fiskeri;Fødevarestyrelsen;Ministeriet for Fødevarer, Landbrug og Fiskeri,\nFødevarestyrelsen, j.nr. 2021-28-31-00247;2247;2021;DC000392;B20210224705;Lovtidende A;;Fremgår af forskriften;20211201;20211203;20211203;20211203;;FALSE;;;;;A20220000829;;;;https://www.retsinformation.dk/eli/lta/2021/2247
C;Cirkulære (1 sp);Cirkulære om organisationsaftale for skov- og landskabsingeniører;;Skatteministeriet;Medarbejder- og Kompetencestyrelsen;Skatteministeriet, Medarbejder- og Kompetencestyrelsen, j.nr. 2021-1265;9843;2021;AN015189;C20210984309;Retsinformation;;Fremgår af forskriften;20211019;20211020;20211020;;;FALSE;Udsendt som MEDST nr. 031-21;;;;;;;;https://www.retsinformation.dk/eli/retsinfo/2021/9843
A;Lovbekendtgørelse;Bekendtgørelse af lov om kystbeskyttelse m.v.;Kystbeskyttelsesloven;Miljøministeriet;;Miljø- og Fødevaremin.,\nNaturstyrelsen, Kystdirektoratet, j.nr. 20/01740;705;2020;CK002492;A20200070529;Lovtidende A;;Fremgår af forskriften;20200529;20200530;20200530;20200530;;FALSE;;;;;;LOV nr 900 af 21/06/2022;;;https://www.retsinformation.dk/eli/lta/2020/705
C;Vejledning;Vejledning til danske skovejere om EU´s Tømmerforordning (EUTR) Miljø- og Fødevareministeriet den 4. marts 2016 (Opdateret den 1. juli 2016);;Miljøministeriet;;Miljø- og Fødevaremin.,\nStyrelsen for Vand- og Naturforvaltning, j.nr. ;9843;2016;CK000888;C20160984360;Retsinformation;;Fremgår af forskriften;20160701;20160826;20160826;;;FALSE;;;;;;;;;https://www.retsinformation.dk/eli/retsinfo/2016/9843
C;Cirkulære (1 sp);Cirkulære om våben og ammunition m.v.;;Justitsministeriet;;Justitsmin., j.nr. 2016-5002-0029;10222;2016;AA009973;C20161022209;Retsinformation;;Fremgår af forskriften;20161201;20161206;20161206;;;FALSE;;;;;B20210253105;CIR1Æ nr 9429 af 12/06/2018,CIR1Æ nr 9703 af 21/08/2018,CIR1Æ nr 10113 af 20/12/2018,CIR1Æ nr 9392 af 29/06/2020,CIR1Æ nr 9044 af 30/01/2021;;;https://www.retsinformation.dk/eli/retsinfo/2016/10222
C;Ændr.cirkulære (1 sp);Cirkulære om ændring af cirkulære om våben og ammunition m.v.;;Justitsministeriet;;Justitsmin., j.nr. 2019-10-0377;9392;2020;AA011956;C20200939209;Retsinformation;;Fremgår af forskriften;20200629;20200630;20200630;;;FALSE;;;;;;;;;https://www.retsinformation.dk/eli/retsinfo/2020/9392
B;Bekendtgørelse;Bekendtgørelse om affald;Affaldsbekendtgørelsen;Miljøministeriet;Miljøministeriet;Miljømin., j.nr. 2021-1352;2512;2021;DD000142;B20210251205;Lovtidende A;;Fremgår af forskriften;20211210;20211222;20211222;20211222;;FALSE;;;;;A20220010029;;;;https://www.retsinformation.dk/eli/lta/2021/2512
C;Vejledning;Vejledning om en ny åbenhedsordning om ministres udgifter og aktiviteter;;Statsministeriet;;Statsmin. j.nr. 23-0014;113;2009;AP000232;C20090011360;Ministerialtidende;;Fremgår af forskriften;20090603;20091215;20091215;20091215;;FALSE;;;;;;;;;https://www.retsinformation.dk/eli/mt/2009/113
A;Lovbekendtgørelse;Bekendtgørelse af lov om undersøgelse, forebyggelse og afhjælpning af miljøskader (miljøskadeloven);Miljøskadeloven;Miljøministeriet;Miljøministeriet;Miljømin., j.nr. 2022-5054;482;2022;DD000179;A20220048229;Lovtidende A;;Fremgår af forskriften;20220425;20220427;20220427;20220427;;FALSE;;;;;;;;;https://www.retsinformation.dk/eli/lta/2022/482
C;Cirkulæreskrivelse;Cirkulæreskrivelse til landets politikredse om ophævelse af cirkulæreskrivelse af 27. maj 1969 om patroner af typen kaliber .22 Hollow Point.;;Justitsministeriet;;Civilkontro (1994-506-0020);11541;1994;CM041080;C19941154110;Retsinformation;;Fremgår af forskriften;19941207;19970925;20050211;;;FALSE;;;;;A20210173629;;;;https://www.retsinformation.dk/eli/retsinfo/1994/11541
C;Vejledning;Vejledning om udarbejdelse af biotopplaner og udsætning af fasaner og agerhøns;;Ministeriet for Fødevarer, Landbrug og Fiskeri;Skov- og Naturstyrelsen;Miljømin., Skov- og Naturstyrelsen, j.nr. SNS-300-00030 ;9180;2009;AL001975;C20090918060;Retsinformation;;Fremgår af forskriften;20090318;20090422;20090422;;;FALSE;;;;;;;;;https://www.retsinformation.dk/eli/retsinfo/2009/9180
C;Cirkulære (1 sp);Cirkulære om registrering mv. af oplysninger i Det Centrale Kriminalregister (Kriminalregisteret) I medfør af § 5, stk. 2, § 6, stk. 2, § 10, stk. 4, § 30, stk. 2, § 31, stk. 2, i bekendtgørelse nr. 1860 af 23. september 2021 om behandling af personoplysninger i Det Centrale Kriminalregister (Kriminalregisteret) fastsættes:;;Justitsministeriet;;Justitsmin.,\nRigspolitiet, j.nr. 2019-025966;9755;2021;AA012653;C20210975509;Retsinformation;;Fremgår af forskriften;20210929;20211004;20211004;;;FALSE;;;;;;;;;https://www.retsinformation.dk/eli/retsinfo/2021/9755
C;Vejledning;Vejledning om vurderingskrav ved miljøgodkendelse af hurtigfærger i forhold til habitatdirektivet og fuglebeskyttelsesdirektivet;;Miljøministeriet;Miljøstyrelsen;Miljø- og Fødevaremin.,\n Miljøstyrelsen j.nr. MST-022-00001;10056;2018;CK001947;C20181005660;Retsinformation;;Fremgår af forskriften;20181213;20181214;20181214;;;FALSE;;;;;B20150173505;;;;https://www.retsinformation.dk/eli/retsinfo/2018/10056
L;Bekendtgørelse (international);Bekendtgørelse af ILO-konvention af 1969 om læge- og hospitalsbehandling samt dagpenge under sygdom (* 1) (* 2);;Udenrigsministeriet;Socialministeriet;Udenrigsmin. j.nr. 85.B.86.c.;85;1979;CM013356;L19790008564;Lovtidende C;;Fremgår af forskriften;19790705;19971001;20010726;19791019;;FALSE;(* 2) 'Andre landes senere tiltrædelse af konventionen fremgår af ILO's liste, der udgives årligt pr. 31. december. Oplysninger fra listen kan indhentes bl.a. fra Arbejdsministeriet eller Udenrigsministeriet, der begge vil kunne undersøge tiltrædelser i det løbende år.',(* 1) Andre landes tiltrædelse og eventuelle forbehold: BEK nr. 43 af 20/04/1983;;;;;;;;https://www.retsinformation.dk/eli/ltc/1979/85
L;Bekendtgørelse (international);Bekendtgørelse af aftale af 15. november 1973 om fredning af isbjørne.;;Udenrigsministeriet;Udenrigsministeriet;ØP.IV. j.nr. 63.B.35.c.;41;1978;CM030061;L19780004164;Lovtidende C;;Fremgår af forskriften;19780628;19971001;20040812;19781026;;FALSE;;;;;;;;;https://www.retsinformation.dk/eli/ltc/1978/41
L;Bekendtgørelse (international);Bekendtgørelse om Danmarks Ratifikation af den mellem Danmark, det britiske Rige, de amerikanske Forenede Stater, Frankrig, Italien, Japan, Norge, Nederlandene og Sverige den 9. Februar 1920 i Paris undertegnede Traktat angaaende Spitzbergen;;Udenrigsministeriet;;JT.2.6.G.11.h.;240;1925;CM029370;L19250024064;Lovtidende A;;Fremgår af forskriften;19250905;19971001;20010403;19250914;;FALSE;;;;;;;;L19990001564;https://www.retsinformation.dk/eli/lta/1925/240
C;Vejledning;Vejledning om inddæmning og opfyldning på søterritoriet;;Miljøministeriet;Kystinspektoratet;Trafikmin.,\nKystdirektoratet, j.nr. 440-2-17;6;2002;AR000515;C20020000660;Ministerialtidende;;Fremgår af forskriften;20020123;20020130;20080821;20020130;;FALSE;Vejledningen har i perioden 18. maj - 21. august 2008 ved en fejl været historisk markeret i Retsinformation. ;;;;B20130058005,A20200070529;;;;https://www.retsinformation.dk/eli/mt/2002/6
C;Vejledning;Vejledning om udlægning af telekabler og visse rørledninger på søterritoriet;Rørvejledningen;Transportministeriet;Kystinspektoratet;Trafikmin.,\nKystdir., j.nr. 450-1;163;2001;AR000466;C20010016360;Ministerialtidende;;Fremgår af forskriften;20010917;20010919;20200716;20010919;;FALSE;;;;;;;;;https://www.retsinformation.dk/eli/mt/2001/163
A;Ændringslov;Lov om ændring af lov om naturbeskyttelse, lov om miljøbeskyttelse og forskellige andre love\n(Ændringer som følge af lov om Natur- og Miljøklagenævnet m.v.);;Ministeriet for Fødevarer, Landbrug og Fiskeri;Miljøministeriet;Miljømin.,\nBy- og Landskabsstyrelsen, j.nr. BLS-300-00016;484;2010;AL002216;A20100048430;Lovtidende A;;Fremgår af forskriften;20100511;20100512;20191011;20100512;;FALSE;;;;;;LOV nr 1608 af 22/12/2010;;;https://www.retsinformation.dk/eli/lta/2010/484
C;Vejledning;Vejledning om skydebaner;;Ministeriet for Fødevarer, Landbrug og Fiskeri;Miljøstyrelsen;Ingen;14001;1995;CM008332;C19951400160;Retsinformation;;Fremgår af forskriften;19950331;19970925;20070124;;;FALSE;;;;;A20220010029;;;;https://www.retsinformation.dk/eli/retsinfo/1995/14001
B;Ændringsbekendtgørelse;Bekendtgørelse om ændring af bekendtgørelse om jordbrugets anvendelse af gødning i planperioden 2021/2022;;Ministeriet for Fødevarer, Landbrug og Fiskeri;Landbrugsstyrelsen;Ministeriet for Fødevarer, Landbrug og Fiskeri,\nLandbrugsstyrelsen, j.nr. 21-1261-000006;364;2022;DC000535;B20220036405;Lovtidende A;;Fremgår af forskriften;20220324;20220325;20220325;20220325;;FALSE;;;;;;;;;https://www.retsinformation.dk/eli/lta/2022/364
A;Lovbekendtgørelse;Bekendtgørelse af lov om vandløb;Vandløbsloven;Miljøministeriet;;Miljø- og Fødevaremin., j.nr. 2019-8697;1217;2019;CK002067;A20190121729;Lovtidende A;;Fremgår af forskriften;20191125;20191128;20191128;20191128;;FALSE;;;;;;LOV nr 2210 af 29/12/2020,LOV nr 126 af 30/01/2021,LOV nr 900 af 21/06/2022;;;https://www.retsinformation.dk/eli/lta/2019/1217
C;Vejledning;Miljøskadelovens Skadebegreb;;Miljøministeriet;Miljøstyrelsen og By- og Landskabsstyrelsen;Miljømin.,\nMiljøstyrelsen, j.nr. 1440-00003;9439;2008;AL001854;C20080943960;Retsinformation;;Fremgår af forskriften;20080702;20080725;20080725;;;FALSE;Vejledningen er offentliggjort på Miljøstyrelsens hjemmeside som Vejledning fra Miljøstyrelsen nr. 4/2008.;;Vejledningen er offentliggjort på Miljøstyrelsens hjemmeside som Vejledning fra Miljøstyrelsen nr. 4/2008.;;A20220048229;;;;https://www.retsinformation.dk/eli/retsinfo/2008/9439
L;Bekendtgørelse (international);Bekendtgørelse af ILO-konvention nr. 169 af 28. juni 1989 vedrørende oprindelige folk og stammefolk i selvstændige stater;;Udenrigsministeriet;;Udenrigsmin., JT.1. j.nr. 85.B.125.;97;1997;CM045613;L19970009764;Lovtidende C;;Fremgår af forskriften;19971009;19980316;20010726;19971022;;FALSE;;;;;;;;;https://www.retsinformation.dk/eli/ltc/1997/97
B;Bekendtgørelse;Bekendtgørelse om registrering i CHR og om identifikation af kvæg, svin, får, geder, heste, hjorte eller kameler;;Ministeriet for Fødevarer, Landbrug og Fiskeri;Ministeriet for Fødevarer, Landbrug og Fiskeri;Ministeriet for Fødevarer, Landbrug og Fiskeri, \n Fødevarestyrelsen, j.nr. 2021-14-31-00314;1159;2022;DC000664;B20220115905;Lovtidende A;;Fremgår af forskriften;20220808;20220810;20220810;20220810;;FALSE;;;;;A20220000929;;;;https://www.retsinformation.dk/eli/lta/2022/1159
A;Ændringslov;Lov om ændring af lov om Natur- og Miljøklagenævnet og forskellige andre love\n(Reform af klagesystemet på natur- og miljøområdet m.v.);;Indenrigs- og Boligministeriet;Miljøministeriet;Miljømin.,\nNaturstyrelsen, j.nr. NST-400-00049;580;2012;AL002628;A20120058030;Lovtidende A;;Fremgår af forskriften;20120618;20120619;20191104;20120619;;FALSE;;;;;;;;;https://www.retsinformation.dk/eli/lta/2012/580
B;Bekendtgørelse;Forretningsorden for Folketinget;Folketingets forretningsorden;Folketinget;;xx;9458;2021;AX026322;B20210945805;Retsinformation;;Fremgår af forskriften;20210617;20210618;20210624;;;FALSE;"I medfør af grundlovens § 48 fastsætter Folketinget selv sin forretningsorden. Folketingets forretningsorden er en folketingsbeslutning. Forretningsordenen er vedtaget den 17. december 1953 og siden ændret ved en række yderligere folketingsbeslutninger. Denne udgave af forretningsordenen er en sammenskrivning af den oprindelige forretningsorden fra 1953 og senere ændringer, og er ajourført til og med folketingsbeslutning nr. B 287 af 13. april 2021. Af systemtekniske årsager er denne sammenskrevne udgave af Folketingets forretningsorden indlagt i Retsinformations regelbase som en bekendtgørelse, ligesom den alene af systemtekniske årsager er indlagt med en underskriftsdato. De enkelte folketingsbeslutninger, som har indebåret ændringer af forretningsordenen, siden folketingsåret 1985-86 kan findes i databasen ""Beslutningsforslag med tilh. betænkninger og beretninger"". Her vil man ligeledes kunne finde eventuelt senere folketingsbeslutninger, der ændrer Folketingets forretningsorden i forhold til ovenstående tekst. ";;;;A19530016930;;;;https://www.retsinformation.dk/eli/retsinfo/2021/9458
L;Bekendtgørelse (international);Bekendtgørelse om en i Washington den 2. december 1946 afsluttet international konvention angående regulering af hvalfangst med tilhørende slutprotokol. (* 1) (IWC) (Hvalfangstkommissionen).;;Udenrigsministeriet;;Ingen;45;1950;CM004481;L19500004564;Lovtidende C;;Fremgår af forskriften;19500413;19970925;20000929;19500830;;FALSE;BEK nr 58 af 12/08/1970,BEK nr 70 af 13/08/1969,BEK nr 12 af 24/02/1966,(* 1) Andre landes opsigelse:;;;;;BKI nr 12 af 24/02/1966,BKI nr 49 af 30/09/1959,BKI nr 58 af 12/08/1970,BKI nr 70 af 13/08/1969;;;https://www.retsinformation.dk/eli/ltc/1950/45
C;Vejledning;Vejledning til lov om landbrugsejendomme;;Ministeriet for Fødevarer, Landbrug og Fiskeri;;Ministeriet for Fødevarer, Landbrug og Fiskeri,\nLandbrugsstyrelsen, j.nr. 22-640-000110;9702;2022;DC000629;C20220970260;Retsinformation;;Fremgår af forskriften;20220623;20220624;20220624;;;FALSE;;;;;B20130031605,B20140142605,B20170123605,A20200010329,A20200011629,B20220056105;;;;https://www.retsinformation.dk/eli/retsinfo/2022/9702
A;Lov;Lov om Miljø- og Fødevareklagenævnet;;Erhvervsministeriet;;Miljø- og Fødevaremin., j.nr. 2016-8494;1715;2016;CK001106;A20160171530;Lovtidende A;;Fremgår af forskriften;20161227;20161228;20161228;20161228;;FALSE;;;;;;LOV nr 338 af 02/04/2019,LOV nr 58 af 28/01/2020,LOV nr 133 af 25/02/2020,LOV nr 784 af 04/05/2021,LOV nr 900 af 21/06/2022;;;https://www.retsinformation.dk/eli/lta/2016/1715
L;Bekendtgørelse (international);Bekendtgørelse af ændret udformning af tillægget til den europæiske konvention af 19. december 1954 om international klassifikation af patenter på opfindelser;;Udenrigsministeriet;Industriministeriet;Udenrigsmin. j.nr. 67.B.26.c.;31;1964;CM024340;L19640003164;Lovtidende C;;Fremgår af forskriften;19640724;19970924;20000929;19641023;;FALSE;;;;;;;;;https://www.retsinformation.dk/eli/ltc/1964/31
L;Bekendtgørelse (international);Bekendtgørelse af en europæisk konvention om international klassifikation af patenter på opfindelser;;Udenrigsministeriet;Industriministeriet;Ingen;8;1958;CM024303;L19580000864;Lovtidende C;;Fremgår af forskriften;19580214;19970924;20000929;19580228;;FALSE;;;;;;BKI nr 31 af 24/07/1964,BKI nr 47 af 11/04/1975;;;https://www.retsinformation.dk/eli/ltc/1958/8
B;Ændringsbekendtgørelse;Bekendtgørelse om ændring af bekendtgørelse om jordbrugets anvendelse af gødning i planperioden 2021/2022;;Ministeriet for Fødevarer, Landbrug og Fiskeri;Landbrugsstyrelsen;Ministeriet for Fødevarer, Landbrug og Fiskeri,\nLandbrugsstyrelsen, j.nr. 21-1261-000006;2563;2021;DC000461;B20210256305;Lovtidende A;;Fremgår af forskriften;20211220;20211223;20211223;20211223;;FALSE;;;;;;;;;https://www.retsinformation.dk/eli/lta/2021/2563
L;Bekendtgørelse (international);Bekendtgørelse om Danmarks ratifikation af den af den Internationale Arbejdskonference i Geneve i året 1952 vedtagne konvention om minimumsnormer for social tryghed (* 1);;Udenrigsministeriet;Socialministeriet;Socialmin. j.nr. 85.B.59.;1;1958;CM013299;L19580000164;Lovtidende C;;Fremgår af forskriften;19580102;19971001;20010726;19580110;;FALSE;(* 1) 'Andre landes senere tiltrædelse af konventionen fremgår af ILO's liste, der udgives årligt pr. 31. december. Oplysninger fra listen kan indhentes bl.a. fra Arbejdsministeriet eller Udenrigsministeriet, der begge vil kunne undersøge tiltrædelser i det løbende år.';;;;;BKI nr 32 af 19/05/1960;;;https://www.retsinformation.dk/eli/ltc/1958/1
A;Ændringslov;Lov om ændring af forskellige love\n(Forenkling, harmonisering og objektivering af reglerne for inddrivelse af gæld til det offentlige m.v. samt mulighed for anvendelse af digitale lønsedler);;Skatteministeriet;Told- og Skattestyrelsen;Skattemin., j.nr. 2004-711-0045;431;2005;AN004663;A20050043130;Lovtidende A;;Fremgår af forskriften;20050606;20050607;20070906;20050607;;FALSE;;;;;;BEK nr 185 af 07/03/2008,LOV nr 509 af 17/06/2008,LOV nr 492 af 12/05/2010,LOV nr 104 af 03/02/2016,LOV nr 453 af 09/06/2004;;;https://www.retsinformation.dk/eli/lta/2005/431
L;Bekendtgørelse (international);Bekendtgørelse af konvention af 23. juni 1979 om beskyttelse af migrerende arter af vilde dyr (* 1);;Udenrigsministeriet;Miljøministeriet;Udenrigsmin. j. nr. 46.B.66.c.;84;1986;CM008457;L19860008464;Lovtidende C;;Fremgår af forskriften;19860915;19970925;20000929;19870204;;FALSE;BEK nr 88 af 13/09/1990,Andre landes tiltrædelse:;;;;;BKI nr 88 af 13/09/1990,BKI nr 98 af 20/10/1994;;;https://www.retsinformation.dk/eli/ltc/1986/84
L;Bekendtgørelse (international);Bekendtgørelse af Locarno-arrangement af 8. oktober 1968 vedrørende oprettelse af en international klassifikation af industrielle mønstre og modeller. (* 2);;Udenrigsministeriet;Industriministeriet;Udenrigsmin. j.nr.67.B.33.c;71;1971;CM026114;L19710007164;Lovtidende C;;Fremgår af forskriften;19710809;19970924;20010403;19710928;;FALSE;T BEK nr 137 af 10/10/1996,T BEK nr 106 af 20/10/1994,T BEK nr 99 af 14/10/1993,(* 2) Andre landes tiltrædelse: BEK nr. 22 af 06/02/1992,BEK nr 144 af 04/12/1997,BEK nr 137 af 10/10/1996,BEK nr 106 af 20/10/1994,BEK nr 99 af 14/10/1993,BEK nr. 22 af 06/02/1992,(* 2) Andre landes tiltrædelse:;;;;;;;L19990003664;https://www.retsinformation.dk/eli/ltc/1971/71
C;Vejledning;Vejledning om Tilskud til skov med biodiversitetsformål 2021;;Ministeriet for Fødevarer, Landbrug og Fiskeri;;Landbrugsstyrelsen, j. nr 21-13233;9611;2021;DC000308;C20210961160;Retsinformation;;Fremgår af forskriften;20210811;20210812;20220326;;;FALSE;;;;;B20210040405;;;;https://www.retsinformation.dk/eli/retsinfo/2021/9611
B;Bekendtgørelse;Bekendtgørelse om forebyggelse og håndtering af introduktion og spredning af invasive ikkehjemmehørende arter på EU-listen og om en national liste med handelsforbud m.v. over for invasive arter;;Ministeriet for Fødevarer, Landbrug og Fiskeri;Miljø- og Fødevareministeriet;Miljø- og Fødevaremin., j.nr. 2018-4650;1285;2018;CK001847;B20180128505;Lovtidende A;;Fremgår af forskriften;20181112;20181120;20181120;20181120;;FALSE;;;;;A20210198629;;;;https://www.retsinformation.dk/eli/lta/2018/1285
A;Ændringslov;Lov om ændring af kildeskatteloven, opkrævningsloven, udpantningsloven og forskellige andre love\n(Konsekvensændringer som følge af lov om inddrivelse af gæld til det offentlige);;Skatteministeriet;SKAT;Skattemin., j.nr. 2007-711-0011;1336;2008;AN009487;A20080133630;Lovtidende A;;Fremgår af forskriften;20081219;20081220;20131029;20081220;;FALSE;;;;;;LOV nr 492 af 12/05/2010,LOV nr 471 af 12/06/2009,LOV nr 1537 af 21/12/2010,LOV nr 551 af 18/06/2012,LBK nr 1209 af 28/11/2006,LOV nr 649 af 12/06/2013,LOV nr 1360 af 16/12/2014,LOV nr 1361 af 16/12/2014,LOV nr 1572 af 20/12/2006,LOV nr 104 af 03/02/2016,LOV nr 551 af 29/05/2018,LOV nr 1169 af 08/06/2021;;;https://www.retsinformation.dk/eli/lta/2008/1336
B;Ændringsbekendtgørelse;Bekendtgørelse om ændring af bekendtgørelse om bevaring og kassation af digitalt skabte data og dokumenter fra kommunerne;;Kulturministeriet;;Kulturmin.,\nRigsarkivet, j.nr. 18/00595;1469;2020;AK001593;B20200146905;Lovtidende A;;Fremgår af forskriften;20200928;20201013;20201013;20201013;;FALSE;;;;;;;;;https://www.retsinformation.dk/eli/lta/2020/1469
C;Vejledning;Vejledning om planlægning for og tilladelse til opstilling af vindmøller;;Indenrigs- og Boligministeriet;;Indenrigs- og Boligmin.\nBolig- og planstyrelsen j.nr;9317;2022;DE000217;C20220931760;Retsinformation;;Fremgår af forskriften;20220126;20220325;20220325;;;FALSE;;;;;;;;;https://www.retsinformation.dk/eli/retsinfo/2022/9317
B;Ændringsbekendtgørelse;Bekendtgørelse om ændring af bekendtgørelse om jordbrugets anvendelse af gødning i planperioden 2020/2021;;Ministeriet for Fødevarer, Landbrug og Fiskeri;Landbrugsstyrelsen;Ministeriet for Fødevarer, Landbrug og Fiskeri,\nLandbrugsstyrelsen, j.nr. 21-120-000001;451;2021;DC000138;B20210045105;Lovtidende A;;Fremgår af forskriften;20210315;20210318;20210318;20210318;;FALSE;;;;;;;;;https://www.retsinformation.dk/eli/lta/2021/451
C;Vejledning;Vejledning til regnskabsindberetning for kreditinstitutter og fondsmæglerselskaber m.fl.;;Erhvervsministeriet;Finanstilsynet;Erhvervs- og Vækstmin.\nFinanstilsynet, j.nr. 123-0017;9677;2016;BP001710;C20160967760;Retsinformation;;Fremgår af forskriften;20160629;20160630;20160630;;;FALSE;;;;;A20220040629;;;;https://www.retsinformation.dk/eli/retsinfo/2016/9677
L;Bekendtgørelse (international);Bekendtgørelse om Den europæiske Bosættelseskonvention med tilhørende protokol (* 1);;Udenrigsministeriet;Udenrigsministeriet;5. E. 34. f/11.c.;22;1961;CM029727;L19610002264;Lovtidende C;;Fremgår af forskriften;19610527;19971001;19990127;19610822;;FALSE;U BEK nr 72 af 08/08/1996,U BEK nr 114 af 01/12/1981,U BEK nr 27 af 14/03/1972,U BEK nr 57 af 15/08/1967,(* 1) Andre landes tiltrædelse:;;;;;;;;https://www.retsinformation.dk/eli/ltc/1961/22
E;Stor vejledning;MOMSVEJL., AFGØRELSER 1988   1066 MN. FRADRAGSRET VED KØB AF VAREVOGN;;Skatteministeriet;;;20035;1988;AN007212;E19887MA0036;Retsinformation;;Fremgår af forskriften;19880101;20080205;20080205;;;FALSE;;;;;;;;;https://www.retsinformation.dk/eli/retsinfo/1988/20035
L;Bekendtgørelse (international);Bekendtgørelse af europæiske kodeks for social sikring af 16. april 1964 med tilhørende protokol af samme dato. (* 1);;Udenrigsministeriet;Socialministeriet;Udenrigsmin. j.nr. 38.K.1.c/11;111;1974;CM013368;L19740011164;Lovtidende C;;Fremgår af forskriften;19741008;19971001;20000930;19750109;;FALSE;R BEK nr 94 af 12/09/1996,U BEK nr 60 af 12/08/1993,(* 1) Andre landes tiltrædelse og eventuelle forbehold BEK nr 07 af 24/01/1978 BEK nr 31 af 09/03/1981;;;;;;;;https://www.retsinformation.dk/eli/ltc/1974/111
B;Bekendtgørelse;Bekendtgørelse om jordbrugets anvendelse af gødning i planperioden 2016/2017;;Ministeriet for Fødevarer, Landbrug og Fiskeri;NaturErhvervstyrelsen;Miljø- og Fødevaremin.,\nNaturErhvervstyrelsen, j.nr. 16-4112-000011;1055;2016;CK000867;B20160105505;Lovtidende A;;Fremgår af forskriften;20160701;20160705;20160705;20160705;;FALSE;;;;;A20140043329,A20190033830;;;;https://www.retsinformation.dk/eli/lta/2016/1055
C;Vejledning;Vejledning om ændring af vandløbslovens § 69 om bræmmer;;Miljøministeriet;Miljøstyrelsen;Miljø- og Energimin., Miljøstyrelsen, j. nr. ;60252;1992;AL000116;C19986025260;Retsinformation;;Fremgår af forskriften;19920901;19981209;20070709;;;FALSE;Nr. 10;;;;A20190121729;;;;https://www.retsinformation.dk/eli/retsinfo/1992/60252
C;Vejledning;Vejledning om Pulje til Landsbyfornyelse;;Indenrigs- og Boligministeriet;;Ministeriet for By, Bolig og Landdistrikter, j.nr. 2013-2929;9032;2014;BV000154;C20140903260;Retsinformation;;Fremgår af forskriften;20140123;20140124;20140213;;;FALSE;;;;;A20210079429;;;;https://www.retsinformation.dk/eli/retsinfo/2014/9032
C;Meddelelse;Meddelse om frakendelse efter jagtloven af retten til jagttegn og administrativ afgørelse om samtykke til jagttegn efter våbenloven (* 1);;Justitsministeriet;;Rigsadvokat j.nr. G 1087;11245;1990;CM018617;C19901124532;Retsinformation;;Fremgår af forskriften;19900508;19970925;20070706;;;FALSE;;;;;A20190026529,A20210173629;;;;https://www.retsinformation.dk/eli/retsinfo/1990/11245
C;Vejledning;Vejledning om landzoneadministration Planlovens §§ 34-38;Landzonevejledningen;Indenrigs- og Boligministeriet;Erhvervsstyrelsen;Erhvervsmin.,\nErhvervsstyrelsen, j.nr. 2018-1177;10076;2019;CQ000964;C20191007660;Retsinformation;;Fremgår af forskriften;20180605;20191128;20191128;;;FALSE;;;;;A20200115729;;;;https://www.retsinformation.dk/eli/retsinfo/2019/10076
B;Bekendtgørelse;Bekendtgørelse om jordbrugets anvendelse af gødning i planperioden 2018/2019;;Ministeriet for Fødevarer, Landbrug og Fiskeri;Landbrugsstyrelsen;Miljø- og Fødevaremin.,\nLandbrugsstyrelsen, j.nr. 18-1261-000002;1008;2018;CK001762;B20180100805;Lovtidende A;;Fremgår af forskriften;20180702;20180704;20180704;20180704;;FALSE;;;;;A20190033830,A20190052029;BEK nr 345 af 01/04/2019,BEK nr 272 af 25/03/2020;;;https://www.retsinformation.dk/eli/lta/2018/1008
B;Bekendtgørelse;Bekendtgørelse om jordbrugets anvendelse af gødning i planperioden 2017/2018;;Ministeriet for Fødevarer, Landbrug og Fiskeri;;Miljø- og Fødevaremin.,\nLandbrugs- og Fiskeristyrelsen, j.nr. 17-1261-000001;963;2017;CK001391;B20170096305;Lovtidende A;;Fremgår af forskriften;20170712;20170714;20170714;20170714;;FALSE;;;;;A20190033830,A20190052029;;;;https://www.retsinformation.dk/eli/lta/2017/963
L;Bekendtgørelse (international);Bekendtgørelse af frihandelsaftale af 28. august 1992 mellem Danmark/Færøerne og Norge;;Udenrigsministeriet;Udenrigsministeriet;Udenrigsmin., N.5. j.nr. 64.Færøerne/Norge;62;1997;CM044118;L19970006264;Lovtidende C;;Fremgår af forskriften;19970501;19971001;19981026;19970514;;FALSE;;;;;;;;;https://www.retsinformation.dk/eli/ltc/1997/62
B;Bekendtgørelse;Bekendtgørelse om jordbrugets anvendelse af gødning i planperioden 2019/2020;;Ministeriet for Fødevarer, Landbrug og Fiskeri;Landbrugsstyrelsen;Miljø- og Fødevaremin.,\nLandbrugsstyrelsen, j.nr. 19-2161-000001;762;2019;CK002117;B20190076205;Lovtidende A;;Fremgår af forskriften;20190729;20190801;20190801;20190801;;FALSE;;;;;A20180099629,A20190033830;BEK nr 500 af 22/04/2020;;;https://www.retsinformation.dk/eli/lta/2019/762
C;Regulativ;Regulativ for uddannelse af skovteknikere;;Miljøministeriet;Skovskolen;Ingen;13346;1983;CM039326;C19831334645;Retsinformation;;Fremgår af forskriften;19831216;19970925;20011129;;;FALSE;;;;;A19660004430;CIR nr 146 af 31/08/1993;;;https://www.retsinformation.dk/eli/retsinfo/1983/13346
C;Regel;Regler for færdsel m.v. på Esrum sø.;;Miljøministeriet;By- og Landskabsstyrelsen/Søfartsstyrelsen;Landbrugsministeriet;14000;1962;CM008271;C19621400048;Retsinformation;;Fremgår af forskriften;19620526;19970925;20070706;;;FALSE;;;;;A20210198629;;;;https://www.retsinformation.dk/eli/retsinfo/1962/14000
B;Bekendtgørelse;Bekendtgørelse om jordbrugets anvendelse af gødning i planperioden 2021/2022;Gødskningsbekendtgørelsen;Ministeriet for Fødevarer, Landbrug og Fiskeri;Landbrugsstyrelsen;Ministeriet for Fødevarer, Landbrug og Fiskeri,\nLandbrugsstyrelsen, j.nr. 21-1260-000002;1601;2021;DC000291;B20210160105;Lovtidende A;;Fremgår af forskriften;20210714;20210716;20210716;20210716;;FALSE;;;;;A20190033830;BEK nr 2563 af 20/12/2021,BEK nr 364 af 24/03/2022;;;https://www.retsinformation.dk/eli/lta/2021/1601
B;Bekendtgørelse;Bekendtgørelse om indsatsprogrammer for vandområdedistrikter;Indsatsbekendtgørelsen;Miljøministeriet;Miljø- og Fødevareministeriet;Miljø- og Fødevaremin., j.nr. 2018-1740;449;2019;CK002036;B20190044905;Lovtidende A;;Fremgår af forskriften;20190411;20190417;20190417;20190417;;FALSE;;;;;A20170012629;;;;https://www.retsinformation.dk/eli/lta/2019/449
B;Bekendtgørelse;Bekendtgørelse om finansielle rapporter for kreditinstitutter og fondsmæglerselskaber m.fl.;;Erhvervsministeriet;Finanstilsynet;Erhvervs- og Vækstmin.,\n Finanstilsynet, j.nr. 152-0012;281;2014;BP000876;B20140028105;Lovtidende A;;Fremgår af forskriften;20140326;20140328;20140328;20140328;;FALSE;;;;;A20210201529,A20220040629;BEK nr 707 af 01/06/2016,BEK nr 1043 af 05/09/2017,BEK nr 1441 af 03/12/2018,BEK nr 1593 af 09/11/2020;;;https://www.retsinformation.dk/eli/lta/2014/281
B;Bekendtgørelse;Bekendtgørelse om jordbrugets anvendelse af gødning i planperioden 2020/2021;Gødskningsbekendtgørelsen 2020/2021;Ministeriet for Fødevarer, Landbrug og Fiskeri;Landbrugsstyrelsen;Miljø- og Fødevaremin., \nLandbrugsstyrelsen, j.nr. 20-1260-000002;1166;2020;CK002568;B20200116605;Lovtidende A;;Fremgår af forskriften;20200713;20200715;20200715;20200715;;FALSE;;;;;A20190033830;BEK nr 451 af 15/03/2021;;;https://www.retsinformation.dk/eli/lta/2020/1166
E;Stor vejledning;TOLDVEJLEDNING 2001  A.5 VAREBESTEMMELSER;;Skatteministeriet;;;20080;2001;AN007890;E20018T00008;Retsinformation;;Fremgår af forskriften;20010101;20080205;20080205;;;FALSE;;;;;;;;;https://www.retsinformation.dk/eli/retsinfo/2001/20080
C;Cirkulære (1 sp);Cirkulære om kortlægning af og redegørelse for affaldsbortskaffelsen (Til samtlige amtsråd og kommunalbestyrelser og Hovedstadsrådet);;Ministeriet for Fødevarer, Landbrug og Fiskeri;Miljøstyrelsen;Miljøstyrelsen, j. nr. 84-3012-1;35;1985;CM007850;C19850003509;Ministerialtidende;;Fremgår af forskriften;19850325;19970925;20070731;19850620;;FALSE;;;;;A20170002829;;;;https://www.retsinformation.dk/eli/mt/1985/35
C;Vejledning;Vejledning om fødevarehygiejne;Hygiejnevejledningen;Ministeriet for Fødevarer, Landbrug og Fiskeri;Fødevarestyrelsen;Ministeriet for Fødevarer, Landbrug og Fiskeri\nFødevarestyrelsen, j.nr. 2021-28-33-00154;9866;2022;DC000679;C20220986660;Retsinformation;;Fremgår af forskriften;20220727;20220728;20220728;;;FALSE;;;;;A20220000829;;;;https://www.retsinformation.dk/eli/retsinfo/2022/9866
A;Lov;Lov om Danmarks tiltrædelse af Schengenkonventionen (* 1);;Justitsministeriet;;Justitsmin., j.nr. L.A. 1997-760-0328;418;1997;CM044456;A19970041830;Lovtidende A;;Fremgår af forskriften;19970610;19970925;20070606;19970611;;FALSE;;;;;;LOV nr 227 af 02/04/2003,LOV nr 448 af 09/06/2004,LOV nr 521 af 06/06/2007,LOV nr 721 af 27/04/2021;;;https://www.retsinformation.dk/eli/lta/1997/418
C;Vejledning;Vejledning om autorisation og registrering af fødevarevirksomheder m.v. (Autorisationsvejledningen);Autorisationsvejledningen;Ministeriet for Fødevarer, Landbrug og Fiskeri;Fødevarestyrelsen;Miljø- og Fødevaremin. \nFødevarestyrelsen, j.nr. 2021-28-33-00198;9297;2022;DC000534;C20220929760;Retsinformation;;Fremgår af forskriften;20220321;20220322;20220322;;;FALSE;;;;;B20210224705;;;;https://www.retsinformation.dk/eli/retsinfo/2022/9297
B;Bekendtgørelse;Bekendtgørelse om jordbrugets anvendelse af gødning i planperioden 2022/2023;Gødskningsbekendtgørelsen 2022/2023;Ministeriet for Fødevarer, Landbrug og Fiskeri;Landbrugsstyrelsen;Ministeriet for Fødevarer, Landbrug og Fiskeri,\nLandbrugsstyrelsen, j.nr. 21-1261-000004;1144;2022;DC000667;B20220114405;Lovtidende A;;Fremgår af forskriften;20220714;20220715;20220715;20220715;;FALSE;;;;;A20190033830;;;;https://www.retsinformation.dk/eli/lta/2022/1144
C;Vejledning;Vejledning om tilskud til skov med biodiversitetsformål 2022;;Ministeriet for Fødevarer, Landbrug og Fiskeri;Landbrugsstyrelsen;21-13233-000003;9326;2022;DC000537;C20220932660;Retsinformation;;Fremgår af forskriften;20220325;20220326;20220430;;;FALSE;;;;;B20220030905;;;;https://www.retsinformation.dk/eli/retsinfo/2022/9326
C;Skrivelse;Skrivelse om bestemmelse om bestemmelse for Forsvarets benyttelse af civile arealer;;Forsvarsministeriet;Forsvarskommandoen;FKOBST MA.611-1;9571;2001;AG000185;C20010957154;Retsinformation;;Fremgår af forskriften;20010630;20040701;20040701;;;FALSE;;;;;;;;;https://www.retsinformation.dk/eli/retsinfo/2001/9571
C;Vejledning;Vejledning fra By- og Landskabsstyrelsen Dumpning af optaget havbundsmateriale   klapning;;Miljøministeriet;Miljøcentre;Miljømin., By- og Landskabsstyrelsen, j. nr. BLS-400-00016;9702;2008;AL001885;C20080970260;Retsinformation;;Fremgår af forskriften;20081020;20081023;20081122;;;FALSE;;;;;A20190116529;;;;https://www.retsinformation.dk/eli/retsinfo/2008/9702
L;Bekendtgørelse (international);Bekendtgørelse af frihandelsaftale af 6. august 1992 mellem Danmark/Færøerne og Island;;Udenrigsministeriet;Udenrigsministeriet;Udenrigsmin. N.5. j.nr. 64. Færøerne/Island;61;1997;CM044174;L19970006164;Lovtidende C;;Fremgår af forskriften;19970501;19971001;19981026;19970514;;FALSE;;;;;;BKI nr 13 af 29/08/2013;;;https://www.retsinformation.dk/eli/ltc/1997/61
C;Vejledning;Vejledning om mælkekontrol;Mælkekontrolvejledningen;Ministeriet for Fødevarer, Landbrug og Fiskeri;Fødevarestyrelsen;Familie- og Forbrugermin.,n\Fødevarestyrelsen, j.nr. 2006-20-23-01460;9048;2006;BG000371;C20060904860;Retsinformation;;Fremgår af forskriften;20051223;20060206;20060206;;;FALSE;;;;;;;;;https://www.retsinformation.dk/eli/retsinfo/2006/9048
C;Skrivelse;Skrivelse om bestemmelse om retningslinier for forsvarets benyttelse af civile arealer;;Forsvarsministeriet;Forsvarskommandoen;FKOBST 611-1;9935;1999;AG000206;C19990993554;Retsinformation;;Fremgår af forskriften;19990331;20040927;20040927;;;FALSE;;;;;;;;;https://www.retsinformation.dk/eli/retsinfo/1999/9935
C;Skrivelse;Eftergivelse af børnebidrag mv.;;Skatteministeriet;SKAT;Skattemin.,\nSKAT, j.nr. 06-007753;9588;2006;AN005420;C20060958854;Retsinformation;;Fremgår af forskriften;20060224;20060804;20060804;;;FALSE;;;;;A20210271129;;;;https://www.retsinformation.dk/eli/retsinfo/2006/9588
C;Cirkulære (1 sp);Cirkulære om vandløbsloven (Til kommunalbestyrelser, amtsråd, hovedstadsrådet og formænd for landvæsenskommissioner og overlandvæsenskommissioner);;Miljøministeriet;Miljøstyrelsen;Miljøstyr. j.nr. 84-2013-5;21;1985;CM007838;C19850002109;Ministerialtidende;;Fremgår af forskriften;19850226;19970925;20070709;19850523;;FALSE;;;;;A20190121729;;;;https://www.retsinformation.dk/eli/mt/1985/21
C;Bestemmelse;FORSVARSKOMMANDOBESTEMMELSE P. 491-4 om kontakt- og orienteringsbesøg ved tjenestesteder.;;Forsvarsministeriet;Forsvarskommandoens Personelstab;Ingen;25120;1979;CM000588;C19792512008;Retsinformation;;Fremgår af forskriften;19791231;19970925;19970925;;;FALSE;Der er indsat en fiktiv dato af systemtekniske hensyn.,Kun år og måned for underskrivelsen er kendt.;;;;;;;;https://www.retsinformation.dk/eli/retsinfo/1979/25120
E;Stor vejledning;TOLDVEJLEDNING 1994   AFSNIT D.3 - REJSEGODS;;Skatteministeriet;;;20069;1994;AN009073;E19948T00D03;Retsinformation;;Fremgår af forskriften;19940101;20080205;20080205;;;FALSE;;;;;;;;;https://www.retsinformation.dk/eli/retsinfo/1994/20069
C;Instruks;Instruktoriske bestemmelser for bestyrelsen af klitplantagerne.;;Miljøministeriet;By- og Landskabsstyrelsen/Søfartsstyrelsen;Landbrugsministeriet;14001;1949;CM008042;C19491400123;Retsinformation;;Fremgår af forskriften;19491219;19970925;20070706;;;FALSE;;;;;A20210198629;;;;https://www.retsinformation.dk/eli/retsinfo/1949/14001
E;Stor vejledning;TOLDVEJLEDNING 2001  D.3 REJSEGODS;;Skatteministeriet;;;20013;2001;AN008101;E20018T00031;Retsinformation;;Fremgår af forskriften;20010101;20080205;20080205;;;FALSE;;;;;;;;;https://www.retsinformation.dk/eli/retsinfo/2001/20013
E;Stor vejledning;TOLDVEJLEDNING 2000  D.3 REJSEGODS;;Skatteministeriet;;;20065;2000;AN006774;E20008T00031;Retsinformation;;Fremgår af forskriften;20000101;20080205;20080205;;;FALSE;;;;;;;;;https://www.retsinformation.dk/eli/retsinfo/2000/20065
C;Vejledning;Vejledning om tilstrækkeligt kapitalgrundlag og solvensbehov for kreditinstitutter;;Erhvervsministeriet;Finanstilsynet;Erhvervsmin.,\nFinanstilsynet, j.nr.21-001687;10069;2021;CQ002008;C20211006960;Retsinformation;;Fremgår af forskriften;20211216;20211217;20211217;;;FALSE;;;;;B20200215505;;;;https://www.retsinformation.dk/eli/retsinfo/2021/10069
E;Stor vejledning;TOLDVEJLEDNING 1997   AFSNIT D.3 - REJSEGODS;;Skatteministeriet;;;20124;1997;AN006903;E19978T00D03;Retsinformation;;Fremgår af forskriften;19970101;20080205;20080205;;;FALSE;;;;;;;;;https://www.retsinformation.dk/eli/retsinfo/1997/20124
E;Stor vejledning;TOLDVEJLEDNING 1998   AFSNIT D.3 - REJSEGODS;;Skatteministeriet;;;20035;1998;AN006841;E19988T00D03;Retsinformation;;Fremgår af forskriften;19980101;20080205;20080205;;;FALSE;;;;;;;;;https://www.retsinformation.dk/eli/retsinfo/1998/20035
E;Stor vejledning;TOLDVEJLEDNING 1997   AFSNIT A.5 - VAREBESTEMMELSER;;Skatteministeriet;;;20111;1997;AN006890;E19978T00A05;Retsinformation;;Fremgår af forskriften;19970101;20080205;20080205;;;FALSE;;;;;;;;;https://www.retsinformation.dk/eli/retsinfo/1997/20111
E;Stor vejledning;TOLDVEJLEDNING 2000  A.5 VAREBESTEMMELSER;;Skatteministeriet;;;20055;2000;AN006764;E20008T00007;Retsinformation;;Fremgår af forskriften;20000101;20080205;20080205;;;FALSE;;;;;;;;;https://www.retsinformation.dk/eli/retsinfo/2000/20055
C;Cirkulære (1 sp);Cirkulære om lov om landbrugsejendomme;;Ministeriet for Fødevarer, Landbrug og Fiskeri;Jordbrugsdirektoratet, Matrikeldirektoratet, Landbrugsministeriets departement;Landbrugsmin. j. nr. 86-312-14;54;1987;CM037818;C19870005409;Ministerialtidende;;Fremgår af forskriften;19870319;19970925;20070129;19870603;;FALSE;;;;;A20200011629;;;;https://www.retsinformation.dk/eli/mt/1987/54
E;Stor vejledning;TOLDVEJLEDNING 1998   AFSNIT A.5 - VAREBESTEMMELSER;;Skatteministeriet;;;20023;1998;AN006829;E19988T00A05;Retsinformation;;Fremgår af forskriften;19980101;20080205;20080205;;;FALSE;;;;;;;;;https://www.retsinformation.dk/eli/retsinfo/1998/20023
C;Vejledning;Vejledning om miljøordninger og miljøvenlige jordbrugsforanstaltninger 2021;;Ministeriet for Fødevarer, Landbrug og Fiskeri;;Landbrugsstyrelsen, j. nr. 21-13233-000005;9984;2021;DC000414;C20210998460;Retsinformation;;Fremgår af forskriften;20211130;20211201;20211201;;;FALSE;;;;;;;;;https://www.retsinformation.dk/eli/retsinfo/2021/9984
E;Stor vejledning;MOMSVEJLEDNING, TEKST 1995   AFSNIT D - MOMSPLIGTIGE TRANSAKTIONER;;Skatteministeriet;;;20057;1995;AN006962;E19956MV0004;Retsinformation;;Fremgår af forskriften;19950101;20080205;20080205;;;FALSE;;;;;;;;;https://www.retsinformation.dk/eli/retsinfo/1995/20057
L;Bekendtgørelse (international);Bekendtgørelse af frihandelsaftale af 12. januar 1994 mellem Danmark/Færøerne og Schweiz;;Udenrigsministeriet;Udenrigsministeriet;Udenrigsmin. N.5. j.nr. 64. Færøerne/Schweiz;60;1997;CM044167;L19970006064;Lovtidende C;;Fremgår af forskriften;19970501;19971001;19981026;19970514;;FALSE;;;;;;;;;https://www.retsinformation.dk/eli/ltc/1997/60
C;Bestemmelse;Terrænets benyttelse;;Forsvarsministeriet;Forsvarskommandoens Operations- og Driftsstab;FKOBST 611-1;25055;1991;CM000524;C19912505508;Retsinformation;;Fremgår af forskriften;19911031;19970925;19970925;;;FALSE;Der er indsat en fiktiv dato af systemtekniske hensyn.,Kun år og måned for underskrivelsen er kendt.;;;;;;;;https://www.retsinformation.dk/eli/retsinfo/1991/25055
E;Stor vejledning;LØNSUMSAFGIFTSVEJLEDNINGEN 2000  AFSNIT B AFGIFTSPLIGTIGE VIRKSOMHEDER;;Skatteministeriet;;;20143;2000;AN008977;E20006LA0002;Retsinformation;;Fremgår af forskriften;20000101;20080205;20080205;;;FALSE;;;;;;;;;https://www.retsinformation.dk/eli/retsinfo/2000/20143
C;Vejledning;Vejledning om planloven;;Indenrigs- og Boligministeriet;Miljø- og Energiministeriet, Landsplanafdelingen;D 3010-0001;187;1996;CM042920;C19960018760;Ministerialtidende;;Fremgår af forskriften;19961114;19970925;20070717;19961212;;FALSE;;;;;A20200115729;VEJ nr 12392 af 10/10/2001,VEJ nr 12393 af 25/10/2001;;;https://www.retsinformation.dk/eli/mt/1996/187
E;Stor vejledning;MOMSVEJLEDNING, TEKST 1993   AFSNIT B - ANVENDELSESOMRÅDET;;Skatteministeriet;;;20003;1993;AN008663;E19936MV0002;Retsinformation;;Fremgår af forskriften;19930101;20080205;20080205;;;FALSE;;;;;;;;;https://www.retsinformation.dk/eli/retsinfo/1993/20003
E;Stor vejledning;MOMSVEJLEDNING, TEKST 1997   AFSNIT D - MOMSPLIGTIGE TRANSAKTIONER;;Skatteministeriet;;;20098;1997;AN006877;E19976MV0004;Retsinformation;;Fremgår af forskriften;19970101;20080205;20080205;;;FALSE;;;;;;;;;https://www.retsinformation.dk/eli/retsinfo/1997/20098
E;Stor vejledning;MOMSVEJLEDNING, TEKST 1996   AFSNIT D - MOMSPLIGTIGE TRANSAKTIONER;;Skatteministeriet;;;20048;1996;AN008771;E19966MV0004;Retsinformation;;Fremgår af forskriften;19960101;20080205;20080205;;;FALSE;;;;;;;;;https://www.retsinformation.dk/eli/retsinfo/1996/20048
E;Stor vejledning;MOMSVEJLEDNING 1998  AFSNIT D MOMSPLIGTIGE TRANSAKTIONER;;Skatteministeriet;;;20063;1998;AN008877;E19986MV0004;Retsinformation;;Fremgår af forskriften;19980101;20080205;20080205;;;FALSE;;;;;;;;;https://www.retsinformation.dk/eli/retsinfo/1998/20063
C;Vejledning;Vejledning om grundbetaling 2021;;Ministeriet for Fødevarer, Landbrug og Fiskeri;Landbrugsstyrelsen;Ministeriet for Fødevarer, Landbrug og Fiskeri,\n Landbrugsstyrelsen, j. nr. 20-1320-000001;9773;2021;DC000340;C20210977360;Retsinformation;;Fremgår af forskriften;20210401;20211006;20211006;;;FALSE;;;;;;;;;https://www.retsinformation.dk/eli/retsinfo/2021/9773
E;Stor vejledning;MOMSVEJLEDNING 1999  AFSNIT D MOMSPLIGTIGE TRANSAKTIONER;;Skatteministeriet;;;20025;1999;AN009116;E19996MV0004;Retsinformation;;Fremgår af forskriften;19990101;20080205;20080205;;;FALSE;;;;;;;;;https://www.retsinformation.dk/eli/retsinfo/1999/20025
E;Stor vejledning;MOMSVEJLEDNINGEN 2000  AFSNIT D MOMSPLIGTIGE TRANSAKTIONER;;Skatteministeriet;;;20105;2000;AN009125;E20006MV0004;Retsinformation;;Fremgår af forskriften;20000101;20080205;20080205;;;FALSE;;;;;;;;;https://www.retsinformation.dk/eli/retsinfo/2000/20105
E;Stor vejledning;MOMSVEJLEDNING, TEKST 1993   AFSNIT G - MOMSFRITAGELSER OG -GODTGØRELSER;;Skatteministeriet;;;20008;1993;AN008668;E19936MV0007;Retsinformation;;Fremgår af forskriften;19930101;20080205;20080205;;;FALSE;;;;;;;;;https://www.retsinformation.dk/eli/retsinfo/1993/20008
E;Stor vejledning;LØNSUMSAFGIFTSVEJLEDNINGEN 2003  B AFGIFTSPLIGTIGE VIRKSOMHEDER;;Skatteministeriet;;;20053;2003;AN007802;E20036LA0002;Retsinformation;;Fremgår af forskriften;20030101;20080205;20080205;;;FALSE;;;;;;;;;https://www.retsinformation.dk/eli/retsinfo/2003/20053
E;Stor vejledning;LØNSUMSAFGIFTSVEJLEDNINGEN 2006  B AFGIFTSPLIGTIGE VIRKSOMHEDER;;Skatteministeriet;;;20080;2006;AN008048;E20066LA0002;Retsinformation;;Fremgår af forskriften;20060101;20080205;20080205;;;FALSE;;;;;;;;;https://www.retsinformation.dk/eli/retsinfo/2006/20080
E;Stor vejledning;VURDERINGSVEJLEDNING 2006  C GRUNDVÆRDIEN;;Skatteministeriet;;;20005;2006;AN008119;E20066VU0003;Retsinformation;;Fremgår af forskriften;20060101;20080205;20080205;;;FALSE;;;;;;;;;https://www.retsinformation.dk/eli/retsinfo/2006/20005
E;Stor vejledning;VURDERINGSVEJLEDNING 2003  C GRUNDVÆRDIEN;;Skatteministeriet;;;20089;2003;AN007838;E20036VU0003;Retsinformation;;Fremgår af forskriften;20030101;20080205;20080205;;;FALSE;;;;;;;;;https://www.retsinformation.dk/eli/retsinfo/2003/20089
E;Stor vejledning;VURDERINGSVEJLEDNING 2007  C GRUNDVÆRDIEN;;Skatteministeriet;;;20030;2007;AN008013;E20076VU0003;Retsinformation;;Fremgår af forskriften;20070101;20080205;20080205;;;FALSE;;;;;;;;;https://www.retsinformation.dk/eli/retsinfo/2007/20030
E;Stor vejledning;MOMSVEJLEDNINGEN 2001;;Skatteministeriet;;;20018;2001;AN007985;E20016MV0004;Retsinformation;;Fremgår af forskriften;20010101;20080205;20080205;;;FALSE;;;;;;;;;https://www.retsinformation.dk/eli/retsinfo/2001/20018
E;Stor vejledning;LØNSUMSAFGIFTSVEJLEDNINGEN 2007  B AFGIFTSPLIGTIGE VIRKSOMHEDER;;Skatteministeriet;;;20009;2007;AN007976;E20076LA0002;Retsinformation;;Fremgår af forskriften;20070101;20080205;20080205;;;FALSE;;;;;;;;;https://www.retsinformation.dk/eli/retsinfo/2007/20009
E;Stor vejledning;VURDERINGSVEJLEDNING 2003  B EJENDOMSVÆRDIEN;;Skatteministeriet;;;20088;2003;AN007837;E20036VU0002;Retsinformation;;Fremgår af forskriften;20030101;20080205;20080205;;;FALSE;;;;;;;;;https://www.retsinformation.dk/eli/retsinfo/2003/20088
E;Stor vejledning;TINGLYSNINGSAFGIFTSVEJLEDNING 2000  9. BILAG;;Skatteministeriet;;;20128;2000;AN009030;E20006TG0010;Retsinformation;;Fremgår af forskriften;20000101;20080205;20080205;;;FALSE;;;;;;;;;https://www.retsinformation.dk/eli/retsinfo/2000/20128
E;Stor vejledning;MOMSVEJLEDNING 2002  AFSNIT D MOMSPLIGTIGE TRANSAKTIONER;;Skatteministeriet;;;20021;2002;AN007945;E20026MV0004;Retsinformation;;Fremgår af forskriften;20020101;20080205;20080205;;;FALSE;;;;;;;;;https://www.retsinformation.dk/eli/retsinfo/2002/20021
E;Stor vejledning;MOMSVEJLEDNING 2003  AFSNIT D MOMSPLIGTIGE TRANSAKTIONER;;Skatteministeriet;;;20124;2003;AN008334;E20036MV0004;Retsinformation;;Fremgår af forskriften;20030101;20080205;20080205;;;FALSE;;;;;;;;;https://www.retsinformation.dk/eli/retsinfo/2003/20124
C;Bestemmelse;FORSVARSKOMMANDOBESTEMMELSE p.321-1 om forsvarets arkivtjeneste.;;Forsvarsministeriet;Forsvarskommandoens Personelstab;Ingen;25085;1981;CM000564;C19812508508;Retsinformation;;Fremgår af forskriften;19810731;19970925;19970925;;;FALSE;Der er indsat en fiktiv dato af systemtekniske hensyn.,Kun år og måned for underskrivelsen er kendt.;;;;;;;;https://www.retsinformation.dk/eli/retsinfo/1981/25085
E;Stor vejledning;PERSONBESKATNING 1993   AFSNIT EB - INDKOMSTOPGØRELSE FOR SELVSTÆNDIGE ERHVERVSDRIVENDE;;Skatteministeriet;;;20015;1993;AN008636;E19932P00E02;Retsinformation;;Fremgår af forskriften;19930101;20080205;20080205;;;FALSE;;;;;;;;;https://www.retsinformation.dk/eli/retsinfo/1993/20015
E;Stor vejledning;PERSONBESKATNING 1992   AFSNIT EB - INDKOMSTOPGØRELSE FOR SELVSTÆNDIGE ERHVERVSDRIVENDE;;Skatteministeriet;;;20054;1992;AN008697;E19922P00E02;Retsinformation;;Fremgår af forskriften;19920101;20080205;20080205;;;FALSE;;;;;;;;;https://www.retsinformation.dk/eli/retsinfo/1992/20054
C;Vejledning;Vejledning om naturbeskyttelseslovens § 3-beskyttede naturtyper;;Miljøministeriet;Miljøstyrelsen;MST-020-00099;10226;2019;CK002343;C20191022660;Retsinformation;;Fremgår af forskriften;20191219;20191221;20191221;;;FALSE;;;;;A20210198629;;;;https://www.retsinformation.dk/eli/retsinfo/2019/10226
E;Stor vejledning;PERSONBESKATNING 1995   AFSNIT EB - INDKOMSTOPGØRELSE FOR SELVSTÆNDIGE ERHVERVSDRIVENDE;;Skatteministeriet;;;20040;1995;AN006945;E19952P00E02;Retsinformation;;Fremgår af forskriften;19950101;20080205;20080205;;;FALSE;;;;;;;;;https://www.retsinformation.dk/eli/retsinfo/1995/20040
E;Stor vejledning;PERSONBESKATNING 1994   AFSNIT EB - INDKOMSTOPGØRELSE FOR SELVSTÆNDIGE ERHVERVSDRIVENDE;;Skatteministeriet;;;20041;1994;AN008912;E19942P00E02;Retsinformation;;Fremgår af forskriften;19940101;20080205;20080205;;;FALSE;;;;;;;;;https://www.retsinformation.dk/eli/retsinfo/1994/20041
E;Stor vejledning;PERSONBESKATNING 1997   AFSNIT EB -INDKOMSTOPGØRELSE FOR SELVSTÆNDIGT ERHVERVSDRIVENDE;;Skatteministeriet;;;20011;1997;AN008927;E19972P00E02;Retsinformation;;Fremgår af forskriften;19970101;20080205;20080205;;;FALSE;;;;;;;;;https://www.retsinformation.dk/eli/retsinfo/1997/20011
E;Stor vejledning;PERSONBESKATNING 1996   AFSNIT EB - INDKOMSTOPGØRELSE FOR SELVSTÆNDIGE ERHVERVSDRIVENDE;;Skatteministeriet;;;20058;1996;AN008742;E19962P00E02;Retsinformation;;Fremgår af forskriften;19960101;20080205;20080205;;;FALSE;;;;;;;;;https://www.retsinformation.dk/eli/retsinfo/1996/20058
C;Vejledning;Vejledning om foder og fodervirksomheder (Fodervejledningen);Fodervejledningen;Ministeriet for Fødevarer, Landbrug og Fiskeri;Fødevarestyrelsen;Ministeriet for Fødevarer, Landbrug og Fiskeri.,\nFødevarestyrelsen, j.nr. 2021-15-33-00192;9067;2022;DC000476;C20220906760;Retsinformation;;Fremgår af forskriften;20220127;20220128;20220128;;;FALSE;;;;;B20210222705;;;;https://www.retsinformation.dk/eli/retsinfo/2022/9067
E;Stor vejledning;PERSONBESKATNING 1991   AFSNIT EB - INDKOMSTOPGØRELSE FOR SELVSTÆNDIGE ERHVERVSDRIVENDE;;Skatteministeriet;;;20038;1991;AN007071;E19912P00E02;Retsinformation;;Fremgår af forskriften;19910101;20080205;20080205;;;FALSE;;;;;;;;;https://www.retsinformation.dk/eli/retsinfo/1991/20038
E;Stor vejledning;PERSONBESKATNING 1986   AFSNIT PL - INDKOMSTOPGØRELSEN FOR SELVSTÆNDIGE ERHVERVSDRIVENDE;;Skatteministeriet;;;20044;1986;AN008606;E19862P00012;Retsinformation;;Fremgår af forskriften;19860101;20080205;20080205;;;FALSE;;;;;;;;;https://www.retsinformation.dk/eli/retsinfo/1986/20044
E;Stor vejledning;PERSONBESKATNING 1991   AFSNIT AB - PERSONLIG INDKOMST OG SKATTEFRI REJSE- OG   BEFORDRINGSGODTGØRELSER;;Skatteministeriet;;;20015;1991;AN008753;E19912P00A02;Retsinformation;;Fremgår af forskriften;19910101;20080205;20080205;;;FALSE;;;;;;;;;https://www.retsinformation.dk/eli/retsinfo/1991/20015
C;Vejledning;Vejledning om lovkvalitet;;Justitsministeriet;;Justitsmin., j.nr. 2018-7700-0046;9539;2018;AA010750;C20180953960;Retsinformation;;Fremgår af forskriften;20180626;20180705;20201215;;;FALSE;;;;;;;;;https://www.retsinformation.dk/eli/retsinfo/2018/9539
E;Stor vejledning;PERSONBESKATNING 1993   AFSNIT AB - PERSONLIG INDKOMST, FRATRÆDELSESGODTGØRELSE MV. OG SKATTEFRI   REJSE- OG BEFORDRINGSGODTGØRELSE;;Skatteministeriet;;;20028;1993;AN007007;E19932P00A02;Retsinformation;;Fremgår af forskriften;19930101;20080205;20080205;;;FALSE;;;;;;;;;https://www.retsinformation.dk/eli/retsinfo/1993/20028
E;Stor vejledning;PERSONBESKATNING 1992   AFSNIT AB - PERSONLIG INDKOMST OG SKATTEFRI REJSE- OG   BEFORDRINGSGODTGØRELSE;;Skatteministeriet;;;20002;1992;AN007042;E19922P00A02;Retsinformation;;Fremgår af forskriften;19920101;20080205;20080205;;;FALSE;;;;;;;;;https://www.retsinformation.dk/eli/retsinfo/1992/20002
E;Stor vejledning;PERSONBESKATNING 1994   AFSNIT AB - PERSONLIG INDKOMST, FRATRÆDELSESGODTGØRELSE MV. OG SKATTEFRI   REJSE- OG BEFORDRINGSGODTGØRELSE;;Skatteministeriet;;;20002;1994;AN006975;E19942P00A02;Retsinformation;;Fremgår af forskriften;19940101;20080205;20080205;;;FALSE;;;;;;;;;https://www.retsinformation.dk/eli/retsinfo/1994/20002
E;Stor vejledning;MOMSVEJLEDNING 2002  AFSNIT J FRADRAG;;Skatteministeriet;;;20027;2002;AN007951;E20026MV0010;Retsinformation;;Fremgår af forskriften;20020101;20080205;20080205;;;FALSE;;;;;;;;;https://www.retsinformation.dk/eli/retsinfo/2002/20027
E;Stor vejledning;VURDERINGSVEJLEDNING 2006  B EJENDOMSVÆRDIEN;;Skatteministeriet;;;20004;2006;AN008118;E20066VU0002;Retsinformation;;Fremgår af forskriften;20060101;20080205;20080205;;;FALSE;;;;;;;;;https://www.retsinformation.dk/eli/retsinfo/2006/20004
E;Stor vejledning;VURDERINGSVEJLEDNING 2007  B EJENDOMSVÆRDIEN;;Skatteministeriet;;;20029;2007;AN008012;E20076VU0002;Retsinformation;;Fremgår af forskriften;20070101;20080205;20080205;;;FALSE;;;;;;;;;https://www.retsinformation.dk/eli/retsinfo/2007/20029
E;Stor vejledning;PERSONBESKATNING 1987   AFSNIT PL - INDKOMSTOPGØRELSEN FOR SELVSTÆNDIGE ERHVERVSDRIVENDE;;Skatteministeriet;;;20013;1987;AN008462;E19872P00012;Retsinformation;;Fremgår af forskriften;19870101;20080205;20080205;;;FALSE;;;;;;;;;https://www.retsinformation.dk/eli/retsinfo/1987/20013
E;Stor vejledning;PERSONBESKATNING 1990   AFSNIT PD - INDKOMSTOPGØRELSEN FOR LØNMODTAGERE;;Skatteministeriet;;;20095;1990;AN009010;E19902P00004;Retsinformation;;Fremgår af forskriften;19900101;20080205;20080205;;;FALSE;;;;;;;;;https://www.retsinformation.dk/eli/retsinfo/1990/20095
E;Stor vejledning;PERSONBESKATNING 1996   AFSNIT AB - PERSONLIG INDKOMST, FRATRÆDELSESGODTGØRELSE MV. OG SKATTEFRI   REJSE- OG BEFORDRINGSGODTGØRELSE;;Skatteministeriet;;;20002;1996;AN006908;E19962P00A02;Retsinformation;;Fremgår af forskriften;19960101;20080205;20080205;;;FALSE;;;;;;;;;https://www.retsinformation.dk/eli/retsinfo/1996/20002
E;Stor vejledning;PERSONBESKATNING 1995   AFSNIT AB - PERSONLIG INDKOMST, FRATRÆDELSESGODTGØRELSE MV. OG SKATTEFRI   REJSE- OG BEFORDRINGSGODTGØRELSE;;Skatteministeriet;;;20028;1995;AN008794;E19952P00A02;Retsinformation;;Fremgår af forskriften;19950101;20080205;20080205;;;FALSE;;;;;;;;;https://www.retsinformation.dk/eli/retsinfo/1995/20028
E;Stor vejledning;PERSONBESKATNING 1984   AFSNIT PL - INDKOMSTOPGØRELSEN FOR SELVSTÆNDIGE ERHVERVSDRIVENDE;;Skatteministeriet;;;20003;1984;AN007344;E19842P00012;Retsinformation;;Fremgår af forskriften;19840101;20080205;20080205;;;FALSE;;;;;;;;;https://www.retsinformation.dk/eli/retsinfo/1984/20003
E;Stor vejledning;PERSONBESKATNING 1985   AFSNIT PL - INDKOMSTOPGØRELSEN FOR SELVSTÆNDIGE ERHVERVSDRIVENDE;;Skatteministeriet;;;20010;1985;AN008343;E19852P00012;Retsinformation;;Fremgår af forskriften;19850101;20080205;20080205;;;FALSE;;;;;;;;;https://www.retsinformation.dk/eli/retsinfo/1985/20010
E;Stor vejledning;PERSONBESKATNING 1988   AFSNIT PL - INDKOMSTOPGØRELSEN FOR SELVSTÆNDIGE ERHVERVSDRIVENDE;;Skatteministeriet;;;20062;1988;AN008707;E19882P00012;Retsinformation;;Fremgår af forskriften;19880101;20080205;20080205;;;FALSE;;;;;;;;;https://www.retsinformation.dk/eli/retsinfo/1988/20062
E;Stor vejledning;PERSONBESKATNING 1989   AFSNIT PD - INDKOMSTOPGØRELSEN FOR LØNMODTAGERE;;Skatteministeriet;;;20017;1989;AN008617;E19892P00004;Retsinformation;;Fremgår af forskriften;19890101;20080205;20080205;;;FALSE;;;;;;;;;https://www.retsinformation.dk/eli/retsinfo/1989/20017
E;Stor vejledning;"TOLDVEJLEDNING; TOLDBEHANDLING 2006  D.1 TOLDKONTROL OG TOLDBEHANDLING AF TRAFIKMIDLER OG PERSONER";;Skatteministeriet;;;20001;2006;AN008115;E20066TT0007;Retsinformation;;Fremgår af forskriften;20060101;20080205;20080205;;;FALSE;;;;;;;;;https://www.retsinformation.dk/eli/retsinfo/2006/20001
E;Stor vejledning;MOMSVEJLEDNING 2003  AFSNIT J FRADRAG;;Skatteministeriet;;;20058;2003;AN007807;E20036MV0010;Retsinformation;;Fremgår af forskriften;20030101;20080205;20080205;;;FALSE;;;;;;;;;https://www.retsinformation.dk/eli/retsinfo/2003/20058
E;Stor vejledning;"TOLDVEJLEDNING; TOLDBEHANDLING 2007  D.1 TOLDKONTROL OG TOLDBEHANDLING AF TRAFIKMIDLER OG PERSONER";;Skatteministeriet;;;20074;2007;AN007733;E20076TT0007;Retsinformation;;Fremgår af forskriften;20070101;20080205;20080205;;;FALSE;;;;;;;;;https://www.retsinformation.dk/eli/retsinfo/2007/20074
E;Stor vejledning;"TOLDVEJLEDNING; TOLDBEHANDLING 2003  D.1 TOLDKONTROL OG TOLDBEHANDLING AF TRAFIKMIDLER OG PERSONER";;Skatteministeriet;;;20085;2003;AN007834;E20036TT0007;Retsinformation;;Fremgår af forskriften;20030101;20080205;20080205;;;FALSE;;;;;;;;;https://www.retsinformation.dk/eli/retsinfo/2003/20085
E;Stor vejledning;PERSONBESKATNING 1988   AFSNIT PD - INDKOMSTOPGØRELSEN FOR LØNMODTAGERE;;Skatteministeriet;;;20054;1988;AN008699;E19882P00004;Retsinformation;;Fremgår af forskriften;19880101;20080205;20080205;;;FALSE;;;;;;;;;https://www.retsinformation.dk/eli/retsinfo/1988/20054
E;Stor vejledning;PERSONBESKATNING 1997   AFSNIT AB - PERSONLIG INDKOMST, FRATRÆDELSESGODTGØRELSE MV. OG SKATTEFRI   REJSE- OG BEFORDRINGSGODTGØRELSE;;Skatteministeriet;;;20067;1997;AN006846;E19972P00A02;Retsinformation;;Fremgår af forskriften;19970101;20080205;20080205;;;FALSE;;;;;;;;;https://www.retsinformation.dk/eli/retsinfo/1997/20067
E;Stor vejledning;PERSONBESKATNING 1990   AFSNIT PL - INDKOMSTOPGØRELSEN FOR SELVSTÆNDIGE ERHVERVSDRIVENDE;;Skatteministeriet;;;20103;1990;AN009018;E19902P00012;Retsinformation;;Fremgår af forskriften;19900101;20080205;20080205;;;FALSE;;;;;;;;;https://www.retsinformation.dk/eli/retsinfo/1990/20103
E;Stor vejledning;PERSONBESKATNING 1989   AFSNIT PL - INDKOMSTOPGØRELSEN FOR SELVSTÆNDIGE ERHVERVSDRIVENDE;;Skatteministeriet;;;20025;1989;AN007157;E19892P00012;Retsinformation;;Fremgår af forskriften;19890101;20080205;20080205;;;FALSE;;;;;;;;;https://www.retsinformation.dk/eli/retsinfo/1989/20025
E;Stor vejledning;PERSONBESKATNING 1985   AFSNIT PD - INDKOMSTOPGØRELSEN FOR LØNMODTAGERE;;Skatteministeriet;;;20034;1985;AN007315;E19852P00004;Retsinformation;;Fremgår af forskriften;19850101;20080205;20080205;;;FALSE;;;;;;;;;https://www.retsinformation.dk/eli/retsinfo/1985/20034
E;Stor vejledning;"TOLDVEJLEDNING; TOLDBEHANDLING 2007  A.1 FORTOLDNING";;Skatteministeriet;;;20071;2007;AN007730;E20076TT0004;Retsinformation;;Fremgår af forskriften;20070101;20080205;20080205;;;FALSE;;;;;;;;;https://www.retsinformation.dk/eli/retsinfo/2007/20071
E;Stor vejledning;"TOLDVEJLEDNING; TOLDBEHANDLING 2003  A.1 FORTOLDNING";;Skatteministeriet;;;20026;2003;AN007940;E20036TT0004;Retsinformation;;Fremgår af forskriften;20030101;20080205;20080205;;;FALSE;;;;;;;;;https://www.retsinformation.dk/eli/retsinfo/2003/20026
E;Stor vejledning;PERSONBESKATNING 1984   AFSNIT PD - INDKOMSTOPGØRELSEN FOR LØNMODTAGERE;;Skatteministeriet;;;20062;1984;AN008394;E19842P00004;Retsinformation;;Fremgår af forskriften;19840101;20080205;20080205;;;FALSE;;;;;;;;;https://www.retsinformation.dk/eli/retsinfo/1984/20062
E;Stor vejledning;PERSONBESKATNING 1986   AFSNIT PD - INDKOMSTOPGØRELSEN FOR LØNMODTAGERE;;Skatteministeriet;;;20036;1986;AN008598;E19862P00004;Retsinformation;;Fremgår af forskriften;19860101;20080205;20080205;;;FALSE;;;;;;;;;https://www.retsinformation.dk/eli/retsinfo/1986/20036
E;Stor vejledning;PERSONBESKATNING 1987   AFSNIT PD - INDKOMSTOPGØRELSEN FOR LØNMODTAGERE;;Skatteministeriet;;;20054;1987;AN007223;E19872P00004;Retsinformation;;Fremgår af forskriften;19870101;20080205;20080205;;;FALSE;;;;;;;;;https://www.retsinformation.dk/eli/retsinfo/1987/20054
E;Stor vejledning;"TOLDVEJLEDNING; TOLDBEHANDLING 2006  A.1 FORTOLDNING";;Skatteministeriet;;;20068;2006;AN007773;E20066TT0004;Retsinformation;;Fremgår af forskriften;20060101;20080205;20080205;;;FALSE;;;;;;;;;https://www.retsinformation.dk/eli/retsinfo/2006/20068
E;Stor vejledning;STEMPELAFGIFTSVEJLEDNING 1995   SPECIEL DEL;;Skatteministeriet;;;20067;1995;AN006972;E19959W00002;Retsinformation;;Fremgår af forskriften;19950101;20080205;20080205;;;FALSE;;;;;;;;;https://www.retsinformation.dk/eli/retsinfo/1995/20067
E;Stor vejledning;INDDRIVELSESVEJLEDNING 2003  A FOREBYGGENDE RESTANCE;;Skatteministeriet;;;20106;2003;AN008190;E20036IV0001;Retsinformation;;Fremgår af forskriften;20030101;20080205;20080205;;;FALSE;;;;;;;;;https://www.retsinformation.dk/eli/retsinfo/2003/20106
E;Stor vejledning;LIGNINGSVEJLEDNING 2000  A. ALMINDELIG DEL;;Skatteministeriet;;;20071;2000;AN007903;E20002P00A01;Retsinformation;;Fremgår af forskriften;20000101;20080205;20080205;;;FALSE;;;;;;;;;https://www.retsinformation.dk/eli/retsinfo/2000/20071
E;Stor vejledning;LIGNINGSVEJLEDNING 2000  E. ERHVERVSDRIVENDE;;Skatteministeriet;;;20072;2000;AN007904;E20002P00E05;Retsinformation;;Fremgår af forskriften;20000101;20080205;20080205;;;FALSE;;;;;;;;;https://www.retsinformation.dk/eli/retsinfo/2000/20072
E;Stor vejledning;LIGNINGSVEJLEDNING 1998  E. ERHVERVSDRIVENDE;;Skatteministeriet;;;20067;1998;AN008851;E19982P00E08;Retsinformation;;Fremgår af forskriften;19980101;20080205;20080205;;;FALSE;;;;;;;;;https://www.retsinformation.dk/eli/retsinfo/1998/20067
E;Stor vejledning;"LIGNINGSVEJLEDNING 2003  LIGNINGSVEJLEDNINGEN; ERHVERVSDRIVENDE 2003 - 2";;Skatteministeriet;;;20110;2003;AN008126;E20032P00E04;Retsinformation;;Fremgår af forskriften;20030101;20080205;20080205;;;FALSE;;;;;;;;;https://www.retsinformation.dk/eli/retsinfo/2003/20110
E;Stor vejledning;"LIGNINGSVEJLEDNING 2007  LIGNINGSVEJLEDNINGEN; ERHVERVSDRIVENDE 2007-3";;Skatteministeriet;;;20077;2007;AN008431;E20072P00E04;Retsinformation;;Fremgår af forskriften;20070101;20080205;20080205;;;FALSE;;;;;;;;;https://www.retsinformation.dk/eli/retsinfo/2007/20077
E;Stor vejledning;"LIGNINGSVEJLEDNING 2006  LIGNINGSVEJLEDNINGEN; ERHVERVSDRIVENDE 2006-4";;Skatteministeriet;;;20011;2006;AN008019;E20062P00E04;Retsinformation;;Fremgår af forskriften;20060101;20080205;20080205;;;FALSE;;;;;;;;;https://www.retsinformation.dk/eli/retsinfo/2006/20011
E;Stor vejledning;INDDRIVELSESVEJLEDNING 2007  OVERSIGTER;;Skatteministeriet;;;20082;2007;AN008436;E20075O00IDV;Retsinformation;;Fremgår af forskriften;20070101;20080205;20080205;;;FALSE;;;;;;;;;https://www.retsinformation.dk/eli/retsinfo/2007/20082
E;Stor vejledning;MOMSVEJLEDNING 2006  OVERSIGTER;;Skatteministeriet;;;20032;2006;AN007737;E20065O00MVL;Retsinformation;;Fremgår af forskriften;20060101;20080205;20080205;;;FALSE;;;;;;;;;https://www.retsinformation.dk/eli/retsinfo/2006/20032
E;Stor vejledning;LIGNINGSVEJLEDNING 1999  E. ERHVERVSDRIVENDE;;Skatteministeriet;;;20027;1999;AN009077;E19992P00E05;Retsinformation;;Fremgår af forskriften;19990101;20080205;20080205;;;FALSE;;;;;;;;;https://www.retsinformation.dk/eli/retsinfo/1999/20027
E;Stor vejledning;MOMSVEJLEDNING 2007  OVERSIGTER;;Skatteministeriet;;;20036;2007;AN007695;E20075O00MVL;Retsinformation;;Fremgår af forskriften;20070101;20080205;20080205;;;FALSE;;;;;;;;;https://www.retsinformation.dk/eli/retsinfo/2007/20036
E;Stor vejledning;INDDRIVELSESVEJLEDNING 2006  OVERSIGTER;;Skatteministeriet;;;20016;2006;AN008024;E20065O00IDV;Retsinformation;;Fremgår af forskriften;20060101;20080205;20080205;;;FALSE;;;;;;;;;https://www.retsinformation.dk/eli/retsinfo/2006/20016
E;Stor vejledning;LIGNINGSVEJLEDNING 1998  A. ALMINDELIG DEL;;Skatteministeriet;;;20066;1998;AN008850;E19982P00A04;Retsinformation;;Fremgår af forskriften;19980101;20080205;20080205;;;FALSE;;;;;;;;;https://www.retsinformation.dk/eli/retsinfo/1998/20066
E;Stor vejledning;LIGNINGSVEJLEDNING 1999  A. ALMINDELIG DEL;;Skatteministeriet;;;20026;1999;AN009076;E19992P00A01;Retsinformation;;Fremgår af forskriften;19990101;20080205;20080205;;;FALSE;;;;;;;;;https://www.retsinformation.dk/eli/retsinfo/1999/20026
E;Stor vejledning;"LIGNINGSVEJLEDNING 2003  LIGNINGSVEJLEDNINGEN; ALMINDELIG DEL 2003 - 2";;Skatteministeriet;;;20109;2003;AN008125;E20032P00A01;Retsinformation;;Fremgår af forskriften;20030101;20080205;20080205;;;FALSE;;;;;;;;;https://www.retsinformation.dk/eli/retsinfo/2003/20109
E;Stor vejledning;"LIGNINGSVEJLEDNING 2006  LIGNINGSVEJLEDNINGEN; ALMINDELIG DEL 2006-4";;Skatteministeriet;;;20010;2006;AN008018;E20062P00A01;Retsinformation;;Fremgår af forskriften;20060101;20080205;20080205;;;FALSE;;;;;;;;;https://www.retsinformation.dk/eli/retsinfo/2006/20010
E;Stor vejledning;"LIGNINGSVEJLEDNING 2007  LIGNINGSVEJLEDNINGEN; ALMINDELIG DEL 2007-3";;Skatteministeriet;;;20076;2007;AN008430;E20072P00A01;Retsinformation;;Fremgår af forskriften;20070101;20080205;20080205;;;FALSE;;;;;;;;;https://www.retsinformation.dk/eli/retsinfo/2007/20076
E;Stor vejledning;LIGNINGSVEJLEDNING 1999  S. SELSKABER OG AKTIONÆRER;;Skatteministeriet;;;20028;1999;AN009078;E19993S00006;Retsinformation;;Fremgår af forskriften;19990101;20080205;20080205;;;FALSE;;;;;;;;;https://www.retsinformation.dk/eli/retsinfo/1999/20028
E;Stor vejledning;LIGNINGSVEJLEDNING 2000  S. SELSKABER OG AKTIONÆRER;;Skatteministeriet;;;20073;2000;AN007905;E20003S00006;Retsinformation;;Fremgår af forskriften;20000101;20080205;20080205;;;FALSE;;;;;;;;;https://www.retsinformation.dk/eli/retsinfo/2000/20073
E;Stor vejledning;"LIGNINGSVEJLEDNING 2003  LIGNINGSVEJLEDNINGEN; SELSKABER OG AKTIONÆRER 2003 - 2";;Skatteministeriet;;;20111;2003;AN008127;E20033S00005;Retsinformation;;Fremgår af forskriften;20030101;20080205;20080205;;;FALSE;;;;;;;;;https://www.retsinformation.dk/eli/retsinfo/2003/20111
E;Stor vejledning;"LIGNINGSVEJLEDNING 2006  LIGNINGSVEJLEDNINGEN; SELSKABER OG AKTIONÆRER 2006-4";;Skatteministeriet;;;20012;2006;AN008020;E20063S00005;Retsinformation;;Fremgår af forskriften;20060101;20080205;20080205;;;FALSE;;;;;;;;;https://www.retsinformation.dk/eli/retsinfo/2006/20012
E;Stor vejledning;"LIGNINGSVEJLEDNING 2007  LIGNINGSVEJLEDNINGEN; SELSKABER OG AKTIONÆRER 2007-3";;Skatteministeriet;;;20078;2007;AN008432;E20073S00005;Retsinformation;;Fremgår af forskriften;20070101;20080205;20080205;;;FALSE;;;;;;;;;https://www.retsinformation.dk/eli/retsinfo/2007/20078
